categoria,marca,modelo,motor,versao,transmissao,ar_condicionado,direcao,combustivel,km_etanol_cidade,km_etanol_estrada,km_gasolina_cidade,km_gasolina_estrada,ano
"SUB
COMPACTO",CAOA CHERY,New QQ,1.0­12V,Look,M­5,S,H,F,"8,9","9,9","12,9","14,4",2020
"SUB
COMPACTO",CAOA CHERY,New QQ,1.0­12V,Look Plus,M­5,S,H,F,"8,9","9,9","12,9","14,4",2020
"SUB
COMPACTO",CAOA CHERY,New QQ,1.0­12V,Smile,M­5,S,H,F,"8,9","9,9","12,9","14,4",2020
"SUB
COMPACTO",CAOA CHERY,New QQ,1.0­12V,Smile Plus,M­5,S,H,F,"8,9","9,9","12,9","14,4",2020
"SUB
COMPACTO",CAOA CHERY,New QQ,1.0­12V,Act,M­5,S,H,F,"8,9","9,9","12,9","14,4",2020
"SUB
COMPACTO",CAOA CHERY,New QQ,1.0­12V,ACT Plus,M­5,S,H,F,"8,9","9,9","12,9","14,4",2020
"SUB
COMPACTO",FIAT,Mobi,1.0­6V,Drive,M­5,S,H,F,"9,7","11,5","13,8","16,4",2020
"SUB
COMPACTO",FIAT,Mobi,1.0­8V,Drive GSR,M­5,S,H,F,"9,5","11,3","13,7","15,9",2020
"SUB
COMPACTO",FIAT,Mobi,1.0­8V,Easy,M­5,N,H,F,"9,2","10,2","13,5","15,2",2020
"SUB
COMPACTO",FIAT,Mobi,1.0­8V,Like,M­5,S,H,F,"8,8","9,9","12,7","14,3",2020
"SUB
COMPACTO",FIAT,Mobi,1.0­8V,Way,M­5,S,H,F,"8,7","9,7","12,6","14,2",2020
"SUB
COMPACTO",FIAT,Mobi,1.0­8V,Easy,M­5,S,H,F,"8,8","9,9","12,7","14,3",2020
"SUB
COMPACTO",FIAT,Novo Uno,1.0­6V,Drive,M­5,S,E,F,"9,1","10,6","13,2","15,2",2020
"SUB
COMPACTO",FIAT,Novo Uno,1.0­8V,Attractive,M­5,S,H,F,"8,0","9,4","11,6","13,4",2020
"SUB
COMPACTO",FIAT,Novo Uno,1.0­6V,Way,M­5,S,E,F,"9,1","10,6","13,2","15,2",2020
"SUB
COMPACTO",RENAULT,Twizy,Elétrico,Intense,A,N,M,E,\,\,"58,4","47,1",2020
"SUB
COMPACTO",VW,up!,1.0­12V,MPI,M­5,S,E,F,"9,6","10,6","14,2","15,3",2020
"SUB
COMPACTO",VW,up! TSI,1.0­12V,Connect 170TSI,M­5,S,E,F,"9,6","11,1","14,1","16,0",2020
"SUB
COMPACTO",VW,up! TSI,1.0­12V,Xtreme 170TSI,M­5,S,E,F,"9,5","10,4","13,7","14,7",2020
COMPACTO,MINI,Cooper,1.5­12v,5P,DCT­7,S,E­H,G,\,\,"12,1","13,5",2020
COMPACTO,MINI,Cooper,2.0­16v,S 5P,DCT­7,S,E­H,G,\,\,"11,6","14,3",2020
COMPACTO,NISSAN,New March,1.0­12V,Conforto,M­5,S,E,F,"8,8","10,4","12,9","15,0",2020
COMPACTO,NISSAN,New March,1.0­12V,S,M­5,S,E,F,"8,8","10,4","12,9","15,0",2020
COMPACTO,NISSAN,New March,1.0­12V,SV,M­5,S,E,F,"8,8","10,4","12,9","15,0",2020
COMPACTO,NISSAN,New March,1.6­16V,S,M­5,S,E,F,"8,5","9,9","12,6","14,4",2020
COMPACTO,NISSAN,New March,1.6­16V,SV,M­5,S,E,F,"8,5","9,9","12,6","14,4",2020
COMPACTO,NISSAN,New March,1.6­16V,SL,M­5,S,E,F,"8,5","9,9","12,6","14,4",2020
COMPACTO,NISSAN,New March,1.6­16V,SV,CVT,S,E,F,"7,8","9,8","11,7","14,5",2020
COMPACTO,NISSAN,New March,1.6­16V,SL,CVT,S,E,F,"7,8","9,8","11,7","14,5",2020
COMPACTO,NISSAN,New March,1.6­16V,Sedit,CVT,S,E,F,"7,8","9,8","11,7","14,5",2020
COMPACTO,FORD,Ka Hatch,1.0­12V,S,M­5,S,E,F,"9,3","10,8","13,3","15,6",2020
COMPACTO,FORD,Ka Hatch,1.0­12V,SE,M­5,S,E,F,"9,3","10,8","13,3","15,6",2020
COMPACTO,FORD,Ka Hatch,1.0­12V,SE Plus,M­5,S,E,F,"9,3","10,8","13,3","15,6",2020
COMPACTO,FORD,Ka Hatch,1.0­12V,FreeStyle,M­5,S,E,F,"9,1","10,4","13,0","15,1",2020
COMPACTO,FORD,Ka Hatch,1.5­12V,SE,M­5,S,E,F,"8,8","10,5","12,4","14,8",2020
COMPACTO,FORD,Ka Hatch,1.5­12V,SE Plus,M­5,S,E,F,"8,8","10,5","12,4","14,8",2020
COMPACTO,FORD,Ka Hatch,1.5­12V,SE,A­6,S,E,F,"8,4","9,9","11,7","14,5",2020
COMPACTO,FORD,Ka Hatch,1.5­12V,SE Plus,A­6,S,E,F,"8,4","9,9","11,7","14,5",2020
COMPACTO,FORD,Ka Hatch,1.5­12V,Titanium,A­6,S,E,F,"8,4","9,9","11,7","14,5",2020
COMPACTO,FORD,Ka Hatch,1.5­12V,FreeStyle,A­6,S,E,F,"7,5","9,4","10,7","13,5",2020
COMPACTO,HONDA,Fit,1.5­16V,DX,M­5,S,E,F,"8,3","9,5","11,6","13,6",2020
COMPACTO,HONDA,Fit,1.5­16V,LX,M­5,S,E,F,"8,3","9,5","11,6","13,6",2020
COMPACTO,HONDA,Fit,1.5­16V,DX,CVT,S,E,F,"8,3","9,9","12,3","14,1",2020
COMPACTO,HONDA,Fit,1.5­16V,LX,CVT,S,E,F,"8,3","9,9","12,3","14,1",2020
COMPACTO,HONDA,Fit,1.5­16V,EX,CVT,S,E,F,"8,3","9,9","12,3","14,1",2020
COMPACTO,HONDA,Fit,1.5­16V,EXL,CVT,S,E,F,"8,3","9,9","12,3","14,1",2020
COMPACTO,HONDA,Fit,1.5­16V,Personal,CVT,S,E,F,"8,3","9,9","12,3","14,1",2020
COMPACTO,PEUGEOT,208,1.2­12V,Active Pack,M­5,S,E,F,"9,6","10,7","13,9","15,5",2020
COMPACTO,PEUGEOT,208,1.2­12V,Active,M­5,S,E,F,"9,6","10,7","13,9","15,5",2020
COMPACTO,PEUGEOT,208,1.2­12V,Allure,M­5,S,E,F,"9,6","10,7","13,9","15,5",2020
COMPACTO,PEUGEOT,208,1.6­16V,Griffe,A­6,S,E,F,"7,7","9,3","11,0","13,2",2020
COMPACTO,PEUGEOT,208,1.6­16V,Allure,A­6,S,E,F,"7,7","9,3","11,0","13,2",2020
COMPACTO,TOYOTA,Etios Hatchback,1.3­16V,X STD,M­6,S,E,F,"8,6","9,8","12,6","14,2",2020
COMPACTO,TOYOTA,Etios Hatchback,1.3­16V,X VSC,M­6,S,E,F,"8,6","9,8","12,6","14,2",2020
COMPACTO,TOYOTA,Etios Hatchback,1.3­16V,X VSC,A­4,S,E,F,"8,2","9,2","11,8","13,3",2020
COMPACTO,TOYOTA,Etios Hatchback,1.5­16V,X Plus,M­6,S,E,F,"8,3","9,8","12,4","14,1",2020
COMPACTO,TOYOTA,Etios Hatchback,1.5­16V,X Plus,A­4,S,E,F,"8,1","9,2","11,9","13,2",2020
COMPACTO,FIAT,Argo,1.0­6V,Drive,M­5,S,E,F,"9,3","10,0","13,2","14,2",2020
COMPACTO,FIAT,Argo,1.0­6V,"Drive (Stop &
Start)",M­5,S,E,F,"9,8","10,3","14,2","14,5",2020
COMPACTO,FIAT,Argo,1.3­8V,Drive,M­5,S,E,F,"8,9","10,4","12,5","14,7",2020
COMPACTO,FIAT,Argo,1.3­8V,"Drive (Stop &
Start)",M­5,S,E,F,"9,4","10,5","13,4","15,0",2020
COMPACTO,FIAT,Argo,1.3­8V,Drive,MTA­5,S,E,F,"8,5","10,0","12,2","14,1",2020
COMPACTO,FIAT,Argo,1.3­8V,"Drive (Stop &
Start)",MTA­5,S,E,F,"9,1","10,1","13,0","14,3",2020
COMPACTO,FIAT,Argo,1.8­16V,Precision,A­6,S,E,F,"6,9","9,2","9,7","12,8",2020
COMPACTO,FIAT,Argo,1.8­16V,"Precision (Stop
& Start)",A­6,S,E,F,"7,2","9,3","10,4","12,9",2020
COMPACTO,FIAT,Argo,1.8­16V,HGT,A­6,S,E,F,"6,9","9,2","9,7","12,8",2020
COMPACTO,FIAT,Argo,1.8­16V,"HGT (Stop &
Start)",A­6,S,E,F,"7,2","9,3","10,4","12,9",2020
COMPACTO,RENAULT,Sandero,1.0­12V,Authentique,M­5,S,E­H,F,"9,5","9,6","14,2","14,1",2020
COMPACTO,RENAULT,Sandero,1.0­12V,Expression,M­5,S,E­H,F,"9,5","9,6","14,2","14,1",2020
COMPACTO,RENAULT,Sandero,1.6­16V,Dynamique,M­5,S,E­H,F,"8,6","9,2","12,8","13,4",2020
COMPACTO,RENAULT,Sandero,1.6­16V,Expression,M­5,S,E­H,F,"8,6","9,2","12,8","13,4",2020
COMPACTO,RENAULT,Sandero,1.6­16V,Expression,MTA­5,S,E­H,F,"8,1","8,8","11,8","12,8",2020
COMPACTO,RENAULT,Sandero,1.6­16V,Dynamique,MTA­5,S,E­H,F,"8,1","8,8","11,8","12,8",2020
COMPACTO,RENAULT,Sandero,1.6­16V,GT Line,M­5,S,E­H,F,"8,4","8,9","12,5","13,0",2020
COMPACTO,RENAULT,Sandero RS,2.0­16V,RS,M­6,S,E­H,F,"6,9","7,7","9,9","11,1",2020
COMPACTO,HYUNDAI,HB20,1.0­12V Turbo,Evolution,A­6,S,E,F,"8,2","10,2","11,8","14,2",2020
COMPACTO,HYUNDAI,HB20,1.0­12V Turbo,Diamond,A­6,S,E,F,"8,6","10,3","12,2","13,9",2020
COMPACTO,HYUNDAI,HB20,1.6­16V,Vision,M­6,S,E,F,"8,6","10,3","12,5","14,7",2020
COMPACTO,HYUNDAI,HB20,1.6­16V,Evolution,M­6,S,E,F,"8,6","10,3","12,5","14,7",2020
COMPACTO,HYUNDAI,HB20,1.6­16V,Vision,A­6,S,E,F,"7,8","9,8","11,5","13,9",2020
COMPACTO,HYUNDAI,HB20,1.6­16V,Evolution,A­6,S,E,F,"7,8","9,8","11,5","13,9",2020
COMPACTO,HYUNDAI,HB20,1.0­12V,Sense,M­5,S,E,F,"9,1","10,1","12,8","14,6",2020
COMPACTO,HYUNDAI,HB20,1.0­12V,Vision,M­5,S,E,F,"9,1","10,1","12,8","14,6",2020
COMPACTO,Hyundai,HB20,1.0­12V Turbo,Sport,A­6,S,E,F,"8,2","10,4","11,7","14,0",2020
COMPACTO,CHEVROLET,Onix Joy,1.0­8V,Joy,M­6,S,E,F,"8,8","10,3","12,8","14,7",2020
COMPACTO,CHEVROLET,Onix Joy,1.0­8V,Joy Black,M­6,S,E,F,"8,8","10,3","12,8","14,7",2020
COMPACTO,VW,Fox,1.6­8V,Connect,M­5,S,E,F,"7,8","9,7","11,6","13,9",2020
COMPACTO,VW,Fox,1.6­8V,Xtreme,M­5,S,E,F,"7,7","9,2","11,3","13,3",2020
COMPACTO,VW,Gol,1.0­12V,(roda aro 14),M­5,S,H,F,"9,1","10,1","13,3","14,4",2020
COMPACTO,VW,Gol,1.0­12V,(roda aro 15),M­5,S,H,F,"9,0","9,9","12,9","14,2",2020
COMPACTO,VW,Gol,1.6­8V,Patrulheiro,M­5,S,H,F,"7,7","9,0","11,2","13,0",2020
COMPACTO,VW,Gol,1.6­16V,MSI,A­6,S,H,F,"7,7","9,6","11,1","13,6",2020
MÉDIO,NISSAN,New Versa,1.0­12V,Conforto,M­5,S,E,F,"8,8","10,5","12,9","15,3",2020
MÉDIO,NISSAN,New Versa,1.0­12V,S,M­5,S,E,F,"8,8","10,5","12,9","15,3",2020
MÉDIO,NISSAN,New Versa,1.6­16V,S,M­5,S,E,F,"8,4","10,0","12,6","14,4",2020
MÉDIO,NISSAN,New Versa,1.6­16V,SV,M­5,S,E,F,"8,4","10,0","12,6","14,4",2020
MÉDIO,NISSAN,New Versa,1.6­16V,SL,M­5,S,E,F,"8,4","10,0","12,6","14,4",2020
MÉDIO,NISSAN,New Versa,1.6­16V,SV,CVT,S,E,F,"7,8","10,0","11,6","14,1",2020
MÉDIO,NISSAN,New Versa,1.6­16V,SL,CVT,S,E,F,"7,8","10,0","11,6","14,1",2020
MÉDIO,NISSAN,New Versa,1.6­16V,Unique,CVT,S,E,F,"7,8","10,0","11,6","14,1",2020
MÉDIO,NISSAN,New Versa,1.6­16V,SL DRCT,CVT,S,E,F,"7,8","10,0","11,6","14,1",2020
MÉDIO,NISSAN,New Versa,1.6­16V,Sedit,CVT,S,E,F,"7,8","10,0","11,6","14,1",2020
MÉDIO,BMW,i3,647 ­ 8V,120 REX,A­1,S,E,G,\,\,"42,6","41,9",2020
MÉDIO,FORD,Ka Sedan,1.0­12V,SE,M­5,S,E,F,"9,3","10,8","13,3","15,6",2020
MÉDIO,FORD,Ka Sedan,1.0­12V,SE Plus,M­5,S,E,F,"9,3","10,8","13,3","15,6",2020
MÉDIO,FORD,Ka Sedan,1.5­12V,SE,M­5,S,E,F,"8,8","10,5","12,4","14,8",2020
MÉDIO,FORD,Ka Sedan,1.5­12V,SE Plus,M­5,S,E,F,"8,8","10,5","12,4","14,8",2020
MÉDIO,FORD,Ka Sedan,1.5­12V,SE,A­6,S,E,F,"8,4","9,9","11,7","14,5",2020
MÉDIO,FORD,Ka Sedan,1.5­12V,SE Plus,A­6,S,E,F,"8,4","9,9","11,7","14,5",2020
MÉDIO,FORD,Ka Sedan,1.5­12V,SEL,A­6,S,E,F,"8,4","9,9","11,7","14,5",2020
MÉDIO,FORD,Ka Sedan,1.5­12V,Titanium,A­6,S,E,F,"8,4","9,9","11,7","14,5",2020
MÉDIO,HYUNDAI,HB20S,1.0­12V Turbo,Diamond,A­6,S,E,F,"8,0","10,8","12,1","15,3",2020
MÉDIO,HYUNDAI,HB20S,1.0­12V Turbo ISG,Diamond FE,A­6,S,E,F,"8,8","11,0","12,7","15,7",2020
MÉDIO,HYUNDAI,HB20S,1.6­16V,Vision,M­6,S,E,F,"8,5","10,5","12,6","15,1",2020
MÉDIO,HYUNDAI,HB20S,1.6­16V,Vision,A­6,S,E,F,"8,1","10,4","11,5","14,9",2020
MÉDIO,HYUNDAI,HB20S,1.0­12V,Vision,M­5,S,E,F,"9,5","10,6","12,8","14,7",2020
MÉDIO,HYUNDAI,HB20S,1.0­12V,Evolution,M­5,S,E,F,"9,5","10,6","12,8","14,7",2020
MÉDIO,KIA,Rio,1.6­16V,EX,A­6,S,E,F,"7,2","9,3","10,5","13,4",2020
MÉDIO,KIA,Rio,1.6­16V,LX,A­6,S,E,F,"7,2","9,3","10,5","13,4",2020
MÉDIO,AUDI,A3 Sportback,1.4­16V,Prestige Plus,DCT­7,S,E,G,\,\,"11,6","14,4",2020
MÉDIO,HONDA,City,1.5­16V,DX,M­5,S,E,F,"8,6","10,3","12,4","14,6",2020
MÉDIO,HONDA,City,1.5­16V,DX,CVT,S,E,F,"8,5","10,3","12,3","14,5",2020
MÉDIO,HONDA,City,1.5­16V,LX,CVT,S,E,F,"8,5","10,3","12,3","14,5",2020
MÉDIO,HONDA,City,1.5­16V,EX,CVT,S,E,F,"8,5","10,3","12,3","14,5",2020
MÉDIO,HONDA,City,1.5­16V,EXL,CVT,S,E,F,"8,5","10,3","12,3","14,5",2020
MÉDIO,HONDA,City,1.5­16V,Personal,CVT,S,E,F,"8,5","10,3","12,3","14,5",2020
MÉDIO,HONDA,HR­V,1.5­16V Turbo,Touring,CVT,S,E,G,\,\,"11,4","12,6",2020
MÉDIO,TOYOTA,Etios Sedã,1.5­16V,X STD,M­6,S,E,F,"8,5","10,3","12,5","15,0",2020
MÉDIO,TOYOTA,Etios Sedã,1.5­16V,X VSC,M­6,S,E,F,"8,5","10,3","12,5","15,0",2020
MÉDIO,TOYOTA,Etios Sedã,1.5­16V,Xplus,M­6,S,E,F,"8,5","10,3","12,5","15,0",2020
MÉDIO,TOYOTA,Etios Sedã,1.5­16V,X VSC,A­4,S,E,F,"8,4","10,4","12,2","14,9",2020
MÉDIO,TOYOTA,Etios Sedã,1.5­16V,Xplus,A­4,S,E,F,"8,4","10,4","12,2","14,9",2020
MÉDIO,TOYOTA,Yaris Hatchback,1.3­16V,XL Llive,M­6,S,E,F,"8,4","10,0","12,1","14,2",2020
MÉDIO,TOYOTA,Yaris Hatchback,1.3­16V,XL Llive,CVT,S,E,F,"9,0","9,9","13,1","14,2",2020
MÉDIO,TOYOTA,Yaris Hatchback,1.5­16V,XS,CVT,S,E,F,"8,8","10,0","12,6","13,8",2020
MÉDIO,TOYOTA,Yaris Hatchback,1.5­16V,PLUS,CVT,S,E,F,"8,8","10,0","12,6","13,8",2020
MÉDIO,TOYOTA,Yaris Hatchback,1.5­16V,XLS,CVT,S,E,F,"8,8","10,0","12,6","13,8",2020
MÉDIO,TOYOTA,Yaris Hatchback,1.5­16V,X WAY,CVT,S,E,F,"8,8","10,0","12,6","13,8",2020
MÉDIO,TOYOTA,Yaris Sedã,1.5­16V,XL Llive,M­6,S,E,F,"8,3","10,1","12,0","14,6",2020
MÉDIO,TOYOTA,Yaris Sedã,1.5­16V,XL Live,CVT,S,E,F,"9,0","10,6","13,0","14,5",2020
MÉDIO,TOYOTA,Yaris Sedã,1.5­16V,XS,CVT,S,E,F,"9,0","10,6","13,0","14,5",2020
MÉDIO,TOYOTA,Yaris Sedã,1.5­16V,Plus,CVT,S,E,F,"9,0","10,6","13,0","14,5",2020
MÉDIO,TOYOTA,Yaris Sedã,1.5­16V,XLS,CVT,S,E,F,"9,0","10,6","13,0","14,5",2020
MÉDIO,TOYOTA,Prius,1.8­16V,NGA,CVT,S,E,G,\,\,"18,9","17,0",2020
MÉDIO,TOYOTA,Prius,1.8­16V,NGA Top,CVT,S,E,G,\,\,"18,9","17,0",2020
MÉDIO,LEXUS,CT200H,1.8­16V,CT200H,CVT,S,E,G,\,\,"15,7","14,2",2020
MÉDIO,LEXUS,CT200H,1.8­16V,F SPORT,CVT,S,E,G,\,\,"15,7","14,2",2020
MÉDIO,FIAT,Cronos,1.3­8V,Drive,M­5,S,E,F,"8,9","10,4","12,5","14,7",2020
MÉDIO,FIAT,Cronos,1.3­8V,"Drive (Stop &
Start)",M­5,S,E,F,"9,2","10,7","13,2","15,0",2020
MÉDIO,FIAT,Cronos,1.8­16V,Drive,M­5,S,E,F,"7,4","9,3","11,0","13,5",2020
MÉDIO,FIAT,Cronos,1.8­16V,"Drive (Stop &
Start)",M­5,S,E,F,"8,0","9,6","11,6","13,8",2020
MÉDIO,FIAT,Cronos,1.3­8V,Drive,MTA­5,S,E,F,"8,6","10,3","12,4","14,4",2020
MÉDIO,FIAT,Cronos,1.3­8V,"Drive (Stop &
Start)",MTA­5,S,E,F,"9,3","11,1","13,0","15,6",2020
MÉDIO,FIAT,Cronos,1.8­16V,Drive,A­6,S,E,F,"6,7","9,3","9,8","13,2",2020
MÉDIO,FIAT,Cronos,1.8­16V,Precision,A­6,S,E,F,"6,7","9,3","9,8","13,2",2020
MÉDIO,FIAT,Cronos,1.8­16V,HGT,A­6,S,E,F,"6,7","9,3","9,8","13,2",2020
MÉDIO,FIAT,Cronos,1.8­16V,"HGT (Stop &
Start)",A­6,S,E,F,"7,2","9,6","10,3","13,3",2020
MÉDIO,FIAT,Grand Siena,1.0­8V,Attractive,M­5,S,H,F,"7,9","9,5","11,2","13,6",2020
MÉDIO,FIAT,Grand Siena,1.4­8V,Attractive,M­5,S,H,F,"7,7","9,4","11,1","13,5",2020
MÉDIO,FIAT,Weekend,1.4­8V,Attractive,M­5,S,H,F,"7,1","8,3","10,4","12,0",2020
MÉDIO,BMW,i3,Elétrico,120Ah BEV,A­1,S,E,E,\,\,"0,0","0,0",2020
MÉDIO,MINI,Countryman,2.0­16V,Cooper S,A­7,S,E­H,G,\,\,"10,7","12,3",2020
MÉDIO,MINI,Countryman,1.5­16V,Cooper,A­7,S,E­H,G,\,\,"11,1","13,0",2020
MÉDIO,MINI,Countryman,2.0­16V,Cooper S ALL4,A­8,S,E­H,G,\,\,"10,0","11,9",2020
MÉDIO,MINI,Clubman,2.0­16V,Cooper S,A­7,S,E­H,G,\,\,"10,6","13,1",2020
MÉDIO,MINI,Clubman ALL4,2.0­16V,JCW,A­8,S,E­H,G,\,\,"9,0","11,5",2020
MÉDIO,MINI,Countryman,1.5 ­ 12V,ALL4 SE,A­6,S,E­H,G,\,\,"22,3","23,6",2020
MÉDIO,MINI,Countryman,2.0­16V,ALL4 JCW,A­8,S,E­H,G,\,\,"8,7","11,0",2020
MÉDIO,RENAULT,Logan,1.6­16V,Dynamique,MTA­5,S,E­H,F,"7,9","9,1","11,8","13,4",2020
MÉDIO,RENAULT,Logan,1.6­16V,Expression,MTA­5,S,E­H,F,"7,9","9,1","11,8","13,4",2020
MÉDIO,RENAULT,Logan,1.0­12V,Authentique,M­5,S,E­H,F,"9,4","10,2","14,0","14,9",2020
MÉDIO,RENAULT,Logan,1.0­12V,Expression,M­5,S,E­H,F,"9,4","10,2","14,0","14,9",2020
MÉDIO,RENAULT,Logan,1.6­16V,Dynamique,M­5,S,E­H,F,"8,7","9,7","13,0","14,1",2020
MÉDIO,RENAULT,Logan,1.6­16V,Expression,M­5,S,E­H,F,"8,7","9,7","13,0","14,1",2020
MÉDIO,RENAULT,Zoe NR,Elétrico,Intens,A,S,E,E,\,\,"35,3","27,5",2020
MÉDIO,RENAULT,Zoe NR,Elétrico,Life,A,S,E,E,\,\,"35,3","27,5",2020
MÉDIO,RENAULT,Zoe LR,Elétrico,Intens LR,A,S,E,E,\,\,"34,9","27,8",2020
MÉDIO,RENAULT,Zoe LR,Elétrico,Life LR,A,S,E,E,\,\,"34,9","27,8",2020
MÉDIO,RENAULT,Zoe LR,Elétrico,ULT LR,A,S,E,E,\,\,"34,9","27,8",2020
MÉDIO,RENAULT,Logan,1.0­12V,Life,M­5,S,E­H,F,"9,0","10,0","13,2","14,1",2020
MÉDIO,RENAULT,Logan,1.0­12V,Zen,M­5,S,E­H,F,"9,0","10,0","13,2","14,1",2020
MÉDIO,RENAULT,Logan,1.6­16V,Zen,M­5,S,E­H,F,"8,3","9,0","11,9","13,1",2020
MÉDIO,RENAULT,Logan ­ P2,1.0­12V,Life,M­5,S,E­H,F,"9,3","10,0","13,6","14,2",2020
MÉDIO,RENAULT,Logan ­ P2,1.0­12V,Zen,M­5,S,E­H,F,"9,3","10,0","13,6","14,2",2020
MÉDIO,CHEVROLET,Cobalt,1.8­8V,LTZ,A­6,S,E,F,"7,5","9,6","10,9","13,6",2020
MÉDIO,CHEVROLET,Cobalt,1.4­8V,LTZ,M­6,S,E,F,"8,5","10,4","12,5","15,1",2020
MÉDIO,CHEVROLET,Cobalt,1.4­8V,LT,M­6,S,E,F,"8,5","10,4","12,5","15,1",2020
MÉDIO,CHEVROLET,Cobalt,1.8­8V,LTZ,M­6,S,E,F,"8,3","10,4","12,1","15,1",2020
MÉDIO,CHEVROLET,Onix,1.0­12V Turbo,PR2,A­6,S,E,F,"8,3","10,7","11,9","15,1",2020
MÉDIO,CHEVROLET,Onix,1.0­12V Turbo,PR1,A­6,S,E,F,"8,3","10,7","11,9","15,1",2020
MÉDIO,CHEVROLET,Onix,1.0­12V Turbo,LTZ,A­6,S,E,F,"8,3","10,7","11,9","15,1",2020
MÉDIO,CHEVROLET,Onix,1.0­12V Turbo,4LT,A­6,S,E,F,"8,3","10,7","11,9","15,1",2020
MÉDIO,CHEVROLET,Onix,1.0­12V Turbo,2LS,A­6,S,E,F,"8,3","10,7","11,9","15,1",2020
MÉDIO,CHEVROLET,Onix,1.0­12V,2LT,M­6,S,E,F,"9,9","11,7","13,9","16,7",2020
MÉDIO,CHEVROLET,Onix,1.0­12V,8LT,M­6,S,E,F,"9,9","11,7","13,9","16,7",2020
MÉDIO,CHEVROLET,Onix,1.0­12V,5LT,M­6,S,E,F,"9,9","11,7","13,9","16,7",2020
MÉDIO,CHEVROLET,Onix,1.0­12V,1LT,M­6,S,E,F,"9,9","11,7","13,9","16,7",2020
MÉDIO,CHEVROLET,Onix,1.0­12V,1LS,M­6,S,E,F,"9,9","11,7","13,9","16,7",2020
MÉDIO,CHEVROLET,Onix,1.0­12V Turbo,3LT,M­6,S,E,F,"9,4","11,2","13,5","16,0",2020
MÉDIO,CHEVROLET,Onix,1.0­12V Turbo,LTZ,M­6,S,E,F,"9,4","11,2","13,5","16,0",2020
MÉDIO,CHEVROLET,Onix Plus,1.0­12V Turbo,LTZ,M­6,S,E,F,"9,6","12,2","13,7","17,0",2020
MÉDIO,CHEVROLET,Onix Plus,1.0­12V Turbo,3LT,M­6,S,E,F,"9,6","12,2","13,7","17,0",2020
MÉDIO,CHEVROLET,Onix Plus,1.0­12V Turbo,PR2,A­6,S,E,F,"8,6","10,9","12,0","15,0",2020
MÉDIO,CHEVROLET,Onix Plus,1.0­12V Turbo,PR1,A­6,S,E,F,"8,6","10,9","12,0","15,0",2020
MÉDIO,CHEVROLET,Onix Plus,1.0­12V Turbo,LTZ,A­6,S,E,F,"8,6","10,9","12,0","15,0",2020
MÉDIO,CHEVROLET,Onix Plus,1.0­12V Turbo,4LT,A­6,S,E,F,"8,6","10,9","12,0","15,0",2020
MÉDIO,CHEVROLET,Onix Plus,1.0­12V Turbo,1LS,A­6,S,E,F,"8,6","10,9","12,0","15,0",2020
MÉDIO,CHEVROLET,Onix Plus,1.0­12V,2LT,M­6,S,E,F,"10,1","12,5","14,3","17,7",2020
MÉDIO,CHEVROLET,Onix Plus,1.0­12V,8LT,M­6,S,E,F,"10,1","12,5","14,3","17,7",2020
MÉDIO,CHEVROLET,Onix Plus,1.0­12V,5LT,M­6,S,E,F,"10,1","12,5","14,3","17,7",2020
MÉDIO,CHEVROLET,Onix Plus,1.0­12V,1LT,M­6,S,E,F,"10,1","12,5","14,3","17,7",2020
MÉDIO,CHEVROLET,Onix Plus Joy,1.0­8V,Plus Joy,M­6,S,E,F,"8,7","10,6","12,8","15,3",2020
MÉDIO,CHEVROLET,Onix Plus Joy,1.0­8V,Plus Joy Black,M­6,S,E,F,"8,7","10,6","12,8","15,3",2020
MÉDIO,CHEVROLET,Spin,1.8­8V,LT,M­6,S,E,F,"7,8","9,1","11,3","13,0",2020
MÉDIO,CHEVROLET,Spin,1.8­8V,LS,M­6,S,E,F,"7,8","9,1","11,3","13,0",2020
MÉDIO,CHEVROLET,Spin,1.8­8V,LT,A­6,S,E,F,"7,2","8,9","10,6","12,8",2020
MÉDIO,CHEVROLET,Spin,1.8­8V,LS2,M­6,S,E,F,"7,8","8,9","11,0","12,6",2020
MÉDIO,VW,Voyage,1.0­12V,(roda aro 14),M­5,S,H,F,"8,9","10,6","13,4","15,6",2020
MÉDIO,VW,Voyage,1.0­12V,(roda aro 15),M­5,S,H,F,"9,1","10,6","13,1","15,1",2020
MÉDIO,VW,Voyage,1.6­8V,Patrulheiro,M­5,S,H,F,"7,7","9,0","11,2","13,0",2020
MÉDIO,VW,Voyage,1.6­16V,MSI,A­6,S,H,F,"8,0","10,1","11,1","14,3",2020
MÉDIO,VW,Golf,2.0­16V,GTI,DCT­6,S,E,G,\,\,"9,9","12,2",2020
MÉDIO,VW,Polo,1.6­16V,MSI,M­5,S,E,F,"8,2","9,5","12,0","13,9",2020
MÉDIO,VW,Polo,1.6­16V,MSI,A­6,S,E,F,"7,9","9,6","11,0","13,8",2020
MÉDIO,VW,Polo,1.0­12V,Sense 200 TSI,A­6,S,E,F,"8,0","9,8","11,6","14,1",2020
MÉDIO,VW,Polo,1.0­12V,"Comforlline
200TSI (roda
aro 15)",A­6,S,E,F,"8,0","9,8","11,6","14,1",2020
MÉDIO,VW,Polo,1.0­12V,"Comfortline
200TSI (roda
aro 16)",A­6,S,E,F,"7,9","9,5","11,4","13,9",2020
MÉDIO,VW,Polo,1.0­12V,Highline 200TSI,A­6,S,E,F,"7,9","9,5","11,4","13,9",2020
MÉDIO,VW,Virtus,1.6­16V,MSI,M­5,S,E,F,"8,2","9,5","11,9","13,8",2020
MÉDIO,VW,Virtus,1.6­16V,MSI,A­6,S,E,F,"7,8","9,8","10,8","13,8",2020
MÉDIO,VW,Virtus,1.6­16V,Sense MSI,A­6,S,E,F,"7,8","9,8","10,8","13,8",2020
MÉDIO,VW,Virtus,1.0­12V,"Comfortline
200 TSI",A­6,S,E,F,"7,8","10,2","11,2","14,6",2020
MÉDIO,VW,Virtus,1.0­12V,"Highline 200
TSI",A­6,S,E,F,"7,8","10,2","11,2","14,6",2020
MÉDIO,VW,T­Cross,1.0­12V,200TSI,M­6,S,E,F,"8,5","10,1","12,2","14,5",2020
MÉDIO,VW,T­Cross,1.0­12V,200TSI,A­6,S,E,F,"7,6","9,5","11,0","13,5",2020
MÉDIO,VW,T­Cross,1.0­12V,"Comfortline
200 TSI",A­6,S,E,F,"7,6","9,5","10,8","13,4",2020
MÉDIO,VW,T­Cross,1.4­16V,"Highline 250
TSI",A­6,S,E,F,"7,7","9,3","11,0","13,2",2020
GRANDE,NISSAN,Novo Sentra,2.0­16V,S,CVT,S,E,F,"6,7","9,1","9,9","12,7",2020
GRANDE,NISSAN,Novo Sentra,2.0­16V,SV,CVT,S,E,F,"6,7","9,1","9,9","12,7",2020
GRANDE,NISSAN,Novo Sentra,2.0­16V,SL,CVT,S,E,F,"6,7","9,1","9,9","12,7",2020
GRANDE,NISSAN,Leaf,Elétrico,TEKNA,AUTO,S,E,G,\,\,"38,7","31,9",2020
GRANDE,KIA,Cerato,2.0­16V,"FF EX/ LX/ SX/
GT 2,0 AT",A­6,S,E,F,"6,5","9,3","9,6","13,1",2020
GRANDE,CAOA CHERY,Arrizo 5,1.5­16V Turbo,RX,CVT,S,E,F,"6,7","8,4","9,9","12,1",2020
GRANDE,CAOA CHERY,Arrizo 5,1.5­16V Turbo,RXT,CVT,S,E,F,"6,7","8,4","9,9","12,1",2020
GRANDE,CAOA CHERY,Arrizo 5 E,E,E,A,S,E,E,\,\,"39,3","34,5",2020
GRANDE,SUBARU,WRX,2.5­16V,STI,M­6,S,E,G,\,\,"6,2","7,9",2020
GRANDE,HYUNDAI,Elantra,2.0­16V,Elantra,A­6,S,E,F,"6,5","9,1","9,6","13,4",2020
GRANDE,AUDI,A3 Sedan,1.4­16V,Prestige,A­6,S,E,F,"7,8","9,9","11,7","14,2",2020
GRANDE,AUDI,A3 Sedan,1.4­16V,Prestige Plus,A­6,S,E,F,"7,8","9,9","11,7","14,2",2020
GRANDE,AUDI,A3 Sedan,2.0­16V,Performance,DCT­6,S,E,G,\,\,"10,3","12,8",2020
GRANDE,AUDI,Q3,1.4­16V,Prestige,DCT­6,S,E,F,"6,9","8,1","10,2","11,9",2020
GRANDE,AUDI,Q3,1.4­16V,Prestige Plus,DCT­6,S,E,F,"6,9","8,1","10,2","11,9",2020
GRANDE,AUDI,Q3,1.4­16V,Black,DCT­6,S,E,F,"6,9","8,1","10,2","11,9",2020
GRANDE,HONDA,Civic,2.0­16V,"LX / EX / EXL /
Sport",CVT,S,E,F,"7,2","8,9","10,5","13,0",2020
GRANDE,HONDA,Civic,1.5­16V Turbo,Touring,CVT,S,E,G,\,\,"11,8","14,4",2020
GRANDE,HONDA,Civic,1.5­16V Turbo,Coupe Si,M­6,S,E,G,\,\,"11,2","13,7",2020
GRANDE,TOYOTA,Corolla,1.8­16V,"Altis Premium
H",CVT,S,E,F,"10,9","9,9","16,3","14,5",2020
GRANDE,TOYOTA,Corolla,1.8­16V,Altis HV,CVT,S,E,F,"10,9","9,9","16,3","14,5",2020
GRANDE,TOYOTA,Corolla,2.0­16V,XEI,CVT,S,E,F,"8,0","9,7","11,6","13,9",2020
GRANDE,TOYOTA,Corolla,2.0­16V,GLI,CVT,S,E,F,"8,0","9,7","11,6","13,9",2020
GRANDE,TOYOTA,Corolla,2.0­16V,Altis Premium,CVT,S,E,F,"8,0","9,7","11,6","13,9",2020
GRANDE,BMW,X2,1.5­16V,sDrive 18i,A­6,S,E­H,F,"7,4","8,7","10,6","12,5",2020
GRANDE,BMW,X2,2.0­16V,sDrive 20i,A­8,S,E­H,F,"6,8","8,8","10,4","13,1",2020
GRANDE,BMW,X2,2.0­16V,M35i,A­8,S,E­H,G,\,\,"8,7","11,1",2020
GRANDE,BMW,X1,2.0­16V,xDrive 25i,A­8,S,E­H,F,"6,6","8,1","9,4","11,4",2020
GRANDE,BMW,X1,2.0­16V,sDrive 20i,A­8,S,E­H,F,"6,9","8,4","10,0","12,1",2020
GRANDE,CHEVROLET,Cruze,1.4­16V Turbo,LT,A­6,S,E,F,"7,8","9,8","11,3","14,0",2020
GRANDE,CHEVROLET,Cruze,1.4­16V Turbo,PRE2,A­6,S,E,F,"7,6","9,4","11,1","13,9",2020
GRANDE,CHEVROLET,Cruze,1.4­16V Turbo,PRE,A­6,S,E,F,"7,6","9,4","11,1","13,9",2020
GRANDE,CHEVROLET,Cruze Sport6,1.4­16V Turbo,PRE2,A­6,S,E,F,"7,6","9,4","11,1","13,5",2020
GRANDE,CHEVROLET,Cruze Sport6,1.4­16V Turbo,PRE,A­6,S,E,F,"7,6","9,4","11,1","13,5",2020
GRANDE,CHEVROLET,Cruze Sport6,1.4­16V Turbo,LT,A­6,S,E,F,"7,6","9,4","11,1","13,5",2020
"EXTRA
GRANDE",JAGUAR,XF,2.0­16V Turbo,P250 Prestige,A­8,S,E,G,\,\,"8,5","11,9",2020
"EXTRA
GRANDE",JAGUAR,XF,2.0­16V Turbo,P250 R­Sport,A­8,S,E,G,\,\,"8,5","11,9",2020
"EXTRA
GRANDE",JAGUAR,XF,2.0­16V Turbo,P250 Pure,A­8,S,E,G,\,\,"8,5","11,9",2020
"EXTRA
GRANDE",JAGUAR,XF,2.0­16V Turbo,P250 Prestige,A­8,S,E,G,\,\,"8,5","11,9",2020
"EXTRA
GRANDE",JAGUAR,XF,2.0­16V Turbo,Prestige,A­8,S,E,G,\,\,"8,3","11,0",2020
"EXTRA
GRANDE",JAGUAR,XF,2.0­16V Turbo,Pure TC,A­8,S,E,G,\,\,"8,3","11,0",2020
"EXTRA
GRANDE",JAGUAR,XF,2.0­16V Turbo,Pure,A­8,S,E,G,\,\,"8,3","11,0",2020
"EXTRA
GRANDE",JAGUAR,XF,2.0­16V Turbo,R­Sport,A­8,S,E,G,\,\,"8,3","11,0",2020
"EXTRA
GRANDE",JAGUAR,XF,3.0­24V,V6 Portfolio,A­8,S,E,G,\,\,"6,7","10,0",2020
"EXTRA
GRANDE",JAGUAR,XF,3.0­24V,V6 380CV S,A­8,S,E,G,\,\,"6,6","10,1",2020
"EXTRA
GRANDE",JAGUAR,XE,2.0­16V Turbo,P250 R­Sport,A­8,S,E,G,\,\,"8,5","11,2",2020
"EXTRA
GRANDE",JAGUAR,XE,2.0­16V Turbo,P250 Pure,A­8,S,E,G,\,\,"8,5","11,2",2020
"EXTRA
GRANDE",JAGUAR,XE,2.0­16V Turbo,P200 R­Sport,A­8,S,E,G,\,\,"8,7","11,1",2020
"EXTRA
GRANDE",JAGUAR,XE,2.0­16V Turbo,P200 Pure,A­8,S,E,G,\,\,"8,7","11,1",2020
"EXTRA
GRANDE",JAGUAR,XE,2.0­16V Turbo,Pure SI4,A­8,S,E,G,\,\,"8,4","10,9",2020
"EXTRA
GRANDE",JAGUAR,XE,2.0­16V Turbo,R­Sport SI4,A­8,S,E,G,\,\,"8,4","10,9",2020
"EXTRA
GRANDE",JAGUAR,XE,3.0­24V,"S 3,0 V6 SC",A­8,S,E,G,\,\,"7,2","10,5",2020
"EXTRA
GRANDE",JAGUAR,XE,3.0­24V,P380 S,A­8,S,E,G,\,\,"7,6","10,6",2020
"EXTRA
GRANDE",JAGUAR,XJ,3.0­24V,SC R­Sport,A­8,S,E,G,\,\,"6,5","10,2",2020
"EXTRA
GRANDE",JAGUAR,XJ,3.0­24V,SC Sport,A­8,S,E,G,\,\,"6,5","10,2",2020
"EXTRA
GRANDE",JAGUAR,I­Pace,Elétrico,E400 SE,A­1,S,E,E,\,\,"29,2","26,8",2020
"EXTRA
GRANDE",JAGUAR,I­Pace,Elétrico,E400 HSE,A­1,S,E,E,\,\,"29,2","26,8",2020
"EXTRA
GRANDE",JAGUAR,I­Pace,Elétrico,E400 S,A­1,S,E,E,\,\,"29,2","26,8",2020
"EXTRA
GRANDE",JAGUAR,I­Pace,Elétrico,E400 FIRSTED,A­1,S,E,E,\,\,"29,2","26,8",2020
"EXTRA
GRANDE",VOLVO,V60,2.0­16V Turbo,T5 Inscription,A­8,S,E,G,\,\,"9,3","12,5",2020
"EXTRA
GRANDE",VOLVO,V60,2.0­16V Turbo,T5 Momentum,A­8,S,E,G,\,\,"9,3","12,5",2020
"EXTRA
GRANDE",VOLVO,V60,2.0­16V Turbo,T5 R­Design,A­8,S,E,G,\,\,"9,3","12,5",2020
"EXTRA
GRANDE",VOLVO,S90,2.0­16V Turbo,T8 Inscription,A­8,S,E,G,\,\,"21,3","25,6",2020
"EXTRA
GRANDE",VOLVO,S90,2.0­16V Turbo,T8 R­Design,A­8,S,E,G,\,\,"21,3","25,6",2020
"EXTRA
GRANDE",VOLVO,S60 (MY19),2.0­16V,T4,A­8,S,E,G,\,\,"9,2","11,7",2020
"EXTRA
GRANDE",VOLVO,S60 (MY19),2.0­16V,T4 Momentum,A­8,S,E,G,\,\,"9,2","11,7",2020
"EXTRA
GRANDE",VOLVO,S60,2.0­16V,T5 Iinscrip,A­8,S,E,G,\,\,"9,0","11,6",2020
"EXTRA
GRANDE",VOLVO,S60,2.0­16V,T5 Momentum,A­8,S,E,G,\,\,"9,0","11,6",2020
"EXTRA
GRANDE",VOLVO,S60,2.0­16V,T5 R­Design,A­8,S,E,G,\,\,"9,0","11,6",2020
"EXTRA
GRANDE",VOLVO,S60,2.0­16V,T8 Inscript,A­8,S,E,G,\,\,"21,9","22,5",2020
"EXTRA
GRANDE",VOLVO,S60,2.0­16V,T8 Polestar,A­8,S,E,G,\,\,"21,9","22,5",2020
"EXTRA
GRANDE",VOLVO,S60,2.0­16V,T8 R­Design,A­8,S,E,G,\,\,"21,9","22,5",2020
"EXTRA
GRANDE",FORD,Fusion,2.0­16V,AWD Titanium,A­6,S,E,G,\,\,"8,2","11,1",2020
"EXTRA
GRANDE",FORD,Fusion,2.0­16V,SEL,A­6,S,E,G,\,\,"8,6","11,7",2020
"EXTRA
GRANDE",FORD,Fusion,2.0­16V,Titanium,A­6,S,E,G,\,\,"8,6","11,7",2020
"EXTRA
GRANDE",FORD,Fusion,2.0­16V,Hybrid,eCVT­6,S,E,G,\,\,"16,8","15,1",2020
"EXTRA
GRANDE",FORD,Edge,2.7­24V,ST,A­8,S,E,G,\,\,"7,3","9,4",2020
"EXTRA
GRANDE",KIA,Stinger,3.3­24V,"GT 3,3 AT",A­8,S,E,G,\,\,"6,6","9,2",2020
"EXTRA
GRANDE",HYUNDAI,Azera,3.0­24V,V6 GDI,A­8,S,E,G,\,\,"8,2","10,4",2020
"EXTRA
GRANDE",AUDI,A4 Sedan,2.0­16V,Prestige,DCT­7,S,E,G,\,\,"11,0","14,3",2020
"EXTRA
GRANDE",AUDI,A4 Sedan,2.0­16V,Prestige Plus,DCT­7,S,E,G,\,\,"11,0","14,3",2020
"EXTRA
GRANDE",AUDI,A4 Avant,2.0­16V,Prestige Plus,DCT­7,S,E,G,\,\,"10,5","13,5",2020
"EXTRA
GRANDE",AUDI,A5 Sportback,2.0­16V,Prestige,DCT­7,S,E,G,\,\,"11,0","13,4",2020
"EXTRA
GRANDE",AUDI,A5 Sportback,2.0­16V,Prestige Plus,DCT­7,S,E,G,\,\,"11,0","13,4",2020
"EXTRA
GRANDE",AUDI,A5 Sportback,2.0­16V,S line,DCT­7,S,E,G,\,\,"11,0","13,4",2020
"EXTRA
GRANDE",AUDI,A5 Sportback,2.0­16V,Performance,DCT­7,S,E,G,\,\,"9,3","11,9",2020
"EXTRA
GRANDE",AUDI,A5 Sportback,2.0­16V,"Performance
Black",DCT­7,S,E,G,\,\,"9,3","11,9",2020
"EXTRA
GRANDE",AUDI,Q5,2.0­16V,Security,DCT­7,S,E,G,\,\,"7,8","9,2",2020
"EXTRA
GRANDE",AUDI,A6 Sedan,3.0­24V,Performance,DCT­7,S,E,G,\,\,"8,3","10,3",2020
"EXTRA
GRANDE",AUDI,A7 Sportback,3.0­24V,Performance,DCT­7,S,E,G,\,\,"8,3","10,4",2020
"EXTRA
GRANDE",HONDA,Accord,2.0­16V,Touring,A­10,S,E,G,\,\,"9,0","12,3",2020
"EXTRA
GRANDE",MASERATI,Levante,3.0­24V,S,A­8,S,E,G,\,\,"6,1","8,6",2020
"EXTRA
GRANDE",MASERATI,Levante,3.8­32V,Trofe,A­8,S,E,G,\,\,"5,4","7,1",2020
"EXTRA
GRANDE",TOYOTA,Camry,3.5­24V,XLE,A­8,S,E,G,\,\,"8,3","11,5",2020
"EXTRA
GRANDE",TOYOTA,RAV4H,2.5­16V,SX AWD,CVT,S,E,G,\,\,"14,3","12,8",2020
"EXTRA
GRANDE",TOYOTA,RAV4H,2.5­16V,S AWD,CVT,S,E,G,\,\,"14,3","12,8",2020
"EXTRA
GRANDE",LEXUS,NX300H,2.5­16V,Luxury,CVT,S,E,G,\,\,"12,6","11,1",2020
"EXTRA
GRANDE",LEXUS,NX300H,2.5­16V,F­Sport,CVT,S,E,G,\,\,"12,6","11,1",2020
"EXTRA
GRANDE",LEXUS,NX300H,2.5­16V,Dynamic,CVT,S,E,G,\,\,"12,6","11,1",2020
"EXTRA
GRANDE",MERCEDES­BENZ,C180,1.5­16V,Coupé,A­9,S,E,G,\,\,"9,4","12,6",2020
"EXTRA
GRANDE",CHRYSLER,300C,3.6­24V,300C,A­8,S,H,G,\,\,"7,1","10,1",2020
"EXTRA
GRANDE",BMW,530e,2.0­16V,IPerformance,A­8,S,E­H,G,\,\,"22,0","26,4",2020
"EXTRA
GRANDE",BMW,M340i,3.0­24V,xDrive,A­8,S,E­H,G,\,\,"9,0","12,3",2020
"EXTRA
GRANDE",VW,Jetta,1.4­16V,250 TSI,A­6,S,E,F,"7,4","9,6","10,9","14,0",2020
"EXTRA
GRANDE",VW,Jetta,1.4­16V,"Comfortline
250 TSI",A­6,S,E,F,"7,4","9,6","10,9","14,0",2020
"EXTRA
GRANDE",VW,Jetta,1.4­16V,R­Lline 250 TSI,A­6,S,E,F,"7,4","9,6","10,9","14,0",2020
"EXTRA
GRANDE",VW,Jetta,2.0­16V,GLI 350 TSI,DSG,S,E,G,\,\,"9,9","12,5",2020
"EXTRA
GRANDE",VW,Passat,2.0­16V,Highline,DSG,S,E,G,\,\,"10,4","12,9",2020
"EXTRA
GRANDE",VW,Passat,2.0­16V,Comfortline,DSG,S,E,G,\,\,"10,4","12,9",2020
"EXTRA
GRANDE",VW,Tiguan,1.4­16V,"Allspace 250
TSI",DCT­6,S,E,F,"6,8","8,0","10,1","11,7",2020
"EXTRA
GRANDE",VW,Tiguan,1.4­16V,"Allspace
Comfortline
250 TSI",DCT­6,S,E,F,"6,8","8,0","10,1","11,7",2020
"EXTRA
GRANDE",VW,Tiguan,2.0­16V,"Allspace R­Line
350 TSI",DCT­7,S,E,G,\,\,"8,3","9,6",2020
"UTILITÁRIO
ESPORTIVO
COMPACTO",JAC,T40,1.6­16V,DVVT,CVT,S,E,G,\,\,"11,6","12,1",2020
"UTILITÁRIO
ESPORTIVO
COMPACTO",JAC,T40,1.5­16V,Jetflex,M­5,S,E,F,"8,1","8,7","11,9","12,8",2020
"UTILITÁRIO
ESPORTIVO
COMPACTO",JAC,T50,1.6­16V,DVVT,CVT,S,E,G,\,\,"11,3","11,5",2020
"UTILITÁRIO
ESPORTIVO
COMPACTO",JAC,T60,1.5­16V Turbo,Turbo,CVT,S,E,G,\,\,"9,6","11,2",2020
"UTILITÁRIO
ESPORTIVO
COMPACTO",NISSAN,Kicks,1.6­16V,S,M­5,S,E,F,"7,8","9,0","11,1","13,0",2020
"UTILITÁRIO
ESPORTIVO
COMPACTO",NISSAN,Kicks,1.6­16V,"SPC,ED",M­5,S,E,F,"7,8","9,0","11,1","13,0",2020
"UTILITÁRIO
ESPORTIVO
COMPACTO",NISSAN,Kicks,1.6­16V,S,CVT,S,E,F,"7,7","9,4","11,4","13,7",2020
"UTILITÁRIO
ESPORTIVO
COMPACTO",NISSAN,Kicks,1.6­16V,SV,CVT,S,E,F,"7,7","9,4","11,4","13,7",2020
"UTILITÁRIO
ESPORTIVO
COMPACTO",NISSAN,Kicks,1.6­16V,SL,CVT,S,E,F,"7,7","9,4","11,4","13,7",2020
"UTILITÁRIO
ESPORTIVO
COMPACTO",NISSAN,Kicks,1.6­16V,S DRCT,CVT,S,E,F,"7,7","9,4","11,4","13,7",2020
"UTILITÁRIO
ESPORTIVO
COMPACTO",NISSAN,Kicks,1.6­16V,UEFA CL,CVT,S,E,F,"7,7","9,4","11,4","13,7",2020
"UTILITÁRIO
ESPORTIVO
COMPACTO",NISSAN,Kicks,1.6­16V,"SPC,ED",CVT,S,E,F,"7,7","9,4","11,4","13,7",2020
"UTILITÁRIO
ESPORTIVO
COMPACTO",FORD,EcoSport,1.5­12V,SE,M­5,S,E,F,"8,3","9,0","11,6","13,1",2020
"UTILITÁRIO
ESPORTIVO",FORD,EcoSport,1.5­12V,Freestyle,M­5,S,E,F,"8,3","9,0","11,6","13,1",2020
"UTILITÁRIO
ESPORTIVO
COMPACTO",FORD,EcoSport,1.5­12V,SE,A­6,S,E,F,"7,1","8,6","10,3","12,6",2020
"UTILITÁRIO
ESPORTIVO
COMPACTO",FORD,EcoSport,1.5­12V,SE Direct,A­6,S,E,F,"7,1","8,6","10,3","12,6",2020
"UTILITÁRIO
ESPORTIVO
COMPACTO",FORD,EcoSport,1.5­12V,Freestyle,A­6,S,E,F,"7,1","8,6","10,3","12,6",2020
"UTILITÁRIO
ESPORTIVO
COMPACTO",FORD,EcoSport,1.5­12V,Titanium Plus,A­6,S,E,F,"6,8","8,2","9,8","11,6",2020
"UTILITÁRIO
ESPORTIVO
COMPACTO",FORD,EcoSport,2.0­16V,Storm 4WD,A­6,S,E,F,"6,0","8,0","8,5","11,4",2020
"UTILITÁRIO
ESPORTIVO
COMPACTO",KIA,New Soul,1.6­16V,EX2,A­6,S,E,F,"7,3","8,0","10,2","11,0",2020
"UTILITÁRIO
ESPORTIVO
COMPACTO",KIA,New Soul,1.6­16V,LX2,A­6,S,E,F,"7,3","8,0","10,2","11,0",2020
"UTILITÁRIO
ESPORTIVO
COMPACTO",CAOA CHERY,Tiggo 2,1.5­16V,Desert,M­5,S,H,F,"7,7","8,8","10,9","12,3",2020
"UTILITÁRIO
ESPORTIVO
COMPACTO",CAOA CHERY,Tiggo 2,1.5­16V,Exclusive,M­5,S,H,F,"7,7","8,8","10,9","12,3",2020
"UTILITÁRIO
ESPORTIVO
COMPACTO",CAOA CHERY,Tiggo 2,1.5­16V,Sport,M­5,S,H,F,"7,7","8,8","10,9","12,3",2020
"UTILITÁRIO
ESPORTIVO
COMPACTO",CAOA CHERY,Tiggo 2,1.5­16V,ACT,M­5,S,H,F,"7,7","8,8","10,9","12,3",2020
"UTILITÁRIO
ESPORTIVO
COMPACTO",CAOA CHERY,Tiggo 2,1.5­16V,Look,M­5,S,H,F,"7,7","8,8","10,9","12,3",2020
"UTILITÁRIO
ESPORTIVO
COMPACTO",CAOA CHERY,Tiggo 2,1.5­16V,Lux,M­5,S,H,F,"7,7","8,8","10,9","12,3",2020
"UTILITÁRIO
ESPORTIVO
COMPACTO",CAOA CHERY,Tiggo 2,1.5­16V,Smile,M­5,S,H,F,"7,7","8,8","10,9","12,3",2020
"UTILITÁRIO
ESPORTIVO
COMPACTO",CAOA CHERY,Tiggo 2,1.5­16V,ACT,A­4,S,H,F,"6,9","8,2","10,0","11,9",2020
"UTILITÁRIO
ESPORTIVO
COMPACTO",CAOA CHERY,Tiggo 2,1.5­16V,Exclusive,A­4,S,H,F,"6,9","8,2","10,0","11,9",2020
"UTILITÁRIO
ESPORTIVO
COMPACTO",CAOA CHERY,Tiggo 2,1.5­16V,Look,A­4,S,H,F,"6,9","8,2","10,0","11,9",2020
"UTILITÁRIO
ESPORTIVO
COMPACTO",CAOA CHERY,Tiggo 5X,1.5­16V Turbo,T,DCT­6,S,E,F,"6,7","8,0","9,8","11,7",2020
"UTILITÁRIO
ESPORTIVO
COMPACTO",CAOA CHERY,Tiggo 5X,1.5­16V Turbo,TXS,DCT­6,S,E,F,"6,7","8,0","9,8","11,7",2020
"UTILITÁRIO
ESPORTIVO
COMPACTO",MITSUBISHI,ASX,2.0­16V,Outdoor,CVT,S,E,F,"6,9","9,1","9,8","12,6",2020
"UTILITÁRIO
ESPORTIVO
COMPACTO",MITSUBISHI,ASX,2.0­16V,GLS,CVT,S,E,F,"6,9","9,1","9,8","12,6",2020
"UTILITÁRIO
ESPORTIVO
COMPACTO",MITSUBISHI,ASX,2.0­16V,HPE,CVT,S,E,F,"6,9","9,1","9,8","12,6",2020
"UTILITÁRIO
ESPORTIVO
COMPACTO",SUZUKI,Vitara,1.6­16V,4All,A­6,S,E,G,\,\,"11,6","13,2",2020
"UTILITÁRIO
ESPORTIVO
COMPACTO",SUZUKI,Vitara,1.6­16V,4You,A­6,S,E,G,\,\,"11,6","13,2",2020
"UTILITÁRIO
ESPORTIVO
COMPACTO",HONDA,HR­V,1.8­16V,LX,CVT,S,E,F,"7,7","8,6","11,0","12,3",2020
"UTILITÁRIO
ESPORTIVO
COMPACTO",HONDA,HR­V,1.8­16V,EX,CVT,S,E,F,"7,7","8,6","11,0","12,3",2020
"UTILITÁRIO
ESPORTIVO
COMPACTO",HONDA,HR­V,1.8­16V,EXL,CVT,S,E,F,"7,7","8,6","11,0","12,3",2020
"UTILITÁRIO
ESPORTIVO
COMPACTO",HONDA,WR­V,1.5­16V,EX,CVT,S,E,F,"8,1","8,8","11,7","12,4",2020
"UTILITÁRIO
ESPORTIVO
COMPACTO",HONDA,WR­V,1.5­16V,EXL,CVT,S,E,F,"8,1","8,8","11,7","12,4",2020
"UTILITÁRIO
ESPORTIVO
COMPACTO",PEUGEOT,2008,1.6­16V,Allure,M­5,S,E,F,"7,6","8,4","10,8","11,6",2020
"ESPORTIVO
COMPACTO",PEUGEOT,2008,1.6­16V,Griffe,A­6,S,E,F,"7,3","8,7","10,5","12,8",2020
"UTILITÁRIO
ESPORTIVO
COMPACTO",PEUGEOT,2008,1.6­16V,Allure,A­6,S,E,F,"7,3","8,7","10,5","12,8",2020
"UTILITÁRIO
ESPORTIVO
COMPACTO",PEUGEOT,2008,1.6­16V,Allure PK,A­6,S,E,F,"7,3","8,7","10,5","12,8",2020
"UTILITÁRIO
ESPORTIVO
COMPACTO",PEUGEOT,2008,1.6­16V,Cross,A­6,S,E,F,"7,3","8,7","10,5","12,8",2020
"UTILITÁRIO
ESPORTIVO
COMPACTO",PEUGEOT,2008,1.6­16V Turbo,Griffe THP,A­6,S,E,F,"7,4","9,0","10,6","13,1",2020
"UTILITÁRIO
ESPORTIVO
COMPACTO",FIAT,Argo,1.3­8V,Trekking,M­5,S,E,F,"8,5","9,6","12,1","13,5",2020
"UTILITÁRIO
ESPORTIVO
COMPACTO",FIAT,Argo,1.8­16V,Trekking,A­6,S,E,F,"6,6","8,6","9,4","11,9",2020
"UTILITÁRIO
ESPORTIVO
COMPACTO",FIAT,Novo Uno,1.3­8V,Way,M­5,S,E,F,"9,3","11,0","13,0","15,0",2020
"UTILITÁRIO
ESPORTIVO
COMPACTO",FIAT,Weekend,1.8­16V,Adventure,M­5,S,H,F,"6,8","7,5","9,7","11,1",2020
"UTILITÁRIO
ESPORTIVO",JEEP,Renegade,1.8­16V,Sport,A­6,S,E,F,"6,9","8,6","10,0","12,0",2020
"UTILITÁRIO
ESPORTIVO
COMPACTO",JEEP,Renegade,1.8­16V,Longitude,A­6,S,E,F,"6,9","8,6","10,0","12,0",2020
"UTILITÁRIO
ESPORTIVO
COMPACTO",JEEP,Renegade,1.8­16V,Limited,A­6,S,E,F,"6,4","8,0","9,4","11,0",2020
"UTILITÁRIO
ESPORTIVO
COMPACTO",RENAULT,Captur,1.6­16V,Zen,M­5,S,E­H,F,"7,6","8,0","10,9","11,3",2020
"UTILITÁRIO
ESPORTIVO
COMPACTO",RENAULT,Captur,1.6­16V,Intens,M­5,S,E­H,F,"7,6","8,0","10,9","11,3",2020
"UTILITÁRIO
ESPORTIVO
COMPACTO",RENAULT,Captur,2.0­16V,Intens,A­4,S,E­H,F,"6,2","7,3","8,8","10,8",2020
"UTILITÁRIO
ESPORTIVO
COMPACTO",RENAULT,Duster,2.0­16V,Dynamique,M­6,S,E­H,F,"7,3","7,9","10,6","11,4",2020
"UTILITÁRIO
ESPORTIVO
COMPACTO",RENAULT,Sandero Stepway,1.6­16V,Stepway,M­5,S,E­H,F,"8,3","8,5","12,0","12,1",2020
"UTILITÁRIO
ESPORTIVO
COMPACTO",RENAULT,Sandero Stepway,1.6­16V,Stepway,MTA­5,S,E­H,F,"7,7","8,3","11,5","12,0",2020
"UTILITÁRIO
ESPORTIVO
COMPACTO",RENAULT,Duster,1.6­16V,Dynamique SCE,M­5,S,E­H,F,"7,5","7,9","11,1","11,4",2020
"UTILITÁRIO
ESPORTIVO
COMPACTO",RENAULT,Duster,1.6­16V,Expression SCE,M­5,S,E­H,F,"7,5","7,9","11,1","11,4",2020
"UTILITÁRIO
ESPORTIVO
COMPACTO",RENAULT,Captur,1.6­16V,Zen,CVT,S,E­H,F,"7,2","8,1","10,5","11,7",2020
"UTILITÁRIO
ESPORTIVO
COMPACTO",RENAULT,Captur,1.6­16V,Intens,CVT,S,E­H,F,"7,2","8,1","10,5","11,7",2020
"UTILITÁRIO
ESPORTIVO
COMPACTO",RENAULT,Duster,1.6­16V,Dynamique,CVT,S,E­H,F,"7,1","7,9","10,3","10,8",2020
"UTILITÁRIO
ESPORTIVO
COMPACTO",RENAULT,Duster,1.6­16V,Expression,CVT,S,E­H,F,"7,1","7,9","10,3","10,8",2020
"UTILITÁRIO
ESPORTIVO
COMPACTO",RENAULT,Kwid,1.0­12V,Intens,M­5,S,E,F,"10,3","10,8","14,9","15,6",2020
"UTILITÁRIO
ESPORTIVO
COMPACTO",RENAULT,Kwid,1.0­12V,Life,M­5,S,E,F,"10,3","10,8","14,9","15,6",2020
"UTILITÁRIO
ESPORTIVO
COMPACTO",RENAULT,Kwid,1.0­12V,Zen,M­5,S,E,F,"10,3","10,8","14,9","15,6",2020
"UTILITÁRIO
ESPORTIVO
COMPACTO",RENAULT,Duster,2.0­16V,Dynamique,A­4,S,E­H,F,"6,1","7,3","8,9","10,5",2020
"UTILITÁRIO
ESPORTIVO
COMPACTO",RENAULT,Sandero Stepway,1.6­16V,Stepway EXP,M­5,S,E­H,F,"8,3","8,5","12,0","12,1",2020
"UTILITÁRIO
ESPORTIVO
COMPACTO",RENAULT,Captur,1.6­16V,Life 16A,CVT,S,E­H,F,"7,2","8,1","10,5","11,7",2020
"UTILITÁRIO
ESPORTIVO
COMPACTO",Hyundai,HB20X,1.6­16V,Vision,M­6,S,E,F,"8,3","9,6","11,8","13,9",2020
"UTILITÁRIO
ESPORTIVO
COMPACTO",Hyundai,HB20X,1.6­16V,Vision,A­6,S,E,F,"7,7","9,2","10,9","12,9",2020
"UTILITÁRIO
ESPORTIVO
COMPACTO",Hyundai,HB20X,1.6­16V,Evolution,A­6,S,E,F,"7,7","9,2","10,9","12,9",2020
"UTILITÁRIO
ESPORTIVO
COMPACTO",Hyundai,HB20X,1.6­16V,Diamond,A­6,S,E,F,"7,7","9,2","10,9","12,9",2020
"UTILITÁRIO
ESPORTIVO
COMPACTO",Hyundai,HB20X,1.6­16V,Diamond FE,A­6,S,E,F,"8,1","9,3","11,7","13,3",2020
"UTILITÁRIO
ESPORTIVO
COMPACTO",HYUNDAI,Creta,1.6­16V,Attitude,M­6,S,E,F,"7,6","8,2","10,4","11,7",2020
"UTILITÁRIO
ESPORTIVO
COMPACTO",HYUNDAI,Creta,1.6­16V,Pulse,M­6,S,E,F,"7,6","8,2","10,4","11,7",2020
"UTILITÁRIO
ESPORTIVO
COMPACTO",HYUNDAI,Creta,1.6­16V,Pulse,A­6,S,E,F,"7,1","8,2","10,1","11,3",2020
"UTILITÁRIO
ESPORTIVO
COMPACTO",HYUNDAI,Creta,1.6­16V,Smart,A­6,S,E,F,"7,1","8,2","10,1","11,3",2020
"ESPORTIVO
COMPACTO",HYUNDAI,Creta,2.0­16V,Pulse,A­6,S,E,F,"6,9","8,2","10,0","11,4",2020
"UTILITÁRIO
ESPORTIVO
COMPACTO",HYUNDAI,Creta,2.0­16V,Prestige,A­6,S,E,F,"6,9","8,2","10,0","11,4",2020
"UTILITÁRIO
ESPORTIVO
COMPACTO",HYUNDAI,Creta,2.0­16V,Sport,A­6,S,E,F,"6,9","8,2","10,0","11,4",2020
"UTILITÁRIO
ESPORTIVO
COMPACTO",HYUNDAI,Creta,1.6­16V,Attitude,A­6,S,E,F,"6,8","8,1","9,8","11,7",2020
"UTILITÁRIO
ESPORTIVO
GRANDE",LIFAN,X70,2.0­16V,Prestige,CVT,S,H,G,\,\,"8,2","10,2",2020
"UTILITÁRIO
ESPORTIVO
GRANDE",LIFAN,X70,2.0­16V,Talent,CVT,S,H,G,\,\,"8,2","10,2",2020
"UTILITÁRIO
ESPORTIVO
GRANDE",LIFAN,X70,2.0­16V,Vip,CVT,S,H,G,\,\,"8,2","10,2",2020
"UTILITÁRIO
ESPORTIVO
GRANDE",VOLVO,XC40,2.0­16V,T4,A­8,S,E,G,\,\,"9,5","11,9",2020
"UTILITÁRIO
ESPORTIVO
GRANDE",VOLVO,XC40,2.0­16V,T4 Inscription,A­8,S,E,G,\,\,"9,5","11,9",2020
"UTILITÁRIO
ESPORTIVO
GRANDE",VOLVO,XC40,2.0­16V,T4 Kinetic,A­8,S,E,G,\,\,"9,5","11,9",2020
"UTILITÁRIO
ESPORTIVO
GRANDE",VOLVO,XC40,2.0­16V,T4 Momentum,A­8,S,E,G,\,\,"9,5","11,9",2020
"UTILITÁRIO
ESPORTIVO
GRANDE",VOLVO,XC40,1.5­12V,T5H RDesign,DCT­7,S,E,G,\,\,"24,5","22,3",2020
"UTILITÁRIO
ESPORTIVO
GRANDE",VOLVO,XC40,1.5­12V,T5H Momentum,DCT­7,S,E,G,\,\,"24,5","22,3",2020
"UTILITÁRIO
ESPORTIVO
GRANDE",VOLVO,XC40,1.5­12V,T5H Inscription,DCT­7,S,E,G,\,\,"24,5","22,3",2020
"UTILITÁRIO
ESPORTIVO
GRANDE",JAC,T80,2.0­16V Turbo,Turbo,DCT,S,E,G,\,\,"7,9","10,4",2020
"UTILITÁRIO
ESPORTIVO",KIA,Sorento,3.5­24V,EX4,A­6,S,E,G,\,\,"6,7","9,0",2020
"UTILITÁRIO
ESPORTIVO
GRANDE",KIA,Sorento,3.5­24V,LX4 G17,A­6,S,E,G,\,\,"6,7","9,0",2020
"UTILITÁRIO
ESPORTIVO
GRANDE",KIA,Sorento,3.5­24V,G25,A­6,S,E,G,\,\,"6,7","9,0",2020
"UTILITÁRIO
ESPORTIVO
GRANDE",KIA,Sorento,3.5­24V,G27,A­6,S,E,G,\,\,"6,7","9,0",2020
"UTILITÁRIO
ESPORTIVO
GRANDE",KIA,Sorento,2.4­16V,EX3,A­6,S,E,G,\,\,"7,5","9,8",2020
"UTILITÁRIO
ESPORTIVO
GRANDE",KIA,Sorento,2.4­16V,LX3 G25,A­6,S,E,G,\,\,"7,5","9,8",2020
"UTILITÁRIO
ESPORTIVO
GRANDE",KIA,Sorento,2.4­16V,G27,A­6,S,E,G,\,\,"7,5","9,8",2020
"UTILITÁRIO
ESPORTIVO
GRANDE",KIA,Sportage,2.0­16V,EX2,A­6,S,E,F,"6,1","7,9","8,8","11,4",2020
"UTILITÁRIO
ESPORTIVO
GRANDE",KIA,Sportage,2.0­16V,LX2 FFG3,A­6,S,E,F,"6,1","7,9","8,8","11,4",2020
"UTILITÁRIO
ESPORTIVO
GRANDE",CAOA CHERY,Tiggo 7,1.5­16V Turbo,T,DCT­6,S,E,F,"6,6","7,6","9,7","10,9",2020
"UTILITÁRIO
ESPORTIVO
GRANDE",CAOA CHERY,Tiggo 7,1.5­16V Turbo,TXS,DCT­6,S,E,F,"6,6","7,6","9,7","10,9",2020
"UTILITÁRIO
ESPORTIVO
GRANDE",HYUNDAI,iX35,2.0­16V,"GLS (roda aro
18"")",A­6,S,E,F,"6,8","7,8","10,1","11,3",2020
"UTILITÁRIO
ESPORTIVO
GRANDE",HYUNDAI,iX35,2.0­16V,"GL (roda aro
17"")",A­6,S,E,F,"7,0","8,0","10,4","11,6",2020
"UTILITÁRIO
ESPORTIVO
GRANDE",HYUNDAI,iX35,2.0­16V,"GLS (roda aro
17"")",A­6,S,E,F,"7,0","8,1","10,0","11,5",2020
"UTILITÁRIO
ESPORTIVO
GRANDE",HYUNDAI,Tucson Turbo,1.6­16V,"GLS (roda aro
17"")",A­7,S,E,G,\,\,"9,9","11,7",2020
"UTILITÁRIO
ESPORTIVO
GRANDE",HYUNDAI,Tucson Turbo,1.6­16V,"LTD (roda aro
18"")",A­7,S,E,G,\,\,"10,5","12,2",2020
"UTILITÁRIO
ESPORTIVO
GRANDE",MITSUBISHI,Outlander,2.0­16V,HPE,CVT,S,E,G,\,\,"10,3","11,4",2020
"UTILITÁRIO
ESPORTIVO
GRANDE",MITSUBISHI,Outlander,2.0­16V,GLS,CVT,S,E,G,\,\,"10,4","12,1",2020
"UTILITÁRIO
ESPORTIVO
GRANDE",MITSUBISHI,Eclipse Cross,1.5­16V Turbo,HPE­S,CVT,S,E,G,\,\,"10,3","11,9",2020
"UTILITÁRIO
ESPORTIVO
GRANDE",MITSUBISHI,Eclipse Cross,1.5­16V Turbo,GLS,CVT,S,E,G,\,\,"10,3","11,9",2020
"UTILITÁRIO
ESPORTIVO
GRANDE",MITSUBISHI,Eclipse Cross,1.5­16V Turbo,HPE,CVT,S,E,G,\,\,"10,3","11,9",2020
"UTILITÁRIO
ESPORTIVO
GRANDE",MITSUBISHI,Eclipse Cross,1.5­16V Turbo,HPE­S,CVT,S,E,G,\,\,"10,3","11,9",2020
"UTILITÁRIO
ESPORTIVO
GRANDE",PEUGEOT,3008,1.6­16V Turbo,Griffe,A­6,S,E,G,\,\,"9,8","12,1",2020
"UTILITÁRIO
ESPORTIVO
GRANDE",PEUGEOT,3008,1.6­16V Turbo,Allure,A­6,S,E,G,\,\,"9,8","12,1",2020
"UTILITÁRIO
ESPORTIVO
GRANDE",PEUGEOT,3008,1.6­16V Turbo,GT Line,A­6,S,E,G,\,\,"9,8","12,1",2020
"UTILITÁRIO
ESPORTIVO
GRANDE",PEUGEOT,3008,1.6­16V Turbo,Crossway,A­6,S,E,G,\,\,"9,8","12,1",2020
"UTILITÁRIO
ESPORTIVO
GRANDE",PEUGEOT,5008,1.6­16V Turbo,Griffe,A­6,S,E,G,\,\,"9,5","12,1",2020
"UTILITÁRIO
ESPORTIVO
GRANDE",TOYOTA,SW4,2.7­16V,SR,M­5,S,E,F,"4,6","5,6","6,7","8,2",2020
"UTILITÁRIO
ESPORTIVO
GRANDE",TOYOTA,SW4,2.7­16V,SR 5S,A­6,S,E,F,"4,9","5,9","7,1","8,5",2020
"UTILITÁRIO
ESPORTIVO
GRANDE",TOYOTA,SW4,2.7­16V,SR 7S,A­6,S,E,F,"4,9","5,9","7,1","8,5",2020
"ESPORTIVO
GRANDE",TOYOTA,SW4,2.7­16V,SRV,A­6,S,E,F,"4,9","5,9","7,1","8,5",2020
"UTILITÁRIO
ESPORTIVO
GRANDE",LEXUS,UX250H,2.0­16V,Luxury,CVT,S,E,G,\,\,"16,7","14,7",2020
"UTILITÁRIO
ESPORTIVO
GRANDE",LEXUS,UX250H,2.0­16V,F­Sport,CVT,S,E,G,\,\,"16,7","14,7",2020
"UTILITÁRIO
ESPORTIVO
GRANDE",LEXUS,UX250H,2.0­16V,Dynamic,CVT,S,E,G,\,\,"16,7","14,7",2020
"UTILITÁRIO
ESPORTIVO
GRANDE",JEEP,Compass,2.0­16V,Sport,A­6,S,E,F,"6,1","7,5","8,8","10,8",2020
"UTILITÁRIO
ESPORTIVO
GRANDE",JEEP,Compass,2.0­16V,Longitude,A­6,S,E,F,"6,1","7,5","8,8","10,8",2020
"UTILITÁRIO
ESPORTIVO
GRANDE",JEEP,Compass,2.0­16V,Limited,A­6,S,E,F,"6,1","7,5","8,8","10,8",2020
"UTILITÁRIO
ESPORTIVO
GRANDE",CHEVROLET,Equinox,1.5­16V Turbo,LT,A­6,S,E,G,\,\,"9,5","11,7",2020
"UTILITÁRIO
ESPORTIVO
GRANDE",CHEVROLET,Equinox,1.5T ­16V,Midnight,A­6,S,E,G,\,\,"9,1","10,8",2020
"UTILITÁRIO
ESPORTIVO
COMPACTO
4X4",MITSUBISHI,ASX,2.0­16V,HPE AWD,CVT,S,E,F,"6,8","8,6","10,1","12,3",2020
"UTILITÁRIO
ESPORTIVO
COMPACTO
4X4",MITSUBISHI,ASX,2.0­16V,HPE­S AWD,CVT,S,E,F,"6,8","8,6","10,1","12,3",2020
"UTILITÁRIO
ESPORTIVO
COMPACTO
4X4",SUZUKI,Vitara,1.4­16V,4Sport Allgrip,A­6,S,E,G,\,\,"11,5","12,9",2020
"UTILITÁRIO
ESPORTIVO
COMPACTO
4X4",SUZUKI,Vitara,1.4­16V,4Style Allgrip,A­6,S,E,G,\,\,"11,5","12,9",2020
"ESPORTIVO
COMPACTO
4X4",SUZUKI,S­Cross,1.4­16V,4Style Allgrip,A­6,S,E,G,\,\,"11,5","13,3",2020
"UTILITÁRIO
ESPORTIVO
COMPACTO
4X4",SUZUKI,S­Cross,1.4­16V,4Style­S Allgrip,A­6,S,E,G,\,\,"11,5","13,3",2020
"UTILITÁRIO
ESPORTIVO
COMPACTO
4X4",RENAULT,Duster,2.0­16V,Dynamique,M­6,S,E­H,F,"6,7","7,6","9,9","11,0",2020
"UTILITÁRIO
ESPORTIVO
GRANDE 4X4",PORSCHE,Cayenne (19MY),2.9­24V,S,A­8,S,E,G,\,\,"6,4","7,8",2020
"UTILITÁRIO
ESPORTIVO
GRANDE 4X4",PORSCHE,Cayenne (19MY),3.0­24V,V6 F,A­8,S,E,G,\,\,"6,7","7,6",2020
"UTILITÁRIO
ESPORTIVO
GRANDE 4X4",PORSCHE,Cayenne (19MY),4.0­32V,Turbo,A­8,S,E,G,\,\,"5,5","7,0",2020
"UTILITÁRIO
ESPORTIVO
GRANDE 4X4",PORSCHE,Cayenne (19MY),3.0­24V,V6,A­8,S,E,G,\,\,"7,1","9,1",2020
"UTILITÁRIO
ESPORTIVO
GRANDE 4X4",PORSCHE,Macan (MY19),2.0­16V,F,DCT­7,S,E,G,\,\,"7,2","8,6",2020
"UTILITÁRIO
ESPORTIVO
GRANDE 4X4",PORSCHE,Macan,3.0­24V,S,DCT­7,S,E,G,\,\,"6,6","7,8",2020
"UTILITÁRIO
ESPORTIVO
GRANDE 4X4",SSANGYONG,Rexton,2.2­16V,STD,A­7,S,H,D,\,\,"9,1","11,3",2020
"UTILITÁRIO
ESPORTIVO
GRANDE 4X4",SSANGYONG,Rexton,2.2­16V,DLX,A­7,S,H,D,\,\,"9,1","11,3",2020
"UTILITÁRIO
ESPORTIVO
GRANDE 4X4",JAGUAR,F­Pace,3.0­24V,R Sport,A­8,S,E,G,\,\,"6,9","9,0",2020
"UTILITÁRIO
ESPORTIVO
GRANDE 4X4",JAGUAR,F­Pace,3.0­24V,FE,A­8,S,E,G,\,\,"6,8","9,0",2020
"UTILITÁRIO
ESPORTIVO
GRANDE 4X4",JAGUAR,F­Pace,3.0­24V,S Aro 21,A­8,S,E,G,\,\,"6,8","9,0",2020
"UTILITÁRIO
ESPORTIVO
GRANDE 4X4",JAGUAR,F­Pace,2.0­16V Turbo,20TD Prestige,A­8,S,E,D,\,\,"10,6","12,5",2020
"UTILITÁRIO
ESPORTIVO
GRANDE 4X4",JAGUAR,F­Pace,3.0­24V,S Aro 20,A­8,S,E,G,\,\,"6,4","7,9",2020
"UTILITÁRIO
ESPORTIVO
GRANDE 4X4",JAGUAR,F­Pace,2.0­16V Turbo,G Prestige,A­8,S,E,G,\,\,"7,2","9,0",2020
"UTILITÁRIO
ESPORTIVO
GRANDE 4X4",JAGUAR,F­Pace,2.0­16V Turbo,GR Sport,A­8,S,E,G,\,\,"7,2","9,0",2020
"UTILITÁRIO
ESPORTIVO
GRANDE 4X4",JAGUAR,F­Pace,2.0­16V Turbo,G Pure,A­8,S,E,G,\,\,"7,7","9,6",2020
"UTILITÁRIO
ESPORTIVO
GRANDE 4X4",JAGUAR,F­Pace,2.0­16V Turbo,G Prestige,A­8,S,E,G,\,\,"7,7","9,6",2020
"UTILITÁRIO
ESPORTIVO
GRANDE 4X4",JAGUAR,F­Pace,2.0­16V Turbo,GR Sport,A­8,S,E,G,\,\,"7,7","9,6",2020
"UTILITÁRIO
ESPORTIVO
GRANDE 4X4",JAGUAR,F­Pace,5.0­32V,P550 SVR,A­8,S,E,G,\,\,"6,2","7,6",2020
"UTILITÁRIO
ESPORTIVO
GRANDE 4X4",JAGUAR,E­Pace,2.0­16V Turbo,P250 Firsted,A­9,S,E,G,\,\,"7,5","9,4",2020
"UTILITÁRIO
ESPORTIVO
GRANDE 4X4",JAGUAR,E­Pace,2.0­16V Turbo,P250 S,A­9,S,E,G,\,\,"7,5","9,4",2020
"UTILITÁRIO
ESPORTIVO
GRANDE 4X4",JAGUAR,E­Pace,2.0­16V Turbo,P250 S RDY,A­9,S,E,G,\,\,"7,5","9,4",2020
"UTILITÁRIO
ESPORTIVO
GRANDE 4X4",JAGUAR,E­Pace,2.0­16V Turbo,P250 SE,A­9,S,E,G,\,\,"7,5","9,4",2020
"UTILITÁRIO
ESPORTIVO
GRANDE 4X4",JAGUAR,E­Pace,2.0­16V Turbo,P250 SE RDY,A­9,S,E,G,\,\,"7,5","9,4",2020
"UTILITÁRIO
ESPORTIVO
GRANDE 4X4",JAGUAR,E­Pace,2.0­16V Turbo,P250 STD,A­9,S,E,G,\,\,"7,5","9,4",2020
"UTILITÁRIO
ESPORTIVO
GRANDE 4X4",JAGUAR,E­Pace,2.0­16V Turbo,P300 HSE RDY,A­9,S,E,G,\,\,"6,3","8,8",2020
"ESPORTIVO
GRANDE 4X4",JAGUAR,E­Pace,2.0­16V Turbo,P300 SE RDY,A­9,S,E,G,\,\,"6,3","8,8",2020
"UTILITÁRIO
ESPORTIVO
GRANDE 4X4",JAGUAR,E­Pace,2.0­16V Turbo,P250F S,A­9,S,E,F,"4,6","6,0","7,4","9,1",2020
"UTILITÁRIO
ESPORTIVO
GRANDE 4X4",JAGUAR,E­Pace,2.0­16V Turbo,P250F S RDY,A­9,S,E,F,"4,6","6,0","7,4","9,1",2020
"UTILITÁRIO
ESPORTIVO
GRANDE 4X4",JAGUAR,E­Pace,2.0­16V Turbo,P250F SE,A­9,S,E,F,"4,6","6,0","7,4","9,1",2020
"UTILITÁRIO
ESPORTIVO
GRANDE 4X4",JAGUAR,E­Pace,2.0­16V Turbo,P250F SE RDY,A­9,S,E,F,"4,6","6,0","7,4","9,1",2020
"UTILITÁRIO
ESPORTIVO
GRANDE 4X4",JAGUAR,E­Pace,2.0­16V Turbo,P250F STD,A­9,S,E,F,"4,6","6,0","7,4","9,1",2020
"UTILITÁRIO
ESPORTIVO
GRANDE 4X4",VOLVO,XC40,2.0­16V Turbo,T5 Inscription,A­8,S,E,G,\,\,"8,5","10,8",2020
"UTILITÁRIO
ESPORTIVO
GRANDE 4X4",VOLVO,XC40,2.0­16V Turbo,T5 Momentum,A­8,S,E,G,\,\,"8,5","10,8",2020
"UTILITÁRIO
ESPORTIVO
GRANDE 4X4",VOLVO,XC40,2.0­16V Turbo,T5 R­Design,A­8,S,E,G,\,\,"8,5","10,8",2020
"UTILITÁRIO
ESPORTIVO
GRANDE 4X4",VOLVO,XC60,2.0­16V Turbo,T5 Momentum,A­8,S,E,G,\,\,"8,5","10,3",2020
"UTILITÁRIO
ESPORTIVO
GRANDE 4X4",VOLVO,XC60,2.0­16V Turbo,T5 Kinetic,A­8,S,E,G,\,\,"8,5","10,3",2020
"UTILITÁRIO
ESPORTIVO
GRANDE 4X4",VOLVO,XC60,2.0­16V Turbo,T5 Inscription,A­8,S,E,G,\,\,"8,4","10,2",2020
"UTILITÁRIO
ESPORTIVO
GRANDE 4X4",VOLVO,XC60,2.0­16V Turbo,T5 R­Design,A­8,S,E,G,\,\,"8,4","10,2",2020
"UTILITÁRIO
ESPORTIVO
GRANDE 4X4",VOLVO,XC60,2.0­16V Turbo,D5 Momentum,A­8,S,E,D,\,\,"11,5","14,5",2020
"UTILITÁRIO
ESPORTIVO
GRANDE 4X4",VOLVO,XC60,2.0­16V Turbo,D5 Inscription,A­8,S,E,D,\,\,"11,5","14,5",2020
"UTILITÁRIO
ESPORTIVO",VOLVO,XC60,2.0­16V Turbo,T8 Inscription,A­8,S,E,G,\,\,"19,2","20,0",2020
"UTILITÁRIO
ESPORTIVO
GRANDE 4X4",VOLVO,XC60,2.0­16V Turbo,T8 R­Design,A­8,S,E,G,\,\,"19,2","20,0",2020
"UTILITÁRIO
ESPORTIVO
GRANDE 4X4",VOLVO,XC90,2.0­16V Turbo,T6 Inscription,A­8,S,E,G,\,\,"7,5","9,0",2020
"UTILITÁRIO
ESPORTIVO
GRANDE 4X4",VOLVO,XC90,2.0­16V Turbo,T6 Kinetic,A­8,S,E,G,\,\,"7,5","9,0",2020
"UTILITÁRIO
ESPORTIVO
GRANDE 4X4",VOLVO,XC90,2.0­16V Turbo,T6 Momentum,A­8,S,E,G,\,\,"7,5","9,0",2020
"UTILITÁRIO
ESPORTIVO
GRANDE 4X4",VOLVO,XC90,2.0­16V Turbo,R­Design,A­8,S,E,G,\,\,"7,5","9,0",2020
"UTILITÁRIO
ESPORTIVO
GRANDE 4X4",VOLVO,XC90,2.0­16V Turbo,D5 Kinetic,A­8,S,E,D,\,\,"10,5","11,7",2020
"UTILITÁRIO
ESPORTIVO
GRANDE 4X4",VOLVO,XC90,2.0­16V Turbo,D5 Inscript,A­8,S,E,D,\,\,"10,5","11,7",2020
"UTILITÁRIO
ESPORTIVO
GRANDE 4X4",VOLVO,XC90,2.0­16V Turbo,D5 Momentum,A­8,S,E,D,\,\,"10,5","11,7",2020
"UTILITÁRIO
ESPORTIVO
GRANDE 4X4",VOLVO,XC90 (MY19),2.0­16V Turbo,T8 Excellen,A­8,S,E,G,\,\,"15,5","17,4",2020
"UTILITÁRIO
ESPORTIVO
GRANDE 4X4",VOLVO,XC90 (MY19),2.0­16V Turbo,T8 Inscript,A­8,S,E,G,\,\,"15,5","17,4",2020
"UTILITÁRIO
ESPORTIVO
GRANDE 4X4",VOLVO,XC90 (MY19),2.0­16V Turbo,T8 Momentum,A­8,S,E,G,\,\,"15,5","17,4",2020
"UTILITÁRIO
ESPORTIVO
GRANDE 4X4",VOLVO,XC90 (MY19),2.0­16V Turbo,T8 R­Design,A­8,S,E,G,\,\,"15,5","17,4",2020
"UTILITÁRIO
ESPORTIVO
GRANDE 4X4",KIA,Sorento,3.5­24V,EX4,A­6,S,E,G,\,\,"6,7","9,0",2020
"UTILITÁRIO
ESPORTIVO
GRANDE 4X4",KIA,Sorento,3.5­24V,LX4 G17,A­6,S,E,G,\,\,"6,7","9,0",2020
"UTILITÁRIO
ESPORTIVO
GRANDE 4X4",KIA,Sorento,2.4­16V,EX3,A­6,S,E,G,\,\,"7,5","9,8",2020
"UTILITÁRIO
ESPORTIVO
GRANDE 4X4",KIA,Sorento,2.4­16V,LX3 G15,A­6,S,E,G,\,\,"7,5","9,8",2020
"UTILITÁRIO
ESPORTIVO
GRANDE 4X4",KIA,Sorento,2.4­16V,G17,A­6,S,E,G,\,\,"7,5","9,8",2020
"UTILITÁRIO
ESPORTIVO
GRANDE 4X4",SUBARU,Forester,2.0­16V,S,CVT,S,E,G,\,\,"10,0","11,6",2020
"UTILITÁRIO
ESPORTIVO
GRANDE 4X4",SUBARU,Outback,3.6­24V,R­S,CVT,S,E,G,\,\,"7,6","10,4",2020
"UTILITÁRIO
ESPORTIVO
GRANDE 4X4",AUDI,Q7,3.0­24V,Performance,A­8,S,E,G,\,\,"6,9","8,7",2020
"UTILITÁRIO
ESPORTIVO
GRANDE 4X4",AUDI,Q7,3.0­24V,"Performance
Black",A­8,S,E,G,\,\,"6,9","8,7",2020
"UTILITÁRIO
ESPORTIVO
GRANDE 4X4",AUDI,Q7,3.0­24V,Prestige Plus,A­8,S,E,D,\,\,"9,1","10,8",2020
"UTILITÁRIO
ESPORTIVO
GRANDE 4X4",AUDI,Q7,3.0­24V,Performance,A­8,S,E,D,\,\,"9,1","10,8",2020
"UTILITÁRIO
ESPORTIVO
GRANDE 4X4",AUDI,Q7,3.0­24V,"Performance
Black",A­8,S,E,D,\,\,"9,1","10,8",2020
"UTILITÁRIO
ESPORTIVO
GRANDE 4X4",AUDI,Q5,2.0­16V,Prestige,DCT­7,S,E,G,\,\,"8,5","10,3",2020
"UTILITÁRIO
ESPORTIVO
GRANDE 4X4",AUDI,Q5,2.0­16V,Prestige Plus,DCT­7,S,E,G,\,\,"8,5","10,3",2020
"UTILITÁRIO
ESPORTIVO
GRANDE 4X4",AUDI,Q5,2.0­16V,S line,DCT­7,S,E,G,\,\,"8,5","10,3",2020
"UTILITÁRIO
ESPORTIVO
GRANDE 4X4",AUDI,Q5,2.0­16V,Black,DCT­7,S,E,G,\,\,"8,5","10,3",2020
"UTILITÁRIO
ESPORTIVO
GRANDE 4X4",AUDI,Q8,3.0­24V,Performance,A­8,S,E,G,\,\,"6,6","7,0",2020
"UTILITÁRIO
ESPORTIVO
GRANDE 4X4",AUDI,Q8,3.0­24V,"Performance
Black",A­8,S,E,G,\,\,"6,6","7,0",2020
"ESPORTIVO
GRANDE 4X4",MITSUBISHI,Eclipse Cross,1.5­16V Turbo,HPE­S S­AWC,CVT,S,E,G,\,\,"10,2","11,6",2020
"UTILITÁRIO
ESPORTIVO
GRANDE 4X4",MITSUBISHI,Eclipse Cross,1.5­16V Turbo,HPE­S S­AWC,CVT,S,E,G,\,\,"10,2","11,1",2020
"UTILITÁRIO
ESPORTIVO
GRANDE 4X4",HONDA,CR­V,1.5­16V Turbo,Touring,CVT,S,E,G,\,\,"10,4","11,9",2020
"UTILITÁRIO
ESPORTIVO
GRANDE 4X4",LEXUS,RX450H,3.5­24V,L Luxury,CVT,S,E,G,\,\,"11,6","10,4",2020
"UTILITÁRIO
ESPORTIVO
GRANDE 4X4",LEXUS,RX450H,3.5­24V,F Sport,CVT,S,E,G,\,\,"11,6","10,4",2020
"UTILITÁRIO
ESPORTIVO
GRANDE 4X4",MERCEDES­BENZ,GLC300,2.0­16V,Coupé,A­9,S,E,G,\,\,"8,3","10,1",2020
"UTILITÁRIO
ESPORTIVO
GRANDE 4X4",MERCEDES­BENZ,AMG GLC43,3.0­24V,Coupé,A­9,S,E,G,\,\,"7,0","8,9",2020
"UTILITÁRIO
ESPORTIVO
GRANDE 4X4",MERCEDES­BENZ,AMG GLC63S 4Matic,4.0­32V,Coupé,A­9,S,E,G,\,\,"6,2","8,1",2020
"UTILITÁRIO
ESPORTIVO
GRANDE 4X4",JEEP,Grand Cherokee,3.6­24V,Limited,A­8,S,H,G,\,\,"7,1","9,0",2020
"UTILITÁRIO
ESPORTIVO
GRANDE 4X4",JEEP,Grand Cherokee,3.0­24V,Limited,A­8,S,H,D,\,\,"9,6","12,0",2020
"UTILITÁRIO
ESPORTIVO",JEEP,Compass,2.0­16V,Longitude,A­9,S,E,D,\,\,"10,3","13,4",2020
"UTILITÁRIO
ESPORTIVO
GRANDE 4X4",JEEP,Compass,2.0­16V,Limited D,A­9,S,E,D,\,\,"10,2","13,4",2020
"UTILITÁRIO
ESPORTIVO
GRANDE 4X4",JEEP,Compass,2.0­16V,Limited S,A­9,S,E,D,\,\,"10,2","13,4",2020
"UTILITÁRIO
ESPORTIVO
GRANDE 4X4",JEEP,Compass,2.0­16V,Night Eagle,A­9,S,E,D,\,\,"10,3","13,4",2020
"UTILITÁRIO
ESPORTIVO
GRANDE 4X4",BMW,X3,2.0­16V,xDrive 20i,A­8,S,E­H,G,\,\,"9,4","10,7",2020
"UTILITÁRIO
ESPORTIVO
GRANDE 4X4",BMW,X3,2.0­16V,xDrive 30i,A­8,S,E­H,G,\,\,"9,3","10,5",2020
"UTILITÁRIO
ESPORTIVO
GRANDE 4X4",BMW,X3,3.0­24V,M40i,A­8,S,E­H,G,\,\,"8,3","9,7",2020
"UTILITÁRIO
ESPORTIVO
GRANDE 4X4",BMW,X3,3.0 ­ 24V,M,A­8,S,E­H,G,\,\,"6,8","8,8",2020
"UTILITÁRIO
ESPORTIVO
GRANDE 4X4",BMW,X3,2.0­16V,xDrive 30i,A­8,S,E­H,G,\,\,"9,3","10,5",2020
"UTILITÁRIO
ESPORTIVO
GRANDE 4X4",BMW,X3,2.0­16V,xDrive 20i,A­8,S,E­H,G,\,\,"9,4","10,7",2020
"UTILITÁRIO
ESPORTIVO
GRANDE 4X4",BMW,X3,3.0­24V,M40i,A­8,S,E­H,G,\,\,"8,3","9,7",2020
"UTILITÁRIO
ESPORTIVO
GRANDE 4X4",BMW,X3,3.0­24V,M Competition,A­8,S,E­H,G,\,\,"6,8","8,8",2020
"UTILITÁRIO
ESPORTIVO
GRANDE 4X4",BMW,X4,2.0­16V,xDrive 30i,A­8,S,E­H,G,\,\,"9,6","10,9",2020
"UTILITÁRIO
ESPORTIVO
GRANDE 4X4",BMW,X4,3.0­24V,M40i,A­8,S,E­H,G,\,\,"8,4","9,9",2020
"UTILITÁRIO
ESPORTIVO
GRANDE 4X4",BMW,X5,3.0 ­ 24V,M50D,A­8,S,E­H,D,\,\,"10,5","12,8",2020
"UTILITÁRIO
ESPORTIVO
GRANDE 4X4",BMW,X5 BR,3.0 ­ 24V,xDrive 30D,A­8,S,E­H,D,\,\,"10,1","11,9",2020
"UTILITÁRIO
ESPORTIVO
GRANDE 4X4",BMW,X5,3.0 ­ 24V,xDrive 30D,A­8,S,E­H,D,\,\,"10,1","11,9",2020
"UTILITÁRIO
ESPORTIVO
GRANDE 4X4",BMW,X5,3.0 ­ 24V,xDrive 45e,A­8,S,E­H,G,\,\,"20,6","21,3",2020
"UTILITÁRIO
ESPORTIVO
GRANDE 4X4",BMW,X5,3.0 ­ 24V,XDRIVE40i,A­8,S,E­H,G,\,\,"8,1","9,3",2020
"UTILITÁRIO
ESPORTIVO
GRANDE 4X4",BMW,X6,3.0 ­ 24V,xDrive 40i,A­8,S,E­H,G,\,\,"7,8","9,6",2020
"UTILITÁRIO
ESPORTIVO
GRANDE 4X4",BMW,X7,4.4 ­ 48V,M50i,A­8,S,E­H,G,\,\,"6,0","7,6",2020
"UTILITÁRIO
ESPORTIVO
GRANDE 4X4",CHEVROLET,Equinox,2.0­16V Turbo,Premier,A­9,S,E,G,\,\,"8,4","10,1",2020
"UTILITÁRIO
ESPORTIVO
GRANDE 4X4",CHEVROLET,Equinox,1.5­16V Turbo,Premier,A­6,S,E,G,\,\,"9,1","10,8",2020
"FORA DE
ESTRADA",LAND ROVER,Range Rover Sport,"5,0­32V",SC DYN,A­8,S,E,G,\,\,"5,0","7,3",2020
"FORA DE
ESTRADA",LAND ROVER,Range Rover Sport,"5,0­32V",SC AB,A­8,S,E,G,\,\,"5,0","7,3",2020
"FORA DE
ESTRADA",LAND ROVER,Range Rover Sport,"5,0­32V",SC AB D,A­8,S,E,G,\,\,"5,0","7,3",2020
"FORA DE
ESTRADA",LAND ROVER,Range Rover Sport,"3,0­24V",SC S,A­8,S,E,G,\,\,"6,0","8,4",2020
"FORA DE
ESTRADA",LAND ROVER,Range Rover Sport,"3,0­24V",SC SE,A­8,S,E,G,\,\,"6,0","8,4",2020
"FORA DE
ESTRADA",LAND ROVER,Range Rover Sport,"3,0­24V",SE HSE,A­8,S,E,G,\,\,"6,0","8,4",2020
"FORA DE
ESTRADA",LAND ROVER,Range Rover Sport,"3,0­24V",SC HST,A­8,S,E,G,\,\,"6,2","8,4",2020
"FORA DE
ESTRADA",LAND ROVER,Range Rover Sport,"3,0­24V",SC AB D,A­8,S,E,G,\,\,"6,2","8,4",2020
"FORA DE
ESTRADA",LAND ROVER,Range Rover Sport,"5,0­32V",SVR 550,A­8,S,E,G,\,\,"5,0","7,3",2020
"FORA DE
ESTRADA",LAND ROVER,Range Rover Sport,"3,0­24V",TD HSE,A­8,S,E,D,\,\,"9,7","12,4",2020
"FORA DE
ESTRADA",LAND ROVER,Range Rover Sport,"3,0­24V",TD S,A­8,S,E,D,\,\,"9,7","12,4",2020
"FORA DE
ESTRADA",LAND ROVER,Range Rover Sport,"3,0­24V",TD SE,A­8,S,E,D,\,\,"9,7","12,4",2020
"FORA DE
ESTRADA",LAND ROVER,Range Rover Sport,"3,0­24V",TD ABD,A­8,S,E,D,\,\,"9,7","12,4",2020
"FORA DE
ESTRADA",LAND ROVER,Range Rover Sport,4.0­32V,"4,4 HSE DYN",A­8,S,E,D,\,\,"8,0","10,8",2020
"FORA DE
ESTRADA",LAND ROVER,Range Rover Sport,5.0­32V,P525 HSE DYN,A­8,S,E,G,\,\,"5,6","7,7",2020
"FORA DE
ESTRADA",LAND ROVER,Range Rover Sport,5.0­32V,P575 SVR,A­8,S,E,G,\,\,"5,6","7,7",2020
"FORA DE
ESTRADA",LAND ROVER,Range Rover,"5,0­32V",SC Voguese,A­8,S,E,G,\,\,"4,6","7,5",2020
"FORA DE
ESTRADA",LAND ROVER,Range Rover,"5,0­32V",SC AB,A­8,S,E,G,\,\,"4,6","7,5",2020
"FORA DE
ESTRADA",LAND ROVER,Range Rover,"5,0­32V",SC AB L,A­8,S,E,G,\,\,"4,6","7,5",2020
"FORA DE
ESTRADA",LAND ROVER,Range Rover,"5,0­32V",ABLACKL,A­8,S,E,G,\,\,"4,6","7,5",2020
"FORA DE
ESTRADA",LAND ROVER,Range Rover,"5,0­32V",V8SC SVAB,A­8,S,E,G,\,\,"4,9","7,3",2020
"FORA DE
ESTRADA",LAND ROVER,Range Rover,"3,0­24V",HSE,A­8,S,E,D,\,\,"9,8","12,3",2020
"FORA DE
ESTRADA",LAND ROVER,Range Rover,"3,0­24V",Vogue,A­8,S,E,D,\,\,"9,8","12,3",2020
"FORA DE
ESTRADA",LAND ROVER,Range Rover,4.0­32V,AB,A­8,S,E,D,\,\,"8,2","10,4",2020
"FORA DE
ESTRADA",LAND ROVER,Range Rover,4.0­32V,AB LWB,A­8,S,E,D,\,\,"8,2","10,4",2020
"FORA DE
ESTRADA",LAND ROVER,Range Rover,4.0­32V,Vogue,A­8,S,E,D,\,\,"8,2","10,4",2020
"FORA DE
ESTRADA",LAND ROVER,Range Rover,4.0­32V,Voguese,A­8,S,E,D,\,\,"8,2","10,4",2020
"FORA DE
ESTRADA",LAND ROVER,Range Rover,5.0­32V,V8SC SWB 525,A­8,S,E,G,\,\,"5,6","7,7",2020
"FORA DE
ESTRADA",LAND ROVER,Range Rover,5.0­32V,SV Coupe,A­8,S,E,G,\,\,"5,3","7,6",2020
"FORA DE
ESTRADA",LAND ROVER,Range Rover,5.0­32V,SC LWB 565,A­8,S,E,G,\,\,"5,3","7,6",2020
"FORA DE
ESTRADA",LAND ROVER,Range Rover,5.0­32V,SC SWB 565,A­8,S,E,G,\,\,"5,3","7,6",2020
"FORA DE
ESTRADA",LAND ROVER,Discovery Sport,2.0­16V,P240 HSE,A­9,S,E,G,\,\,"7,5","9,2",2020
"FORA DE
ESTRADA",LAND ROVER,Discovery Sport,2.0­16V,P240 HSE 7L,A­9,S,E,G,\,\,"7,5","9,2",2020
"FORA DE
ESTRADA",LAND ROVER,Discovery Sport,2.0­16V,P240 HSE 7L,A­9,S,E,G,\,\,"7,5","9,2",2020
"FORA DE
ESTRADA",LAND ROVER,Discovery Sport,2.0­16V,P240 HSEL 7L,A­9,S,E,G,\,\,"7,5","9,2",2020
"FORA DE
ESTRADA",LAND ROVER,Discovery Sport,2.0­16V,P240 S,A­9,S,E,G,\,\,"7,5","9,2",2020
"FORA DE
ESTRADA",LAND ROVER,Discovery Sport,2.0­16V,P240 SE,A­9,S,E,G,\,\,"7,5","9,2",2020
"FORA DE
ESTRADA",LAND ROVER,Discovery Sport,2.0­16V,P240 SE 7L,A­9,S,E,G,\,\,"7,5","9,2",2020
"FORA DE
ESTRADA",LAND ROVER,Discovery Sport,2.0­16V,D180 S,A­9,S,E,D,\,\,"10,9","13,0",2020
"FORA DE
ESTRADA",LAND ROVER,Discovery Sport,2.0­16V,D180 LMK 7L,A­9,S,E,D,\,\,"10,9","13,0",2020
"FORA DE
ESTRADA",LAND ROVER,Discovery Sport,2.0­16V,D180 SE 7L,A­9,S,E,D,\,\,"10,9","13,0",2020
"FORA DE
ESTRADA",LAND ROVER,Discovery Sport,2.0­16V,D180 HSE 7L,A­9,S,E,D,\,\,"10,9","13,0",2020
"FORA DE
ESTRADA",LAND ROVER,Discovery Sport,2.0­16V,D180 HSE,A­9,S,E,D,\,\,"10,9","13,0",2020
"FORA DE
ESTRADA",LAND ROVER,Discovery Sport,2.0­16V,D180 SE,A­9,S,E,D,\,\,"10,9","13,0",2020
"FORA DE
ESTRADA",LAND ROVER,Discovery Sport,2.0­16V,D180 LMK,A­9,S,E,D,\,\,"10,9","13,0",2020
"FORA DE
ESTRADA",LAND ROVER,Discovery Sport,2.0­16V,D180 LMK,A­9,S,E,D,\,\,"10,3","12,2",2020
"FORA DE
ESTRADA",LAND ROVER,Discovery Sport,2.0­16V,D180 LMK,A­9,S,E,D,\,\,"10,3","12,2",2020
"FORA DE
ESTRADA",LAND ROVER,Discovery Sport,2.0­16V,D180 LMK,A­9,S,E,D,\,\,"10,3","12,2",2020
"FORA DE
ESTRADA",LAND ROVER,Discovery Sport,2.0­16V,D180 LMK,A­9,S,E,D,\,\,"10,3","12,2",2020
"FORA DE
ESTRADA",LAND ROVER,Discovery Sport,2.0­16V,P240FF HSE,A­9,S,E,F,"4,1","5,8","7,0","8,4",2020
"FORA DE
ESTRADA",LAND ROVER,Discovery Sport,2.0­16V,P240FF HSEL,A­9,S,E,F,"4,1","5,8","7,0","8,4",2020
"FORA DE
ESTRADA",LAND ROVER,Discovery Sport,2.0­16V,P240FF HSEL7,A­9,S,E,F,"4,1","5,8","7,0","8,4",2020
"FORA DE
ESTRADA",LAND ROVER,Discovery Sport,2.0­16V,P240FF HSE7L,A­9,S,E,F,"4,1","5,8","7,0","8,4",2020
"FORA DE
ESTRADA",LAND ROVER,Discovery Sport,2.0­16V,P240FF S,A­9,S,E,F,"4,1","5,8","7,0","8,4",2020
"FORA DE
ESTRADA",LAND ROVER,Discovery Sport,2.0­16V,P240FF SE,A­9,S,E,F,"4,1","5,8","7,0","8,4",2020
"FORA DE
ESTRADA",LAND ROVER,Discovery Sport,2.0­16V,P240FF SE 7L,A­9,S,E,F,"4,1","5,8","7,0","8,4",2020
"FORA DE
ESTRADA",LAND ROVER,Velar,2.0­16V,P250 STD,A­8,S,E,G,\,\,"8,0","9,9",2020
"FORA DE
ESTRADA",LAND ROVER,Velar,2.0­16V,P250 S,A­8,S,E,G,\,\,"8,0","9,9",2020
"FORA DE
ESTRADA",LAND ROVER,Velar,2.0­16V,P250 SE,A­8,S,E,G,\,\,"8,0","9,9",2020
"FORA DE
ESTRADA",LAND ROVER,Velar,2.0­16V,P250 HSE,A­8,S,E,G,\,\,"8,0","9,9",2020
"FORA DE
ESTRADA",LAND ROVER,Velar,2.0­16V,P250 STD RD,A­8,S,E,G,\,\,"8,0","9,9",2020
"FORA DE
ESTRADA",LAND ROVER,Velar,2.0­16V,P250 S RDYN,A­8,S,E,G,\,\,"8,0","9,9",2020
"FORA DE
ESTRADA",LAND ROVER,Velar,2.0­16V,P250 SE RDYN,A­8,S,E,G,\,\,"8,0","9,9",2020
"FORA DE
ESTRADA",LAND ROVER,Velar,2.0­16V,PP250 HSE RD,A­8,S,E,G,\,\,"8,0","9,9",2020
"FORA DE
ESTRADA",LAND ROVER,Velar,2.0­16V,P250 HSE RDYN,A­8,S,E,G,\,\,"8,0","9,9",2020
"FORA DE
ESTRADA",LAND ROVER,Velar,2.0­16V,P250 STD RDYN,A­8,S,E,G,\,\,"8,0","9,9",2020
"FORA DE
ESTRADA",LAND ROVER,Velar,3.0­16V,P380 FIRST ED,A­8,S,E,G,\,\,"6,8","9,0",2020
"FORA DE
ESTRADA",LAND ROVER,Velar,3.0­16V,P380 HSE,A­8,S,E,G,\,\,"6,8","9,0",2020
"FORA DE
ESTRADA",LAND ROVER,Velar,3.0­16V,P380 HSE RDYN,A­8,S,E,G,\,\,"6,8","9,0",2020
"FORA DE
ESTRADA",LAND ROVER,Velar,3.0­16V,P380 S,A­8,S,E,G,\,\,"6,8","9,0",2020
"FORA DE
ESTRADA",LAND ROVER,Velar,3.0­16V,P380 S RDYN,A­8,S,E,G,\,\,"6,8","9,0",2020
"FORA DE
ESTRADA",LAND ROVER,Velar,3.0­16V,P380 SE,A­8,S,E,G,\,\,"6,8","9,0",2020
"FORA DE
ESTRADA",LAND ROVER,Velar,3.0­16V,P380 SE RDYN,A­8,S,E,G,\,\,"6,8","9,0",2020
"FORA DE
ESTRADA",LAND ROVER,Velar,3.0­16V,P380 STD,A­8,S,E,G,\,\,"6,8","9,0",2020
"FORA DE
ESTRADA",LAND ROVER,Velar,3.0­16V,P380 STD RDYN,A­8,S,E,G,\,\,"6,8","9,0",2020
"FORA DE
ESTRADA",LAND ROVER,Velar,2.0­16V,P300 HSE,A­8,S,E,G,\,\,"7,2","9,0",2020
"FORA DE
ESTRADA",LAND ROVER,Velar,2.0­16V,P300 HSE RDYN,A­8,S,E,G,\,\,"7,2","9,0",2020
"FORA DE
ESTRADA",LAND ROVER,Velar,2.0­16V,P300 S,A­8,S,E,G,\,\,"7,2","9,0",2020
"FORA DE
ESTRADA",LAND ROVER,Velar,2.0­16V,P300 S RDYN,A­8,S,E,G,\,\,"7,2","9,0",2020
"FORA DE
ESTRADA",LAND ROVER,Velar,2.0­16V,P300 SE,A­8,S,E,G,\,\,"7,2","9,0",2020
"FORA DE
ESTRADA",LAND ROVER,Velar,2.0­16V,P300 SE RDYN,A­8,S,E,G,\,\,"7,2","9,0",2020
"FORA DE
ESTRADA",LAND ROVER,Velar,2.0­16V,P300 STD,A­8,S,E,G,\,\,"7,2","9,0",2020
"FORA DE
ESTRADA",LAND ROVER,Velar,2.0­16V,P300 STD RDYN,A­8,S,E,G,\,\,"7,2","9,0",2020
"FORA DE
ESTRADA",LAND ROVER,Evoque,"2,0­16V",D180 SE,A­9,S,E,D,\,\,"11,9","15,8",2020
"FORA DE
ESTRADA",LAND ROVER,Evoque,2.0­16V,D240 HB,A­9,S,E,D,\,\,"11,6","14,2",2020
"FORA DE
ESTRADA",LAND ROVER,Evoque,2.0­16V,D240 HSE DYN,A­9,S,E,D,\,\,"11,6","14,2",2020
"FORA DE
ESTRADA",LAND ROVER,Evoque,2.0­16V,D240 SE,A­9,S,E,D,\,\,"11,6","14,2",2020
"FORA DE
ESTRADA",LAND ROVER,Evoque,2.0­16V,D240 SE DYN,A­9,S,E,D,\,\,"11,6","14,2",2020
"FORA DE
ESTRADA",LAND ROVER,Evoque,2.0­16V,D240 AB,A­9,S,E,D,\,\,"11,6","14,2",2020
"FORA DE
ESTRADA",LAND ROVER,Evoque,2.0­16V,D240 HSE DYN,A­9,S,E,D,\,\,"11,6","14,2",2020
"FORA DE
ESTRADA",LAND ROVER,Evoque,2.0­16V,D240 SE DYN,A­9,S,E,D,\,\,"11,6","14,2",2020
"FORA DE
ESTRADA",LAND ROVER,Evoque,2.0­16V,P240 HSE DYN,A­9,S,E,G,\,\,"7,3","9,3",2020
"FORA DE
ESTRADA",LAND ROVER,Evoque,2.0­16V,"P240
LANDMAR",A­9,S,E,G,\,\,"7,3","9,3",2020
"FORA DE
ESTRADA",LAND ROVER,Evoque,2.0­16V,P240 PURE,A­9,S,E,G,\,\,"7,3","9,3",2020
"FORA DE
ESTRADA",LAND ROVER,Evoque,2.0­16V,P240 SE,A­9,S,E,G,\,\,"7,3","9,3",2020
"FORA DE
ESTRADA",LAND ROVER,Evoque,2.0­16V,P240 SE DYN,A­9,S,E,G,\,\,"7,3","9,3",2020
"FORA DE
ESTRADA",LAND ROVER,Evoque,2.0­16V,"P240FF HSE
DYN",A­9,S,E,F,"4,4","6,5","7,7","9,4",2020
"FORA DE
ESTRADA",LAND ROVER,Evoque,2.0­16V,P240FF PURE,A­9,S,E,F,"4,4","6,5","7,7","9,4",2020
"FORA DE
ESTRADA",LAND ROVER,Evoque,2.0­16V,P240FF SE,A­9,S,E,F,"4,4","6,5","7,7","9,4",2020
"FORA DE
ESTRADA",LAND ROVER,Evoque,2.0­16V,P240FF SE DYN,A­9,S,E,F,"4,4","6,5","7,7","9,4",2020
"FORA DE
ESTRADA",LAND ROVER,Evoque,2.0­16V,P240 Cabrio,A­9,S,E,G,\,\,"6,5","8,4",2020
"FORA DE
ESTRADA",LAND ROVER,Evoque,2.0­16V,P290 AB,A­9,S,E,G,\,\,"6,9","8,8",2020
"FORA DE
ESTRADA",LAND ROVER,Evoque,2.0­16V,P300 HSE RDY,A­9,S,E,G,\,\,"7,1","9,2",2020
"FORA DE
ESTRADA",LAND ROVER,Evoque,2.0­16V,P300 SE RDYN,A­9,S,E,G,\,\,"7,1","9,2",2020
"FORA DE
ESTRADA",LAND ROVER,Discovery,"3,0­24V",S,A­8,S,E,D,\,\,"8,3","11,2",2020
"FORA DE
ESTRADA",LAND ROVER,Discovery,"3,0­24V",Black,A­8,S,E,D,\,\,"8,3","11,2",2020
"FORA DE
ESTRADA",LAND ROVER,Discovery,"3,0­24V",HSE,A­8,S,E,D,\,\,"8,3","11,2",2020
"FORA DE
ESTRADA",LAND ROVER,Discovery,"3,0­24V",SE,A­8,S,E,D,\,\,"8,3","11,2",2020
"FORA DE
ESTRADA",LAND ROVER,Discovery,"3,0­24V",Graphite,A­8,S,E,D,\,\,"8,3","11,2",2020
"FORA DE
ESTRADA",LAND ROVER,Discovery,"3,0­24V",Graphite 5,A­8,S,E,D,\,\,"8,3","11,2",2020
"FORA DE
ESTRADA",LAND ROVER,Discovery,3.0­24V,FE 7,A­8,S,E,D,\,\,"8,7","10,4",2020
"FORA DE
ESTRADA",LAND ROVER,Discovery,3.0­24V,HSE,A­8,S,E,D,\,\,"8,7","10,4",2020
"FORA DE
ESTRADA",LAND ROVER,Discovery,3.0­24V,HSE 7,A­8,S,E,D,\,\,"8,7","10,4",2020
"FORA DE
ESTRADA",LAND ROVER,Discovery,3.0­24V,HSEL,A­8,S,E,D,\,\,"8,7","10,4",2020
"FORA DE
ESTRADA",LAND ROVER,Discovery,3.0­24V,HSEL7,A­8,S,E,D,\,\,"8,7","10,4",2020
"FORA DE
ESTRADA",LAND ROVER,Discovery,3.0­24V,Pure,A­8,S,E,D,\,\,"8,7","10,4",2020
"FORA DE
ESTRADA",LAND ROVER,Discovery,3.0­24V,Pure7,A­8,S,E,D,\,\,"8,7","10,4",2020
"FORA DE
ESTRADA",LAND ROVER,Discovery,3.0­24V,SE,A­8,S,E,D,\,\,"8,7","10,4",2020
"FORA DE
ESTRADA",LAND ROVER,Discovery,3.0­24V,SE 7,A­8,S,E,D,\,\,"8,7","10,4",2020
"FORA DE
ESTRADA",LAND ROVER,Range Rover Sport,2.0­16V,PHEV404 HSE,A­8,S,E,G,\,\,"16,3","16,0",2020
"FORA DE
ESTRADA",LAND ROVER,Range Rover Sport,2.0­16V,PHEV404 HSED,A­8,S,E,G,\,\,"16,3","16,0",2020
"FORA DE
ESTRADA",LAND ROVER,Range Rover,2.0­16V,VGSE PHEV,A­8,S,E,G,\,\,"16,3","16,0",2020
"FORA DE
ESTRADA",MITSUBISHI,Outlander,3.0­24V,V6 HPE­S,A­6,S,E,G,\,\,"8,2","10,3",2020
"FORA DE
ESTRADA",MITSUBISHI,Outlander,2.2­16V,HPE­S,A­6,S,E,D,\,\,"10,8","13,7",2020
"FORA DE
ESTRADA",MITSUBISHI,Pajero,3.8­24V,HPE,A­5,S,H,G,\,\,"5,3","6,7",2020
"FORA DE
ESTRADA",MITSUBISHI,Pajero,3.2­16V,HPE 3P,A­5,S,H,D,\,\,"8,3","9,9",2020
"FORA DE
ESTRADA",MITSUBISHI,Pajero,3.2­16V,HPE 5P,A­5,S,H,D,\,\,"8,3","9,9",2020
"FORA DE
ESTRADA",MITSUBISHI,Pajero Sport,2.4­16V,HPE,A­8,S,H,D,\,\,"8,9","11,7",2020
"FORA DE
ESTRADA",MITSUBISHI,Pajero Sport,2.4­16V,HPE­S,A­8,S,H,D,\,\,"8,9","11,7",2020
"FORA DE
ESTRADA",SUZUKI,Jimny,1.3­16V,4All,M­5,S,H,G,\,\,"10,3","10,4",2020
"FORA DE
ESTRADA",SUZUKI,Jimny,1.3­16V,4Sport,M­5,S,H,G,\,\,"10,3","10,4",2020
"FORA DE
ESTRADA",SUZUKI,Jimny,1.3­16V,4Work,M­5,S,H,G,\,\,"10,3","10,4",2020
"FORA DE
ESTRADA",SUZUKI,Jimny,1.3­16V,4Sport Forest,M­5,S,H,G,\,\,"10,3","10,4",2020
"FORA DE
ESTRADA",SUZUKI,Jimny Sierra,1.5­16V,4You Allgrip,A­4,S,E,G,\,\,"10,3","10,2",2020
"FORA DE
ESTRADA",SUZUKI,Jimny Sierra,1.5­16V,4Style Allgrip,A­4,S,E,G,\,\,"10,3","10,2",2020
"FORA DE
ESTRADA",SUZUKI,Jimny Sierra,1.5­16V,4You Allgrip,M­5,S,E,G,\,\,"10,3","11,1",2020
"FORA DE
ESTRADA",SUZUKI,Jimny Sierra,1.5­16V,4All Allgrip,M­5,S,E,G,\,\,"10,3","11,1",2020
"FORA DE
ESTRADA",TOYOTA,SW4,2.8­16V,SRV,A­6,S,E,D,\,\,"9,0","10,5",2020
"FORA DE
ESTRADA",TOYOTA,SW4,2.8­16V,SRX,A­6,S,E,D,\,\,"9,0","10,5",2020
"FORA DE
ESTRADA",TOYOTA,SW4,2.8­16V,SR,A­6,S,E,D,\,\,"9,0","10,5",2020
"FORA DE
ESTRADA",TOYOTA,SW4,2.8­16V,Diamond,A­6,S,E,D,\,\,"9,0","10,5",2020
"FORA DE
ESTRADA",JEEP,Compass,2.0­16V,Trailhawk,A­9,S,E,D,\,\,"10,2","13,4",2020
"FORA DE
ESTRADA",JEEP,Renegade,2.0­16V,Trailhawk,A­9,S,E,D,\,\,"10,1","12,5",2020
"FORA DE
ESTRADA",JEEP,Renegade,2.0­16V,Longitude,A­9,S,E,D,\,\,"10,2","12,9",2020
"FORA DE
ESTRADA",JEEP,Renegade,2.0­16V,Sport Custom,A­9,S,E,D,\,\,"10,2","12,9",2020
"FORA DE
ESTRADA",JEEP,Wrangler,2.0­16V,Rubicon,A­8,S,E,G,\,\,"7,3","7,8",2020
"FORA DE
ESTRADA",JEEP,Wrangler,2.0­16V,"Rubicon
Unlimited",A­8,S,E,G,\,\,"7,3","7,8",2020
"FORA DE
ESTRADA",JEEP,Wrangler,2.0­8V,Sahara 2PT,A­8,S,H,G,\,\,"8,0","8,6",2020
"FORA DE
ESTRADA",JEEP,Wrangler,2.0­8V,Sport 2PT,A­8,S,H,G,\,\,"8,0","8,6",2020
"FORA DE
ESTRADA",JEEP,Wrangler,2.0­8V,Sahara 4PT,A­8,S,H,G,\,\,"7,9","8,4",2020
"FORA DE
ESTRADA",JEEP,Wrangler,2.0­8V,Sport 4PT,A­8,S,H,G,\,\,"7,9","8,4",2020
"FORA DE
ESTRADA",CHEVROLET,Trailblazer,3.6­24V,Premierr,A­6,S,E,G,\,\,"6,6","8,6",2020
"FORA DE
ESTRADA",CHEVROLET,Trailblazer,2.8­16V,Premier,A­6,S,E,D,\,\,"8,4","10,5",2020
"FORA DE
ESTRADA",CHEVROLET,Trailblazer,2.8­16V,LT,A­6,S,E,D,\,\,"8,4","10,5",2020
MINIVAN,KIA,Carnival,3.3­24V,EX,A­6,S,H,G,\,\,"6,4","8,4",2020
MINIVAN,KIA,Carnival,3.3­24V,LX,A­6,S,H,G,\,\,"6,4","8,4",2020
MINIVAN,FIAT,Dobló,1.8­16V,Essence 7L,M­5,S,H,F,"6,4","7,0","9,3","10,2",2020
MINIVAN,DODGE,Journey,3.6­24V,RT,A­6,S,H,G,\,\,"6,4","8,6",2020
MINIVAN,CHEVROLET,Spin,1.8­8V,Premier (7L),A­6,S,E,F,"7,1","8,7","10,2","12,4",2020
MINIVAN,CHEVROLET,Spin,1.8­8V,Premier (7L),M­6,S,E,F,"7,7","9,0","11,1","12,7",2020
MINIVAN,CHEVROLET,Spin,1.8­8V,AT ACT (7L),A­6,S,E,F,"7,1","8,3","10,2","11,8",2020
COMERCIAL,KIA,Bongo K2500,2.5­16V,HD SC,M­6,S,H,D,\,\,"9,5","9,7",2020
COMERCIAL,HYUNDAI,HR,2.5­16V,HDB,M­6,S,H,D,\,\,"9,0","8,8",2020
COMERCIAL,PEUGEOT,Expert,1.6­16V,BUSIN,M­6,S,E,D,\,\,"11,4","12,1",2020
COMERCIAL,PEUGEOT,Expert,1.6­16V,BUSINPK,M­6,S,E,D,\,\,"11,4","12,1",2020
COMERCIAL,PEUGEOT,Expert,1.6­16V,Minibus,M­6,S,E,D,\,\,"11,5","11,8",2020
COMERCIAL,PEUGEOT,Boxer,2.0­16V,BUSIN L2,M­6,S,H,D,\,\,"9,5","9,6",2020
COMERCIAL,PEUGEOT,Boxer,2.0­16V,BUSIN L3,M­6,S,H,D,\,\,"9,5","9,6",2020
COMERCIAL,PEUGEOT,Boxer,2.0­16V,Minibus,M­6,S,H,D,\,\,"8,7","9,0",2020
COMERCIAL,CITROEN,Jumpy,1.6­16V,Furgão,M­6,S,E,D,\,\,"11,4","12,1",2020
COMERCIAL,CITROEN,Jumpy,1.6­16V,Furgão PK,M­6,S,E,D,\,\,"11,4","12,1",2020
COMERCIAL,CITROEN,Jumpy,1.6­16V,Minibus,M­6,S,E,D,\,\,"11,5","11,8",2020
COMERCIAL,CITROEN,Jumper,2.0­16V,FG L2H2,M­6,S,H,D,\,\,"9,5","9,6",2020
COMERCIAL,CITROEN,Jumper,2.0­16V,FG L3H2,M­6,S,H,D,\,\,"9,5","9,6",2020
COMERCIAL,CITROEN,Jumper,2.0­16V,Minibus,M­6,S,H,D,\,\,"8,7","9,0",2020
COMERCIAL,FIAT,Ducato,2.3­16V,Chassi,M­6,S,H,D,\,\,"8,9","9,4",2020
COMERCIAL,FIAT,Ducato,2.3­16V,Cargo 8M³,M­6,S,H,D,\,\,"8,7","10,1",2020
COMERCIAL,FIAT,Ducato,2.3­16V,Cargo 10M³,M­6,S,H,D,\,\,"8,7","10,1",2020
COMERCIAL,FIAT,Ducato,2.3­16V,"Maxi Cargo
13M³",M­6,S,H,D,\,\,"8,7","10,1",2020
COMERCIAL,FIAT,Ducato,2.3­16V,Multi Longo,M­6,S,H,D,\,\,"8,7","10,1",2020
COMERCIAL,FIAT,Ducato,2.3­16V,"Multi Extra
Longo",M­6,S,H,D,\,\,"8,7","10,1",2020
COMERCIAL,FIAT,Fiorino,1.4­8V,Hard Working,M­5,S,H,F,"7,5","8,6","10,6","12,1",2020
COMERCIAL,RENAULT,Kangoo,1.6­16V,Express,M­5,S,H,F,"7,3","7,7","10,4","10,9",2020
COMERCIAL,RENAULT,Master Bus,2.3­16V,Minibus,M­6,S,H,D,\,\,"7,3","7,8",2020
COMERCIAL,RENAULT,Master Bus,2.3­16V,Trabus,M­6,S,H,D,\,\,"7,3","7,8",2020
COMERCIAL,RENAULT,Master Furgão,2.3­16V,Furgão,M­6,S,H,D,\,\,"7,8","8,2",2020
COMERCIAL,RENAULT,Master Chassis Cabine,2.3­16V,Chassis Cabine,M­6,S,H,D,\,\,"7,9","8,1",2020
"PICAPE
COMPACTA",FIAT,Strada,1.4­8V,Working CC,M­5,N,H,F,"8,1","9,3","11,5","13,5",2020
"PICAPE
COMPACTA",FIAT,Strada,1.4­8V,Freedom CC,M­5,S,H,F,"7,4","8,5","10,7","12,2",2020
"PICAPE
COMPACTA",FIAT,Strada,1.4­8V,Freedom CD,M­5,S,H,F,"7,4","8,5","10,7","12,2",2020
"PICAPE
COMPACTA",FIAT,Strada,1.4­8V,"Hard Working
CE",M­5,S,H,F,"7,4","8,5","10,7","12,2",2020
"PICAPE
COMPACTA",FIAT,Strada,1.4­8V,"Hard Working
CC",M­5,S,H,F,"7,4","8,5","10,7","12,2",2020
"PICAPE
COMPACTA",FIAT,Strada,1.4­8V,"Hard Working
CD",M­5,S,H,F,"7,4","8,5","10,7","12,2",2020
"PICAPE
COMPACTA",FIAT,Strada,1.8­16V,Adventure,M­5,S,H,F,"6,7","7,5","9,6","11,0",2020
"PICAPE
COMPACTA",RENAULT,Oroch,2.0­16V,Dynamique,M­6,S,E­H,F,"7,0","7,4","10,0","10,9",2020
"PICAPE
COMPACTA",RENAULT,Oroch,2.0­16V,Dynamique 4x2,A­4,S,E­H,F,"5,9","7,0","8,6","10,3",2020
"PICAPE
COMPACTA",RENAULT,Oroch,1.6­16V,Dynamique 4x2,M­5,S,E­H,F,"7,6","7,7","11,1","11,2",2020
"PICAPE
COMPACTA",RENAULT,Oroch,1.6­16V,Expression 4x2,M­5,S,E­H,F,"7,6","7,7","11,1","11,2",2020
"PICAPE
COMPACTA",CHEVROLET,Montana,1.4­8V,LS1,MT­5,N,H,F,"7,7","9,0","11,2","13,1",2020
"PICAPE
COMPACTA",CHEVROLET,Montana,1.4­8V,LS2,MT­5,S,H,F,"7,5","8,4","10,7","12,2",2020
"PICAPE
COMPACTA",CHEVROLET,Montana,1.4­8V,Sport,MT­5,S,H,F,"7,5","8,7","10,8","12,6",2020
"PICAPE
COMPACTA",VW,Saveiro,1.6­8V,"Robust (Cabine
Simples)",M­5,S,H,F,"7,5","8,8","10,8","12,4",2020
"PICAPE
COMPACTA",VW,Saveiro,1.6­8V,"Trendline
(Cabine
Simples)",M­5,S,H,F,"7,5","8,8","10,8","12,4",2020
"PICAPE
COMPACTA",VW,Saveiro,1.6­8V,"Robust (Cabine
Dupla)",M­5,S,H,F,"7,6","8,6","10,9","12,1",2020
"PICAPE
COMPACTA",VW,Saveiro,1.6­16V,"Cross (Cabine
Dupla)",M­5,S,H,F,"7,2","8,6","10,4","12,4",2020
PICAPE,SSANGYONG,Musso,2.2­16V,STD,A­6,S,H,D,\,\,"8,9","11,1",2020
PICAPE,SSANGYONG,Musso,2.2­16V,DLX,A­6,S,H,D,\,\,"8,9","11,1",2020
PICAPE,NISSAN,Frontier,2.3­16V,LE,A­7,S,H,D,\,\,"9,2","10,5",2020
PICAPE,NISSAN,Frontier,2.3­16V,SE,A­7,S,H,D,\,\,"9,2","10,5",2020
PICAPE,NISSAN,Frontier,2.3­16V,ATK,A­7,S,H,D,\,\,"9,2","10,5",2020
PICAPE,NISSAN,Frontier,2.3­16V,XE,A­7,S,H,D,\,\,"9,2","10,5",2020
PICAPE,NISSAN,Frontier,2.3­16V,S,MT,S,H,D,\,\,"9,3","10,2",2020
PICAPE,NISSAN,Frontier,2.3­16V,SE,A­7,S,H,D,\,\,"9,3","11,3",2020
PICAPE,NISSAN,Frontier,2.3­16V,ATK,A­7,S,H,D,\,\,"9,3","11,3",2020
PICAPE,FORD,Ranger 4x4,2.2­16V,XL,M­6,S,E,D,\,\,"10,3","10,4",2020
PICAPE,FORD,Ranger 4x4,2.2­16V,XLS,M­6,S,E,D,\,\,"10,3","10,4",2020
PICAPE,FORD,Ranger 4x2 C. Dupla,2.2­16V,XLS,A­6,S,E,D,\,\,"9,6","11,3",2020
PICAPE,FORD,Ranger 4x4 C. Dupla,2.2­16V,XLS,A­6,S,E,D,\,\,"9,0","10,4",2020
PICAPE,FORD,Ranger,3.2­20V,"Limited 4x4
(Cabine Dupla)",A­6,S,E,D,\,\,"8,6","9,9",2020
PICAPE,FORD,Ranger 4x4 C. Dupla,3.2­20V,XLT,A­6,S,E,D,\,\,"8,4","9,4",2020
PICAPE,FORD,Ranger 4x4 C. Dupla,3.2­20V,Storm,A­6,S,E,D,\,\,"8,4","9,4",2020
PICAPE,MITSUBISHI,L200 Triton Sport,2.4­16V,GLS,M­6,S,H,D,\,\,"10,1","13,2",2020
PICAPE,MITSUBISHI,L200 Triton Sport,2.4­16V,GLX,M­6,S,H,D,\,\,"10,1","13,2",2020
PICAPE,MITSUBISHI,L200 Triton Sport,2.4­16V,GL,M­6,S,H,D,\,\,"10,1","13,2",2020
PICAPE,MITSUBISHI,L200 Triton Sport,2.4­16V,GLS,A­5,S,H,D,\,\,"9,8","11,8",2020
PICAPE,MITSUBISHI,L200 Triton Sport,2.4­16V,HPE,A­5,S,H,D,\,\,"9,8","11,8",2020
PICAPE,MITSUBISHI,L200 Triton Sport,2.4­16V,HPE­S,A­5,S,H,D,\,\,"9,8","11,8",2020
PICAPE,TOYOTA,Hilux Diesel 4X4,2.8­16V,GR­S,A­6,S,E,D,\,\,"9,0","10,5",2020
PICAPE,TOYOTA,Hilux Diesel 4X4,2.8­16V,SRX,A­6,S,E,D,\,\,"9,0","10,5",2020
PICAPE,TOYOTA,Hilux Diesel 4X4,2.8­16V,SRV,A­6,S,E,D,\,\,"9,0","10,5",2020
PICAPE,TOYOTA,Hilux Diesel 4X4,2.8­16V,SR,A­6,S,E,D,\,\,"9,0","10,5",2020
PICAPE,TOYOTA,Hilux,2.8­16V,STD 4x4,M­6,S,E,D,\,\,"9,3","11,2",2020
PICAPE,TOYOTA,Hilux,2.8­16V,SC 4x4,M­6,S,E,D,\,\,"9,3","11,2",2020
PICAPE,TOYOTA,Hilux,2.8­16V,CC 4x4,M­6,S,E,D,\,\,"9,3","11,2",2020
PICAPE,TOYOTA,Hilux,2.8­16V,Narrow 4x4,M­6,S,E,D,\,\,"9,3","11,2",2020
PICAPE,TOYOTA,Hilux Flex 4X2,2.7­16V,CD SRV,A­6,S,E,F,"4,8","5,6","6,9","8,1",2020
PICAPE,TOYOTA,Hilux Flex 4X2,2.7­16V,CD SR,A­6,S,E,F,"4,8","5,6","6,9","8,1",2020
PICAPE,TOYOTA,Hilux Flex 4X2,2.7­16V,CHALLENGE,A­6,S,E,F,"4,8","5,6","6,9","8,1",2020
PICAPE,TOYOTA,Hilux Flex 4X2,2.7­16V,SR,M­5,S,E,F,"4,6","5,6","6,6","8,0",2020
PICAPE,TOYOTA,Hilux Flex 4X2,2.7­16V,SRV,M­5,S,E,F,"4,6","5,6","6,6","8,0",2020
PICAPE,TOYOTA,Hilux Flex 4X4,2.7­16V,CD SRV,A­6,S,E,F,"4,8","5,6","6,9","8,1",2020
PICAPE,TOYOTA,Hilux Gasolina 4X4,4.0­24V,GR­S,A­6,S,E,G,\,\,"6,0","7,6",2020
PICAPE,FIAT,Toro,2.4­16V,Volcano,A­9,S,E,F,"6,0","7,7","8,7","10,8",2020
PICAPE,FIAT,Toro,2.0­16V,Endurance 4X4,A­9,S,E,D,\,\,"9,9","12,3",2020
PICAPE,FIAT,Toro,2.0­16V,Freedom 4X4,A­9,S,E,D,\,\,"9,9","12,3",2020
PICAPE,FIAT,Toro,2.0­16V,Volcano 4X4,A­9,S,E,D,\,\,"9,9","12,3",2020
PICAPE,FIAT,Toro,2.0­16V,Ranch,A­9,S,E,D,\,\,"9,9","12,3",2020
PICAPE,FIAT,Toro,2.0­16V,Ultra,A­9,S,E,D,\,\,"9,9","12,3",2020
PICAPE,CHEVROLET,S10,2.5­16V,"ADV 4x2
(Cabine Dupla)",M­6,S,E,F,"5,6","6,4","8,4","9,5",2020
PICAPE,CHEVROLET,S10,2.5­16V,"High Country
Cabine Dupla",M­6,S,E,F,"5,5","6,4","8,3","9,5",2020
PICAPE,CHEVROLET,S10,2.5­16V,"High Country
Cabine Dupla
4x2",A­6,S,E,F,"5,3","6,4","7,8","9,5",2020
PICAPE,CHEVROLET,S10,2.5­16V,"High Country
Cabine Dupla
4x4",M­6,S,E,F,"5,3","6,1","8,0","9,0",2020
PICAPE,CHEVROLET,S10,2.5­16V,"High Country
Cabine Dupla
4x4",A­6,S,E,F,"5,1","6,2","7,5","9,1",2020
PICAPE,CHEVROLET,S10,2.5­16V,"LS Cabine
Simples 4x2",M­6,S,E,F,"5,6","6,0","8,2","8,8",2020
PICAPE,CHEVROLET,S10,2.5­16V,"LS Cabine
Dupla 4x2",M­6,S,E,F,"5,6","6,4","8,4","9,5",2020
PICAPE,CHEVROLET,S10,2.5­16V,"LT Cabine
Dupla 4x2",M­6,S,E,F,"5,6","6,4","8,4","9,5",2020
PICAPE,CHEVROLET,S10,2.5­16V,"LTZ Cabine
Dupla 4x2",M­6,S,E,F,"5,6","6,4","8,4","9,5",2020
PICAPE,CHEVROLET,S10,2.5­16V,"LTZ Cabine
Dupla 4x2",A­6,S,E,F,"5,3","6,4","7,9","9,4",2020
PICAPE,CHEVROLET,S10,2.5­16V,"LT Cabine
Dupla 4x2",A­6,S,E,F,"5,3","6,4","7,9","9,4",2020
PICAPE,CHEVROLET,S10,2.5­16V,"LT Cabine
Dupla 4x4",M­6,S,E,F,"5,3","6,1","8,1","9,1",2020
PICAPE,CHEVROLET,S10,2.5­16V,"LTZ Cabine
Dupla 4x4",M­6,S,E,F,"5,3","6,1","8,1","9,1",2020
PICAPE,CHEVROLET,S10,2.5­16V,"LT Cabine
Dupla 4x4",A­6,S,E,F,"5,0","6,2","7,4","9,0",2020
PICAPE,CHEVROLET,S10,2.5­16V,"LTZ Cabine
Dupla 4x4",A­6,S,E,F,"5,0","6,2","7,4","9,0",2020
PICAPE,CHEVROLET,S10,2.8­16V,"High Country
Cabine Dupla
4x4",A­6,S,E,D,\,\,"8,7","10,6",2020
PICAPE,CHEVROLET,S10,2.8­16V,"LT Cabine
Dupla 4x4",A­6,S,E,D,\,\,"8,7","10,6",2020
PICAPE,CHEVROLET,S10,2.8­16V,"LTZ Cabine
Dupla 4x4",A­6,S,E,D,\,\,"8,7","10,6",2020
PICAPE,CHEVROLET,S10,2.8­16V,"LS Cabine
Dupla 4x4",M­6,S,E,D,\,\,"9,1","11,0",2020
PICAPE,CHEVROLET,S10,2.8­16V,"LT Cabine
Dupla 4x4",M­6,S,E,D,\,\,"9,1","11,0",2020
PICAPE,CHEVROLET,S10,2.8­16V,"LT Cabine
Dupla 4x4",M­6,S,E,D,\,\,"9,1","11,0",2020
PICAPE,CHEVROLET,S10,2.8­16V,"LS Cabine
Simples 4x4",M­6,S,E,D,\,\,"8,8","10,4",2020
PICAPE,CHEVROLET,S10,2.8­16V,"LS Cabine
Chassis 4x4",M­6,S,E,D,\,\,"8,8","10,4",2020
PICAPE,CHEVROLET,S10,2.8­16V,"LTZ Cabine
Dupla 4x2",A­6,S,E,D,\,\,"8,8","10,8",2020
PICAPE,CHEVROLET,S10,2.8­16V,"LT Cabine
Dupla 4x2",A­6,S,E,D,\,\,"8,8","10,8",2020
PICAPE,CHEVROLET,S10,2.8­16V,"Midnught
Cabine Dupla
4x4",A­6,S,E,D,\,\,"8,7","10,6",2020
PICAPE,VW,Amarok,2.0­16V,S CS CH MA4,M­6,S,H,D,\,\,"9,3","8,5",2020
PICAPE,VW,Amarok,2.0­16V,CD 4X4 S,M­6,S,H,D,\,\,"7,9","8,7",2020
PICAPE,VW,Amarok,2.0­16V,CS 4X4 S,M­6,S,H,D,\,\,"7,9","8,7",2020
PICAPE,VW,Amarok,2.0­16V,CD 4X4 SE,M­6,S,H,D,\,\,"8,5","9,3",2020
PICAPE,VW,Amarok,2.0­16V,PAT SE I,M­6,S,H,D,\,\,"8,5","9,3",2020
PICAPE,VW,Amarok,2.0­16V,PAT SE II,M­6,S,H,D,\,\,"8,5","9,3",2020
PICAPE,VW,Amarok,2.0­16V,PAT SE III,M­6,S,H,D,\,\,"8,5","9,3",2020
PICAPE,VW,Amarok,2.0­16V,CD 4X4 High,A­8,S,H,D,\,\,"8,2","8,4",2020
PICAPE,VW,Amarok,2.0­16V,CD 4X4 Trend,A­8,S,H,D,\,\,"8,2","8,4",2020
PICAPE,VW,Amarok,2.0­16V,"CD 4X4
Comfort",A­8,S,H,D,\,\,"8,2","8,4",2020
PICAPE,VW,Amarok,3.0­24V,V6 HIGH AC4,A­8,S,H,D,\,\,"8,0","8,4",2020
PICAPE,VW,Amarok,3.0­24V,V6 EXTR AC4,A­8,S,H,D,\,\,"8,0","8,4",2020
ESPORTIVO,PORSCHE,911,3.0­24V,Carrera,DCT­7,S,E­H,G,\,\,"8,2","10,8",2020
ESPORTIVO,PORSCHE,911,3.0­24V,"Carrera
Cabriolet",DCT­7,S,E­H,G,\,\,"8,2","10,8",2020
ESPORTIVO,PORSCHE,911,3.0­24V,Carrera 4,DCT­7,S,E­H,G,\,\,"8,2","10,8",2020
ESPORTIVO,PORSCHE,911,3.0­24V,"Carrera 4
Cabriolet",DCT­7,S,E­H,G,\,\,"8,2","10,8",2020
ESPORTIVO,PORSCHE,911,3.0­24V,Targa 4,DCT­7,S,E­H,G,\,\,"8,2","10,8",2020
ESPORTIVO,PORSCHE,911,3.8­24V,Turbo,DCT­7,S,E­H,G,\,\,"7,0","9,2",2020
ESPORTIVO,PORSCHE,911,3.8­24V,Turbo Cabriolet,DCT­7,S,E­H,G,\,\,"7,0","9,2",2020
ESPORTIVO,PORSCHE,911,3.8­24V,Turbo S,DCT­7,S,E­H,G,\,\,"6,9","9,1",2020
ESPORTIVO,PORSCHE,911,3.8­24V,"Turbo S
Cabriolet",DCT­7,S,E­H,G,\,\,"6,9","9,1",2020
ESPORTIVO,PORSCHE,911,3.0­24V,Carrera GTS CA,DCT­7,S,E­H,G,\,\,"7,4","9,8",2020
ESPORTIVO,PORSCHE,911,3.0­24V,Carrera GTS,DCT­7,S,E­H,G,\,\,"7,4","9,8",2020
ESPORTIVO,PORSCHE,911,3.0­24V,"Carrera 4 GT
SCA",DCT­7,S,E­H,G,\,\,"7,4","9,8",2020
ESPORTIVO,PORSCHE,911,3.0­24V,Targa 4GTS,DCT­7,S,E­H,G,\,\,"7,4","9,8",2020
ESPORTIVO,PORSCHE,911,3.0­24V,Carrera 4 GTS,DCT­7,S,E­H,G,\,\,"7,4","9,8",2020
ESPORTIVO,PORSCHE,911,3.0­24V,Carrera T,DCT­7,S,E,G,\,\,"8,1","10,4",2020
ESPORTIVO,PORSCHE,911,3.0­24V,Carrera T,M­7,S,E,G,\,\,"6,5","10,1",2020
ESPORTIVO,PORSCHE,911,3.8­24V,GT2 RS,DCT­7,S,E,G,\,\,"6,3","8,7",2020
ESPORTIVO,PORSCHE,911,4.0­24V,GT3 RS,DCT­7,S,E,G,\,\,"5,7","7,7",2020
ESPORTIVO,PORSCHE,911,4.0­24V,GT3,DCT­7,S,E,G,\,\,"5,9","8,2",2020
ESPORTIVO,PORSCHE,911,3.0­24V,Carrera S,DCT­8,S,E,G,\,\,"6,4","8,5",2020
ESPORTIVO,PORSCHE,911,3.0­24V,Carrera 4S,DCT­8,S,E,G,\,\,"6,4","8,5",2020
ESPORTIVO,PORSCHE,911,3.0­24V,Carrera SC,DCT­8,S,E,G,\,\,"6,4","8,5",2020
ESPORTIVO,PORSCHE,911,3.0­24V,Carrera 4SC,DCT­8,S,E,G,\,\,"6,4","8,5",2020
ESPORTIVO,PORSCHE,Boxster,2.5­16V,S,DCT­7,S,E­H,G,\,\,"8,7","11,4",2020
ESPORTIVO,PORSCHE,Boxster,2.5­16V,GTS,DCT­7,S,E,G,\,\,"7,9","10,3",2020
ESPORTIVO,PORSCHE,Cayman,2.5­16V,S,DCT­7,S,E­H,G,\,\,"8,7","11,4",2020
ESPORTIVO,PORSCHE,Cayman,2.5­16V,GTS,DCT­7,S,E,G,\,\,"7,9","10,3",2020
ESPORTIVO,PORSCHE,Panamera (MY19),3.0­24V,4,DCT­8,S,E,G,\,\,"8,4","12,4",2020
ESPORTIVO,PORSCHE,Panamera (MY19),3.0­24V,4 EXE,DCT­8,S,E,G,\,\,"8,4","12,4",2020
ESPORTIVO,PORSCHE,Panamera (MY19),3.0­24V,4ST,DCT­8,S,E,G,\,\,"8,4","12,4",2020
ESPORTIVO,PORSCHE,Panamera (MY19),2.9­24V,4S,DCT­8,S,E­H,G,\,\,"7,5","10,2",2020
ESPORTIVO,PORSCHE,Panamera (MY19),4.0­32V,Turbo,DCT­8,S,E­H,G,\,\,"6,5","9,6",2020
ESPORTIVO,PORSCHE,Panamera (MY19),4.0­32V,T ST,DCT­8,S,E,G,\,\,"6,3","9,4",2020
ESPORTIVO,PORSCHE,Panamera,2.9­24V,4EHEX,A­8,S,E,G,\,\,"19,2","21,3",2020
ESPORTIVO,PORSCHE,Panamera,2.9­24V,4EHST,A­8,S,E,G,\,\,"19,2","21,3",2020
ESPORTIVO,PORSCHE,Panamera,2.9­24V,4EHYB,A­8,S,E,G,\,\,"19,2","21,3",2020
ESPORTIVO,PORSCHE,Panamera,4.0­32V,TSEHE,A­8,S,E,G,\,\,"18,4","20,3",2020
ESPORTIVO,PORSCHE,Panamera,4.0­32V,TSEHS,A­8,S,E,G,\,\,"18,4","20,3",2020
ESPORTIVO,PORSCHE,Panamera,4.0­32V,TSEHY,A­8,S,E,G,\,\,"18,4","20,3",2020
ESPORTIVO,JAGUAR,F­Type,3.0­24V,Coupe,A­8,S,H,G,\,\,"6,9","10,3",2020
ESPORTIVO,JAGUAR,F­Type,3.0­24V,Cabrio,A­8,S,H,G,\,\,"6,9","10,3",2020
ESPORTIVO,JAGUAR,F­Type,3.0­24V,S Cabrio,A­8,S,H,G,\,\,"7,1","9,9",2020
ESPORTIVO,JAGUAR,F­Type,3.0­24V,S Coupe,A­8,S,H,G,\,\,"7,1","9,9",2020
ESPORTIVO,JAGUAR,F­Type,3.0­24V,380RD CP,A­8,S,H,G,\,\,"7,1","9,9",2020
ESPORTIVO,JAGUAR,F­Type,5.0­32V,R COUP4W,A­8,S,H,G,\,\,"5,7","8,6",2020
ESPORTIVO,JAGUAR,F­Type,3.0­24V,400 Sport,A­8,S,E,G,\,\,"6,9","10,1",2020
ESPORTIVO,JAGUAR,F­Type,2.0­16V Turbo,300 CB,A­8,S,E,G,\,\,"7,8","10,6",2020
ESPORTIVO,JAGUAR,F­Type,2.0­16V Turbo,300 CP,A­8,S,E,G,\,\,"7,8","10,6",2020
ESPORTIVO,JAGUAR,F­Type,2.0­16V Turbo,300RD CB,A­8,S,E,G,\,\,"7,8","10,6",2020
ESPORTIVO,JAGUAR,F­Type,2.0­16V Turbo,300RD CP,A­8,S,E,G,\,\,"7,8","10,6",2020
ESPORTIVO,JAGUAR,F­Type,5.0­32V,SVR 575,A­8,S,E,G,\,\,"5,9","9,0",2020
ESPORTIVO,LAMBORGHINI,Huracan,5.2­40V,Evo SP,DCT­7,S,E,G,\,\,"4,8","6,8",2020
ESPORTIVO,LAMBORGHINI,Huracan,5.2­40V,Evo CP,DCT­7,S,E,G,\,\,"4,8","6,8",2020
ESPORTIVO,FERRARI,488,3.9­32V,Pista Spyder,DCT­7,S,E,G,\,\,"6,2","8,4",2020
ESPORTIVO,NISSAN,GT­R Premium,3.8­24V,Premium,DCT­6,S,H,G,\,\,"6,1","8,2",2020
ESPORTIVO,NISSAN,GT­R Nismo,3.8­24V,Nismo,DCT­6,S,H,G,\,\,"6,2","8,0",2020
ESPORTIVO,FORD,Mustang,5.0­32V,GT,A­10,S,E,G,\,\,"5,9","8,9",2020
ESPORTIVO,AUDI,TT RS,2.5­20V,Coupé,DCT­7,S,E,G,\,\,"7,5","10,3",2020
ESPORTIVO,MINI,Cabrio,2.0­16V,JCW,A­8,S,E­H,G,\,\,"10,7","12,2",2020
ESPORTIVO,MINI,Cabrio,2.0­16V,JCW,A­8,S,E­H,G,\,\,"10,9","10,1",2020
ESPORTIVO,MINI,Cooper,2.0­16V,S,DCT­7,S,E­H,G,\,\,"11,9","14,4",2020
ESPORTIVO,MINI,Cooper,2.0­16V,Cooper S,DCT­7,S,E­H,G,\,\,"11,3","13,7",2020
ESPORTIVO,MCLAREN,720S,4.0­32V,Coupe,DCT,S,E,G,\,\,"6,0","7,7",2020
ESPORTIVO,MCLAREN,570,3.8­32V,GT,DCT,S,E,G,\,\,"6,1","7,8",2020
ESPORTIVO,MCLAREN,570,3.8­32V,S Coupe,DCT,S,E,G,\,\,"6,1","7,8",2020
ESPORTIVO,MCLAREN,570,3.8­32V,S Spider,DCT,S,E,G,\,\,"6,1","7,8",2020
ESPORTIVO,MCLAREN,720S,4.0­32V,Spider,DCT,S,E,g,\,\,"6,0","7,7",2020
ESPORTIVO,MERCEDES­BENZ,AMG C43,3.0­24V,Coupé,A­9,S,E,G,\,\,"7,4","10,8",2020
ESPORTIVO,MERCEDES­BENZ,AMG C63 S,4.0­32V,Coupé,A­9,S,E,G,\,\,"6,1","9,4",2020
ESPORTIVO,MERCEDES­BENZ,C300,2.0­16V,Cabrio,A­9,S,E,G,\,\,"7,1","8,9",2020
ESPORTIVO,MERCEDES­BENZ,AMG S63 4M,4.0­32V,Coupé,A­9,S,E,G,\,\,"6,8","9,7",2020
ESPORTIVO,MERCEDES­BENZ,AMG GTC,4.0­32V,Roadster,A­7,S,E,G,\,\,"5,8","7,8",2020
ESPORTIVO,BMW,M2,3.0­24V,Competition,A­7,S,E­H,G,\,\,"7,7","9,3",2020
ESPORTIVO,BMW,430i,2.0­16V,Cabrio,A­8,S,E­H,G,\,\,"9,8","12,0",2020
ESPORTIVO,BMW,M760Li,6.6­48V,xDrive,A­8,S,E­H,G,\,\,"5,2","7,1",2020
ESPORTIVO,BMW,Z4,2.0­16V,sDrive 30i,A­8,S,E­H,G,\,\,"9,8","11,5",2020
ESPORTIVO,BMW,i8,1.5­12V,Roadster,A­6,S,E,G,\,\,"24,2","27,2",2020
ESPORTIVO,CHEVROLET,Camaro,6.2­16V,2SS,A­10,S,E,G,\,\,"6,2","9,9",2020
ESPORTIVO,CHEVROLET,Camaro,6.2­16V,2SS CONV,A­10,S,E,G,\,\,"6,1","9,6",2020
