categoria,marca,modelo,motor,versao,transmissao,ar_cond,direcao,combustivel,km_etanol_cidade,km_etanol_estrada,km_gasolina_cidade,km_gasolina_estrada,ano
"SUB
COMPACTO",CHERY,QQ 1.0,1.0­12V,1,M­5,S,H,G,\,\,"11,8","13,9",2015
"SUB
COMPACTO",FIAT,500,1.4­8V,Cult,M­5,S,E,F,"7,6","8,7",11,"12,7",2015
"SUB
COMPACTO",FIAT,500,1.4­8V,Cult Dualogic,MTA­5,S,E,F,"7,7","8,7","11,2","12,8",2015
"SUB
COMPACTO",FIAT,500,1.4­8V,Cult Cabrio,M­5,S,E,F,"7,6","8,2","10,9","11,9",2015
"SUB
COMPACTO",FIAT,500,1.4­8V,"Cult Cabrio
Dualogic",MTA­5,S,E,F,"7,6","8,2",11,12,2015
"SUB
COMPACTO",FIAT,500,1.4­16V,"Cabrio
Automático",A­6,S,E,F,"6,9","8,3",10,"12,1",2015
"SUB
COMPACTO",FIAT,500,1.4­16V,Abarth,M­5,S,E,G,\,\,"9,5","10,9",2015
"SUB
COMPACTO",FIAT,Uno,1.0­8V,Vivace,M­5,N,M,F,"8,2","10,4","11,8",15,2015
"SUB
COMPACTO",FIAT,Novo Uno,1.0­8V,Attractive,M­5,N,H,F,"8,4","10,3",12,"14,8",2015
"SUB
COMPACTO",FIAT,Novo Uno,1.0­8V,Way,M­5,S,H,F,8,"9,1","11,5",13,2015
"SUB
COMPACTO",FIAT,Novo Uno,1.4­8V,Sporting,M­5,S,H,F,"7,8","8,6","11,2","12,5",2015
"SUB
COMPACTO",FIAT,Novo Uno,1.4­8V,Sporting,MTA­5,S,H,F,"7,7","8,5","11,1","12,3",2015
"SUB
COMPACTO",FIAT,Novo Uno,1.4­8V,Evolution S&S,M­5,N,H,F,"8,9","10,5","12,9","15,1",2015
"SUB
COMPACTO",FIAT,Palio,1.0­8V,Fire,M­5,N,M,F,"8,8","10,3","12,3",15,2015
"SUB
COMPACTO",FIAT,Palio,1.0­8V,Fire Way,M­5,N,M,F,"8,2",10,"11,9","14,6",2015
"SUB
COMPACTO",JAC,J2,1.4­16V,*****,M­5,S,E,G,\,\,"11,9","12,7",2015
"SUB
COMPACTO",JAC,J2,1.4­16V,"1,4",M­5,S,E,G,\,\,"11,9","12,7",2015
"SUB
COMPACTO",JAC,J2,1.4­16V,"1,4 JETFLEX",M­5,S,E,F,"8,4","8,7",12,"12,5",2015
"SUB
COMPACTO",KIA,Picanto,1.0­12V,EX4,M­5,S,E,F,"8,2","9,8",12,"14,4",2015
"SUB
COMPACTO",KIA,Picanto,1.0­12V,"LX4 1,0 MT FF",M­5,S,E,F,"8,2","9,8",12,"14,4",2015
"SUB
COMPACTO",KIA,Picanto,1.0­12V,EX4,A­4,S,E,F,"8,3","9,4","11,4","13,1",2015
"SUB
COMPACTO",KIA,Picanto,1.0­12V,"LX4 1,0 AT FF",A­4,S,E,F,"8,3","9,4","11,4","13,1",2015
"SUB
COMPACTO",NISSAN,March,1.0­16V,Active 10,M­5,S,E,F,"8,4","9,7","12,3","14,5",2015
"SUB
COMPACTO",RENAULT,Clio,1.0­16V,Authentique,M­5,S,H,F,"9,1","9,6","13,1","14,3",2015
"SUB
COMPACTO",RENAULT,Clio,1.0­16V,Expression,M­5,S,H,F,"9,1","9,6","13,1","14,3",2015
"SUB
COMPACTO",RENAULT,Clio,1.0­16V,Authentique,M­5,N,M,F,"9,5","10,7","14,3","15,8",2015
"SUB
COMPACTO",RENAULT,Clio,1.0­16V,Expression,M­5,N,M,F,"9,5","10,7","14,3","15,8",2015
"SUB
COMPACTO",SMART,Fortwo,1.0­12V,"71cv MHD
coupé",MTA­5,S,E,G,\,\,"13,2","14,4",2015
"SUB
COMPACTO",SMART,Fortwo,1.0­12V,"84cv turbo
coupé",MTA­5,S,E,G,\,\,"13,2","14,2",2015
"SUB
COMPACTO",SMART,Fortwo,1.0­12V,"84cv turbo
cabrio",MTA­5,S,E,G,\,\,"13,2","14,2",2015
"SUB
COMPACTO",VOLKSWAGEN,Up!,1.0­12V,Take,M­5,S,E,F,"9,2","10,2","13,5","14,6",2015
"SUB
COMPACTO",VOLKSWAGEN,Up!,1.0­12V,Move,M­5,S,E,F,"9,2","10,2","13,5","14,6",2015
"SUB
COMPACTO",VOLKSWAGEN,Up!,1.0­12V,High,M­5,S,E,F,"9,2","10,2","13,5","14,6",2015
"SUB
COMPACTO",VOLKSWAGEN,Up!,1.0­12V,BWR,M­5,S,E,F,"9,2","10,2","13,5","14,6",2015
"SUB
COMPACTO",VOLKSWAGEN,Up!,1.0­12V,Move I­Motion,MTA­5,S,E,F,"9,2","10,2","13,2","14,8",2015
"SUB
COMPACTO",VOLKSWAGEN,Up!,1.0­12V,High I­Motion,MTA­5,S,E,F,"9,2","10,2","13,2","14,8",2015
"SUB
COMPACTO",VOLKSWAGEN,Up!,1.0­12V,BWR I­Motion,MTA­5,S,E,F,"9,2","10,2","13,2","14,8",2015
"SUB
COMPACTO",VOLKSWAGEN,Up!,1.0­12V,Cross,M­5,S,E,F,"9,1",10,"13,4","14,3",2015
"SUB
COMPACTO",VOLKSWAGEN,Up!,1.0­12V,Cross I­Motion,MTA­5,S,E,F,"9,1",10,"13,1","14,4",2015
"SUB
COMPACTO",VOLKSWAGEN,Up! TSI,1.0­12V,Cross,M­5,S,E,F,"9,5","10,4","13,7","14,7",2015
"SUB
COMPACTO",VOLKSWAGEN,Up! TSI,1.0­12V,Move,M­5,S,E,F,"9,6","11,1","13,8","16,1",2015
"SUB
COMPACTO",VOLKSWAGEN,Up! TSI,1.0­12V,High,M­5,S,E,F,"9,6","11,1","13,8","16,1",2015
"SUB
COMPACTO",VOLKSWAGEN,Up! TSI,1.0­12V,BWR,M­5,S,E,F,"9,6","11,1","13,8","16,1",2015
"SUB
COMPACTO",VOLKSWAGEN,Up! TSI,1.0­12V,Speed,M­5,S,E,F,"9,6","11,1","13,8","16,1",2015
COMPACTO,CITROEN,C3,1.5­8V,Origine,M­5,S,E,F,"7,5","9,3","11,9","14,7",2015
COMPACTO,CITROEN,C3,1.5­8V,Tendance,M­5,S,E,F,"7,5","9,3","11,9","14,7",2015
COMPACTO,CITROEN,C3,1.5­8V,Exclusive,M­5,S,E,F,"7,5","9,3","11,9","14,7",2015
COMPACTO,CITROEN,C3,1.5­8V,Attraction,M­5,S,E,F,"7,5","9,3","11,9","14,7",2015
COMPACTO,CITROEN,DS3,1.6­16V,Chic THP,M­6,S,E,G,\,\,"11,3","14,4",2015
COMPACTO,CITROEN,DS3,1.6­16V,So Chic THP,M­6,S,E,G,\,\,"11,3","14,4",2015
COMPACTO,FIAT,Idea,1.6­16V,Essence,M­5,S,H,F,"6,8",8,"9,9","11,5",2015
COMPACTO,FIAT,Idea,1.6­16V,Essence,MTA­5,S,H,F,"6,7","7,9",10,"11,8",2015
COMPACTO,FIAT,Novo Palio,1.4­8V,Attractive,M­5,S,H,F,"7,4","9,3","10,8","13,5",2015
COMPACTO,FIAT,Novo Palio,1.0­8V,Attractive,M­5,S,H,F,"7,3","9,4","10,8","13,6",2015
COMPACTO,FIAT,Punto,1.4­8V,"Attractive
Evo",M­5,S,H,F,"7,4","8,5","10,4","12,3",2015
COMPACTO,FIAT,Punto,1.6­16V,Essence,M­5,S,H,F,"6,8","8,4",10,12,2015
COMPACTO,FIAT,Punto,1.6­16V,"Essence
Dualogic",MTA­5,S,H,F,"6,9","8,1","10,1","11,9",2015
COMPACTO,FIAT,Siena,1.0­8V,EL,M­5,N,M,F,8,"9,7","11,9","14,4",2015
COMPACTO,FIAT,Siena,1.4­8V,EL,M­5,S,H,F,"7,1","8,8","10,6","13,2",2015
COMPACTO,FORD,New Fiesta Hatch,1.5­16V,S,M­5,S,E,F,"7,6","9,4","10,7","13,4",2015
COMPACTO,FORD,New Fiesta Hatch,1.5­16V,SE,M­5,S,E,F,"7,6","9,4","10,7","13,4",2015
COMPACTO,FORD,New Fiesta Hatch,1.6­16V,SE,DCT­6,S,E,F,"7,7",10,11,"14,3",2015
COMPACTO,FORD,New Fiesta Hatch,1.6­16V,Titanium,DCT­6,S,E,F,"7,7",10,11,"14,3",2015
COMPACTO,FORD,New Fiesta Hatch,1.6­16V,SE,M­5,S,E,F,8,"9,9","11,7","14,1",2015
COMPACTO,FORD,New Fiesta Hatch,1.6­16V,Titanium,M­5,S,E,F,8,"9,9","11,7","14,1",2015
COMPACTO,FORD,KA (5 Portas),1.0­12V,SE,M­5,S,E,F,"8,9","10,4",13,"15,1",2015
COMPACTO,FORD,KA (5 Portas),1.0­12V,SEL,M­5,S,E,F,"8,9","10,4",13,"15,1",2015
COMPACTO,FORD,KA (5 Portas),1.5­16V,SE,M­5,S,E,F,"7,9","9,5","11,5","13,6",2015
COMPACTO,FORD,KA (5 Portas),1.5­16V,SEL,M­5,S,E,F,"7,9","9,5","11,5","13,6",2015
COMPACTO,HONDA,Fit,1.5­16V,DX,M­5,S,E,F,"8,3","9,5","11,6","13,6",2015
COMPACTO,HONDA,Fit,1.5­16V,LX,M­5,S,E,F,"8,3","9,5","11,6","13,6",2015
COMPACTO,HONDA,Fit,1.5­16V,DX,CVT,S,E,F,"8,3","9,9","12,3","14,1",2015
COMPACTO,HONDA,Fit,1.5­16V,LX,CVT,S,E,F,"8,3","9,9","12,3","14,1",2015
COMPACTO,HONDA,Fit,1.5­16V,EX,CVT,S,E,F,"8,3","9,9","12,3","14,1",2015
COMPACTO,HONDA,Fit,1.5­16V,EXL,CVT,S,E,F,"8,3","9,9","12,3","14,1",2015
COMPACTO,HYUNDAI,HB20,1.0­12V,Comfort,M­5,S,H,F,"8,3","9,8","11,8",14,2015
COMPACTO,HYUNDAI,HB20,1.0­12V,Plus,M­5,S,H,F,"8,3","9,8","11,8",14,2015
COMPACTO,HYUNDAI,HB20,1.0­12V,Style,M­5,S,H,F,"8,3","9,8","11,8",14,2015
COMPACTO,HYUNDAI,HB20,1.6­16V,Comfort,M­5,S,H,F,"7,7","9,3","11,5",13,2015
COMPACTO,HYUNDAI,HB20,1.6­16V,Plus,M­5,S,H,F,"7,7","9,3","11,5",13,2015
COMPACTO,HYUNDAI,HB20,1.6­16V,Style,M­5,S,H,F,"7,7","9,3","11,5",13,2015
COMPACTO,HYUNDAI,HB20,1.6­16V,Premium,M­5,S,H,F,"7,7","9,3","11,5",13,2015
COMPACTO,HYUNDAI,HB20X,1.6­16V,Style,M­5,S,H,F,8,"9,3","11,4","12,9",2015
COMPACTO,HYUNDAI,HB20X,1.6­16V,Premium,M­5,S,H,F,8,"9,3","11,4","12,9",2015
COMPACTO,HYUNDAI,HB20X,1.6­16V,Style,A­4,S,H,F,7,"8,3","9,9","11,7",2015
COMPACTO,HYUNDAI,HB20X,1.6­16V,Premium,A­4,S,H,F,7,"8,3","9,9","11,7",2015
COMPACTO,HYUNDAI,HB20 (2016),1.0­12V,Comfort,M­5,S,H,F,"8,5","9,9","12,5","14,1",2015
COMPACTO,HYUNDAI,HB20 (2016),1.0­12V,Plus,M­5,S,H,F,"8,5","9,9","12,5","14,1",2015
COMPACTO,HYUNDAI,HB20 (2016),1.0­12V,Style,M­5,S,H,F,"8,5","9,9","12,5","14,1",2015
COMPACTO,HYUNDAI,HB20 (2016),1.6­16V,Comfort,M­6,S,H,F,"8,1","9,9","11,6","13,8",2015
COMPACTO,HYUNDAI,HB20 (2016),1.6­16V,Plus,M­6,S,H,F,"8,1","9,9","11,6","13,8",2015
COMPACTO,HYUNDAI,HB20 (2016),1.6­16V,Style,M­6,S,H,F,"8,1","9,9","11,6","13,8",2015
COMPACTO,HYUNDAI,HB20 (2016),1.6­16V,Premium,M­6,S,H,F,"8,1","9,9","11,6","13,8",2015
COMPACTO,JAC,J3,1.4­16V,*****,M­5,S,H,G,\,\,"11,2","12,7",2015
COMPACTO,JAC,J3,1.4­16V,"1,4",M­5,S,H,G,\,\,"11,2","12,7",2015
COMPACTO,JAC,J3,1.4­16V,Turin,M­5,S,H,G,\,\,"11,3","12,8",2015
COMPACTO,MINI,One,1.2­12V,­,M­6,S,E­H,G,\,\,11,"15,9",2015
COMPACTO,MINI,Cooper,1.5­12V,­,A­6,S,E­H,G,\,\,"10,6","12,2",2015
COMPACTO,MINI,Cooper,1.5­16v,5P,A­6,S,E­H,G,\,\,"11,1","13,7",2015
COMPACTO,MINI,Cooper,2.0­16v,S 5P,A­6,S,E­H,G,\,\,"9,9","13,1",2015
COMPACTO,NISSAN,New March,1.0­12V,MT,M­5,S,E,F,"8,8","10,3","12,9","15,1",2015
COMPACTO,NISSAN,New March,1.0­12V,S,M­5,S,E,F,"8,8","10,3","12,9","15,1",2015
COMPACTO,NISSAN,New March,1.0­12V,SV,M­5,S,E,F,"8,8","10,3","12,9","15,1",2015
COMPACTO,NISSAN,New March,1.6­16V,S,M­5,S,E,F,"8,1",10,"12,1","14,5",2015
COMPACTO,NISSAN,New March,1.6­16V,SV,M­5,S,E,F,"8,1",10,"12,1","14,5",2015
COMPACTO,NISSAN,New March,1.6­16V,SL,M­5,S,E,F,"8,1",10,"12,1","14,5",2015
COMPACTO,NISSAN,New March,1.0­16V,S,M­5,S,E,F,"8,7","10,4","12,5","14,8",2015
COMPACTO,NISSAN,New March,1.0­16V,SV,M­5,S,E,F,"8,7","10,4","12,5","14,8",2015
COMPACTO,NISSAN,New March,1.0­16V,MT,M­5,S,E,F,"8,7","10,4","12,5","14,8",2015
COMPACTO,PEUGEOT,208,1.5­8V,Active,M­5,S,E,F,8,"9,6","11,6","14,3",2015
COMPACTO,PEUGEOT,208,1.5­8V,Active Pack,M­5,S,E,F,8,"9,6","11,6","14,3",2015
COMPACTO,PEUGEOT,208,1.5­8V,Allure,M­5,S,E,F,8,"9,6","11,6","14,3",2015
COMPACTO,PEUGEOT,208,1.5­8V,Like,M­5,S,E,F,8,"9,6","11,6","14,3",2015
COMPACTO,PEUGEOT,208,1.5­8V,Style,M­5,S,E,F,8,"9,6","11,6","14,3",2015
COMPACTO,PEUGEOT,208,1.5­8V,Quiksilver,M­5,S,E,F,8,"9,6","11,6","14,3",2015
COMPACTO,PEUGEOT,208,1.6­16V,Griffe,M­5,S,E,F,"7,1","8,9","10,6","12,9",2015
COMPACTO,RENAULT,Novo Sandero,1.0­16V,Authentique,M­5,S,H,F,"8,1","9,2","11,9","13,4",2015
COMPACTO,RENAULT,Novo Sandero,1.0­16V,Expression,M­5,S,H,F,"8,1","9,2","11,9","13,4",2015
COMPACTO,RENAULT,Novo Sandero,1.6­8V,Expression,M­5,S,H,F,"7,3","8,7","10,6","12,5",2015
COMPACTO,RENAULT,Novo Sandero,1.6­8V,Dynamique,M­5,S,H,F,"7,3","8,7","10,6","12,5",2015
COMPACTO,SUZUKI,Swift,1.6­16V,2WD,M­6,S,E,G,\,\,10,12,2015
COMPACTO,TOYOTA,Etios Hatchback,1.3­16V,X,M­5,S,E,F,"8,3","9,1","12,2","13,3",2015
COMPACTO,TOYOTA,Etios Hatchback,1.5­16V,XS,M­5,S,E,F,"8,5","9,5","12,2","13,8",2015
COMPACTO,TOYOTA,Etios Hatchback,1.5­16V,XLS,M­5,S,E,F,"8,5","9,5","12,2","13,8",2015
COMPACTO,TOYOTA,Etios Hatchback,1.5­16V,Cross,M­5,S,E,F,"8,5","9,5","12,2","13,8",2015
COMPACTO,TOYOTA,Etios Hatchback,1.5­16V,Platinum,M­5,S,E,F,"8,5","9,5","12,2","13,8",2015
COMPACTO,VOLKSWAGEN,Gol,1.0­8V,"BlueMotion
Technology",M­5,N,H,F,8,"10,1","11,8","14,9",2015
COMPACTO,VOLKSWAGEN,Gol,1.0­8V,Special,M­5,S,H,F,"7,7","9,6","11,6","13,9",2015
COMPACTO,VOLKSWAGEN,Gol,1.0­8V,City,M­5,S,H,F,"7,7","9,6","11,6","13,9",2015
COMPACTO,VOLKSWAGEN,Gol,1.0­8V,Trendline,M­5,S,H,F,"7,7","9,6","11,6","13,9",2015
COMPACTO,VOLKSWAGEN,Gol,1.0­8V,Comfortline,M­5,S,H,F,"7,7","9,6","11,6","13,9",2015
COMPACTO,VOLKSWAGEN,Gol,1.6­8V,Patrulheiro,M­5,S,H,F,"7,3","9,4","10,7","13,7",2015
COMPACTO,VOLKSWAGEN,Gol,1.6­8V,City,M­5,S,H,F,"7,3","9,4","10,7","13,7",2015
COMPACTO,VOLKSWAGEN,Gol,1.6­8V,Trendline,M­5,S,H,F,"7,3","9,4","10,7","13,7",2015
COMPACTO,VOLKSWAGEN,Gol,1.6­8V,Comfortline,M­5,S,H,F,"7,3","9,4","10,7","13,7",2015
COMPACTO,VOLKSWAGEN,Gol,1.6­8V,Highline,M­5,S,H,F,"7,3","9,4","10,7","13,7",2015
COMPACTO,VOLKSWAGEN,Gol,1.6­8V,"Comfortline I­
Motion",MTA­5,S,H,F,"7,3","9,5","10,7","13,6",2015
COMPACTO,VOLKSWAGEN,Gol,1.6­8V,"Highline I­
Motion",MTA­5,S,H,F,"7,3","9,5","10,7","13,6",2015
COMPACTO,VOLKSWAGEN,Gol,1.6­16V,Rallye,M­5,S,H,F,"7,7",8,"11,1","11,3",2015
COMPACTO,VOLKSWAGEN,Gol,1.6­16V,"Rallye I­
Motion",MTA­5,S,H,F,"7,3",8,"10,5","11,2",2015
COMPACTO,VOLKSWAGEN,Gol,1.0­8V,Rock in Rio,M­5,S,H,F,"7,7","9,6","11,6","13,9",2015
COMPACTO,VOLKSWAGEN,Novo Fox,1.0­12V,BlueMotion,M­5,S,E,F,"8,8","9,9","12,7","14,4",2015
COMPACTO,VOLKSWAGEN,Novo Fox,1.0­12V,Comfortline,M­5,S,E,F,"8,6","9,3","12,2","13,4",2015
COMPACTO,VOLKSWAGEN,Novo Fox,1.6­8V,Trendline,M­5,S,E,F,"7,4","8,2","10,4","11,8",2015
COMPACTO,VOLKSWAGEN,Novo Fox,1.6­8V,Comfortline,M­5,S,E,F,"7,4","8,2","10,4","11,8",2015
COMPACTO,VOLKSWAGEN,Novo Fox,1.6­8V,"Trendline I­
Motion",MTA­5,S,E,F,"7,3","8,2","10,3","11,7",2015
COMPACTO,VOLKSWAGEN,Novo Fox,1.6­8V,"Comfortline I­
Motion",MTA­5,S,E,F,"7,3","8,2","10,3","11,7",2015
COMPACTO,VOLKSWAGEN,Novo Fox,1.6­16V,Highline,M­6,S,E,F,"7,6","8,4","10,8",12,2015
COMPACTO,VOLKSWAGEN,Novo Fox,1.6­16V,Pepper,M­6,S,E,F,"7,6","8,4","10,8",12,2015
COMPACTO,VOLKSWAGEN,Novo Fox,1.0­12V,Trendline,M­5,S,E,F,"8,6","9,3","12,2","13,4",2015
COMPACTO,VOLKSWAGEN,Novo Fox,1.0­12V,Track,M­5,S,E,F,"8,6","9,3","12,2","13,4",2015
MÉDIO,AUDI,A1,1.4­16V,"Sportback
Attraction",DCT­7,S,E­H,G,\,\,"10,8",14,2015
MÉDIO,AUDI,A1,1.4­16V,Ambition,DCT­7,S,E­H,G,\,\,"10,8",14,2015
MÉDIO,AUDI,A1,1.4­16V,"Sportback
Attraction
(Modelo 2016)",DCT­7,S,E,G,\,\,"12,6","15,2",2015
MÉDIO,AUDI,A1,1.8­16V,"Sportback
Ambition
(Modelo 2016)",DCT­7,S,E,G,\,\,"10,7","13,2",2015
MÉDIO,AUDI,A3,1.4­16V,"Sportback
Attraction",DCT­7,S,E­H,G,\,\,10,"11,5",2015
MÉDIO,AUDI,A3,1.8­16V,"Sportback
Ambition",DCT­7,S,E­H,G,\,\,"10,7",14,2015
MÉDIO,BMW,225i,2.0­16v,CAT,A­8,S,E­H,G,\,\,"8,8","12,2",2015
MÉDIO,BMW,118i,2.0­16v,­,A­8,S,E­H,G,\,\,"10,1","13,1",2015
MÉDIO,BMW,M135i,3.0­24V,­,A­8,S,E­H,G,\,\,"7,5","10,3",2015
MÉDIO,BMW,125I,2.0­16V,Active Flex,A­8,S,E­H,F,6,"8,3","8,6","11,8",2015
MÉDIO,BMW,120i,2.0­16V,Active Flex,A­8,S,E­H,F,"6,5","9,3","9,2","13,3",2015
MÉDIO,CHERY,Celer HB,1.5­16V,"1,5Flex HB",M­5,S,H,F,"6,3","8,3","9,2","12,1",2015
MÉDIO,CHERY,Celer SD,1.5­16V,"1,5 Flex",M­5,S,H,F,"6,3","8,3","9,2","12,1",2015
MÉDIO,CHERY,Tiggo FL 2.0 MT,2.0­16V,"FL 2,0 MT",M­5,S,H,G,\,\,"7,9","9,8",2015
MÉDIO,CITROEN,DS4,1.6­16V,So Chic THP,A­6,S,E­H,G,\,\,"8,7","11,5",2015
MÉDIO,FIAT,Bravo,1.8­16V,Essence,M­5,S,E,F,"6,4","7,5","8,9","10,9",2015
MÉDIO,FIAT,Bravo,1.8­16V,Absolute,M­5,S,E,F,"6,4","7,5","8,9","10,9",2015
MÉDIO,FIAT,Bravo,1.8­16V,Sporting,M­5,S,E,F,"6,4","7,5","8,9","10,9",2015
MÉDIO,FIAT,Bravo,1.8­16V,Essence,MTA­5,S,E,F,"6,5","7,6","9,1","10,8",2015
MÉDIO,FIAT,Bravo,1.8­16V,Absolute,MTA­5,S,E,F,"6,5","7,6","9,1","10,8",2015
MÉDIO,FIAT,Bravo,1.8­16V,Sporting,MTA­5,S,E,F,"6,5","7,6","9,1","10,8",2015
MÉDIO,FIAT,Bravo,1.4­16V,T­Jet,M­5,S,E,G,\,\,9,"10,4",2015
MÉDIO,FIAT,Grand Siena,1.4­8V,Attractive,M­5,S,H,F,"7,7",9,11,13,2015
MÉDIO,FIAT,Weekend,1.4­8V,Attractive,M­5,S,H,F,"7,1","8,3","10,3","12,1",2015
MÉDIO,FORD,New Fiesta Sedan,1.6­16V,SE,DCT­6,S,E,F,"7,5","9,5","10,6","13,8",2015
MÉDIO,FORD,New Fiesta Sedan,1.6­16V,Titanium,DCT­6,S,E,F,"7,5","9,5","10,6","13,8",2015
MÉDIO,FORD,New Fiesta Sedan,1.6­16V,SE,M­5,S,E,F,"7,6","9,7","11,6",14,2015
MÉDIO,FORD,New Fiesta Sedan,1.6­16V,Titanium,M­5,S,E,F,"7,6","9,7","11,6",14,2015
MÉDIO,FORD,KA+ (4 Portas),1.0­12V,SE,M­5,S,E,F,"8,9","10,4",13,"15,1",2015
MÉDIO,FORD,KA+ (4 Portas),1.0­12V,SEL,M­5,S,E,F,"8,9","10,4",13,"15,1",2015
MÉDIO,FORD,KA+ (4 Portas),1.5­16V,SE,M­5,S,E,F,"7,9","9,5","11,5","13,6",2015
MÉDIO,FORD,KA+ (4 Portas),1.5­16V,SEL,M­5,S,E,F,"7,9","9,5","11,5","13,6",2015
MÉDIO,HONDA,City,1.5­16V,DX,M­5,S,E,F,"8,6","10,3","12,4","14,6",2015
MÉDIO,HONDA,City,1.5­16V,LX,CVT,S,E,F,"8,5","10,3","12,3","14,5",2015
MÉDIO,HONDA,City,1.5­16V,EX,CVT,S,E,F,"8,5","10,3","12,3","14,5",2015
MÉDIO,HONDA,City,1.5­16V,EXL,CVT,S,E,F,"8,5","10,3","12,3","14,5",2015
MÉDIO,HYUNDAI,i30,1.8­16V,"1,8",A­6,S,E,G,\,\,"9,2","11,8",2015
MÉDIO,HYUNDAI,Elantra,2.0­16V,­,A­6,S,E,F,"6,3","9,1","9,5","13,4",2015
MÉDIO,HYUNDAI,i30,2.0­16V,2,A­4,S,H,G,\,\,"8,9","10,1",2015
MÉDIO,HYUNDAI,i30,2.0­16V,2,M­5,S,H,G,\,\,"8,9","10,2",2015
MÉDIO,HYUNDAI,i30,1.6­16V,­,A­6,S,E,F,"6,8","8,5","9,3","11,6",2015
MÉDIO,HYUNDAI,HB20S,1.0­12V,Comfort,M­5,S,H,F,"8,6",10,"12,3","14,4",2015
MÉDIO,HYUNDAI,HB20S,1.0­12V,Plus,M­5,S,H,F,"8,6",10,"12,3","14,4",2015
MÉDIO,HYUNDAI,HB20S,1.0­12V,Style,M­5,S,H,F,"8,6",10,"12,3","14,4",2015
MÉDIO,HYUNDAI,HB20S,1.6­16V,Comfort,M­5,S,H,F,"7,9","9,3","11,5","12,9",2015
MÉDIO,HYUNDAI,HB20S,1.6­16V,Plus,M­5,S,H,F,"7,9","9,3","11,5","12,9",2015
MÉDIO,HYUNDAI,HB20S,1.6­16V,Style,M­5,S,H,F,"7,9","9,3","11,5","12,9",2015
MÉDIO,LEXUS,CT200h,1.8­16V,CT200H,CVT,S,E,G,\,\,"15,7","14,2",2015
MÉDIO,LEXUS,CT200h,1.8­16V,F Sport,CVT,S,E,G,\,\,"15,7","14,2",2015
MÉDIO,MERCEDES­BENZ,A45 AMG 4M,2.0­16V,­ ­ ­,DCT­7,S,E,G,\,\,"7,6","10,6",2015
MÉDIO,MERCEDES­BENZ,B200,1.6­16V,­ ­ ­,DCT­7,S,E,G,\,\,"9,2",13,2015
MÉDIO,NISSAN,New Versa,1.0­12V,S,M­5,S,E,F,"8,5","10,4","12,6","15,2",2015
MÉDIO,NISSAN,New Versa,1.6­16V,SV,M­5,S,E,F,"8,6","10,2","12,4","14,8",2015
MÉDIO,NISSAN,New Versa,1.6­16V,SL,M­5,S,E,F,"8,6","10,2","12,4","14,8",2015
MÉDIO,NISSAN,New Versa,1.6­16V,Unique,M­5,S,E,F,"8,6","10,2","12,4","14,8",2015
MÉDIO,NISSAN,Versa,1.6­16V,S Flex,M­5,S,E,F,"7,8","9,3","11,7","13,9",2015
MÉDIO,NISSAN,Versa,1.6­16V,SV Flex,M­5,S,E,F,"7,8","9,3","11,7","13,9",2015
MÉDIO,NISSAN,Versa,1.6­16V,SL Flex,M­5,S,E,F,"7,8","9,3","11,7","13,9",2015
MÉDIO,RENAULT,Novo Logan,1.0­16V,Authentique,M­5,S,H,F,"8,1","9,2","11,9","13,4",2015
MÉDIO,RENAULT,Novo Logan,1.0­16V,Expression,M­5,S,H,F,"8,1","9,2","11,9","13,4",2015
MÉDIO,RENAULT,Novo Logan,1.6­8V,Expression,M­5,S,H,F,"7,3","8,7","10,6","12,5",2015
MÉDIO,RENAULT,Novo Logan,1.6­8V,Dynamique,M­5,S,H,F,"7,3","8,7","10,6","12,5",2015
MÉDIO,SUBARU,Impreza,2.0­16V,XV,CVT,S,E,G,\,\,"9,6","11,6",2015
MÉDIO,TOYOTA,Prius,1.8­16V,­,CVT,S,E,G,\,\,"15,7","14,3",2015
MÉDIO,TOYOTA,Etios Sedan,1.5­16V,X,M­5,S,E,F,"8,5","9,5","12,2","13,8",2015
MÉDIO,TOYOTA,Etios Sedan,1.5­16V,XS,M­5,S,E,F,"8,5","9,5","12,2","13,8",2015
MÉDIO,TOYOTA,Etios Sedan,1.5­16V,XLS,M­5,S,E,F,"8,5","9,5","12,2","13,8",2015
MÉDIO,TOYOTA,Etios Sedan,1.5­16V,Platinum,M­5,S,E,F,"8,5","9,5","12,2","13,8",2015
MÉDIO,VOLVO,V40,2.0­16V,T4 COMFORT,A­6,S,E­H,G,\,\,"7,1","9,5",2015
MÉDIO,VOLVO,V40,2.0­16V,T4 DYNAMIC,A­6,S,E­H,G,\,\,"7,1","9,5",2015
MÉDIO,VOLVO,V40,2.0­16V,T4 TOP,A­6,S,E­H,G,\,\,"7,1","9,5",2015
MÉDIO,VOLVO,V40,2.0­16V,T4 RDESING,A­6,S,E­H,G,\,\,"7,1","9,5",2015
MÉDIO,VOLVO,V40,2.0­16V,T5 TOP,A­6,S,E­H,G,\,\,"7,3","8,8",2015
MÉDIO,VOLVO,V40,2.0­16V,T5 RDESIGN,A­6,S,E­H,G,\,\,"7,3","8,8",2015
MÉDIO,VOLVO,V40,2.0­16V,T5 DYNAMIC,A­6,S,E­H,G,\,\,"7,3","8,8",2015
MÉDIO,VOLVO,V40,2.0­16V,T5 COMFORT,A­6,S,E­H,G,\,\,"7,3","8,8",2015
MÉDIO,VOLVO,V40,2.0­16V,"CC T5AWD
COM",A­6,S,E­H,G,\,\,"7,5","9,9",2015
MÉDIO,VOLVO,V40,2.0­16V,"CC T5AWD
TOP",A­6,S,E­H,G,\,\,"7,5","9,9",2015
MÉDIO,VOLVO,V40,2.0­16V,"CC T5AWD
DYN",A­6,S,E­H,G,\,\,"7,5","9,9",2015
MÉDIO,VOLVO,V40,2.0­16V,"2,0T5
COMFORT
DRIVE E",A­8,S,E­H,G,\,\,"8,8","12,1",2015
MÉDIO,VOLVO,V40,2.0­16V,"2,0T5
DYNAMIC
DRIVE E",A­8,S,E­H,G,\,\,"8,8","12,1",2015
MÉDIO,VOLVO,V40,2.0­16V,"2,0T5 TOP
DRIVE E",A­8,S,E­H,G,\,\,"8,8","12,1",2015
MÉDIO,VOLVO,V40,2.0­16V,"DESIGN
DRIVE E",A­8,S,E­H,G,\,\,"8,8","12,1",2015
MÉDIO,VOLVO,V40,2.0­16V,"2,0 T5 INS
DRIVE E",A­8,S,E­H,G,\,\,"8,8","12,1",2015
MÉDIO,VOLVO,V40,2.0­16V,"2,0 T5 MOM
DRIVE E",A­8,S,E­H,G,\,\,"8,8","12,1",2015
MÉDIO,VOLVO,V40,2.0­16V,"2,0T5 KIN
DRIVE E",A­8,S,E­H,G,\,\,"8,8","12,1",2015
MÉDIO,VOLVO,V40 (2016),2.0­16V,T4 Kinetic,A­6,S,E­H,G,\,\,"10,3","12,8",2015
MÉDIO,VOLVO,V40 (2016),2.0­16V,T4 Inscript,A­6,S,E­H,G,\,\,"10,3","12,8",2015
MÉDIO,VOLVO,V40 (2016),2.0­16V,T4 Momentum,A­6,S,E­H,G,\,\,"10,3","12,8",2015
MÉDIO,VOLVO,V40 (2016),2.0­16V,T4 R­Design,A­6,S,E­H,G,\,\,"10,3","12,8",2015
MÉDIO,VOLVO,V40 (2016),2.0­16V,T4 Summum,A­6,S,E­H,G,\,\,"10,3","12,8",2015
MÉDIO,VOLVO,V40 (2016),2.0­16V,"CCT5 AWD
Dynamic",A­6,S,E­H,G,\,\,"8,3","11,3",2015
MÉDIO,VOLKSWAGEN,Voyage,1.0­8V,"BlueMotion
Technology",M­5,N,H,F,8,"10,1","11,8","14,9",2015
MÉDIO,VOLKSWAGEN,Voyage,1.0­8V,City,M­5,S,H,F,"7,7","9,6","11,6","13,9",2015
MÉDIO,VOLKSWAGEN,Voyage,1.0­8V,Trendline,M­5,S,H,F,"7,7","9,6","11,6","13,9",2015
MÉDIO,VOLKSWAGEN,Voyage,1.0­8V,Comfortline,M­5,S,H,F,"7,7","9,6","11,6","13,9",2015
MÉDIO,VOLKSWAGEN,Voyage,1.6­8V,Patrulheiro,M­5,S,H,F,"7,3","9,4","10,7","13,7",2015
MÉDIO,VOLKSWAGEN,Voyage,1.6­8V,City,M­5,S,H,F,"7,3","9,4","10,7","13,7",2015
MÉDIO,VOLKSWAGEN,Voyage,1.6­8V,Trendline,M­5,S,H,F,"7,3","9,4","10,7","13,7",2015
MÉDIO,VOLKSWAGEN,Voyage,1.6­8V,Comfortline,M­5,S,H,F,"7,3","9,4","10,7","13,7",2015
MÉDIO,VOLKSWAGEN,Voyage,1.6­8V,Highline,M­5,S,H,F,"7,3","9,4","10,7","13,7",2015
MÉDIO,VOLKSWAGEN,Voyage,1.6­8V,Evidence,M­5,S,H,F,"7,3","9,4","10,7","13,7",2015
MÉDIO,VOLKSWAGEN,Voyage,1.6­8V,"Comfortline I­
Motion",MTA­5,S,H,F,"7,3","9,5","10,7","13,6",2015
MÉDIO,VOLKSWAGEN,Voyage,1.6­8V,"Highline I­
Motion",MTA­5,S,H,F,"7,3","9,5","10,7","13,6",2015
MÉDIO,VOLKSWAGEN,Voyage,1.6­8V,"Evidence I­
Motion",MTA­5,S,H,F,"7,3","9,5","10,7","13,6",2015
MÉDIO,VOLKSWAGEN,Novo Golf,1.4­16V,Comfortline,M­6,S,E,G,\,\,"11,7","13,3",2015
MÉDIO,VOLKSWAGEN,Novo Golf,1.4­16V,Highline,M­6,S,E,G,\,\,"11,7","13,3",2015
MÉDIO,VOLKSWAGEN,Novo SpaceFox,1.6­8V,Comfortline,M­5,S,E,F,"7,3","8,3","10,3","11,8",2015
MÉDIO,VOLKSWAGEN,Novo SpaceFox,1.6­8V,"Comfortline I­
Motion",MTA­5,S,E,F,"7,3","8,2","10,3","11,8",2015
MÉDIO,VOLKSWAGEN,Novo SpaceFox,1.6­16V,Highline,M­6,S,E,F,"7,5","8,5","10,7","12,1",2015
GRANDE,AUDI,A3,1.4­16V,"Sedan
Attraction",DCT­7,S,E­H,G,\,\,10,"11,5",2015
GRANDE,AUDI,A3,1.8­16V,"Sedan
Ambition",DCT­7,S,E­H,G,\,\,"9,6",14,2015
GRANDE,AUDI,A3,1.4­16V,"Sedan
Attraction",A­6,S,E,F,"7,8","9,9","11,7","14,2",2015
GRANDE,AUDI,A3,1.4­16V,"Sedan
Ambiente",A­6,S,E,F,"7,8","9,9","11,7","14,2",2015
GRANDE,AUDI,Q3,2.0­16V,Ambiente,DCT­7,S,E­H,G,\,\,8,"9,6",2015
GRANDE,AUDI,Q3,2.0­16V,Ambition,DCT­7,S,E­H,G,\,\,"8,4","10,1",2015
GRANDE,AUDI,Q3,1.4­16V,Attraction,DCT­6,S,E,G,\,\,"10,7","12,5",2015
GRANDE,AUDI,Q3,1.4­16V,Ambiente,DCT­6,S,E,G,\,\,"10,7","12,5",2015
GRANDE,AUDI,Q3,2.0­16V,"Attraction
(2016)",DCT­7,S,E,G,\,\,"8,6","10,6",2015
GRANDE,AUDI,Q3,2.0­16V,"Ambiente
(2016)",DCT­7,S,E,G,\,\,"8,6","10,6",2015
GRANDE,AUDI,Q3,2.0­16V,"Ambition
(2016)",DCT­7,S,E,G,\,\,"8,8","10,7",2015
GRANDE,BMW,316I,1.6­16V,­,A­8,S,E­H,G,\,\,"9,7","12,9",2015
GRANDE,BMW,320i,2.0­16V,Active Flex,A­8,S,E­H,F,"6,5","9,3","9,4","13,3",2015
GRANDE,BMW,328i,2.0­16V,Active Flex,A­8,S,E­H,F,"6,4","9,1","9,3","13,2",2015
GRANDE,BMW,420i,2.0­16v,Cabrio,A­8,S,E­H,G,\,\,"8,4","11,6",2015
GRANDE,BMW,428i,2.0­16V,Gran Coupe,A­8,S,E­H,G,\,\,"8,7","12,1",2015
GRANDE,BMW,X1,2.0­16V,"sDrive 20i
Active Flex",A­8,S,E,F,6,"8,1","8,4","11,7",2015
GRANDE,BMW,X1,2.0­16V,"xDrive 28i
Active Flex",A­8,S,E,F,"5,3","7,5",8,11,2015
GRANDE,BMW,335iH,3.0­24V,Active Hybrid,A­8,S,E­H,G,\,\,"10,6",13,2015
GRANDE,CITROEN,C4 Lounge,1.6­16V,Origine THP,A­6,S,E­H,F,"6,5","8,5","9,3","11,9",2015
GRANDE,CITROEN,C4 Lounge,1.6­16V,Tendance THP,A­6,S,E­H,F,"6,5","8,5","9,3","11,9",2015
GRANDE,CITROEN,C4 Lounge,1.6­16V,Exclusive THP,A­6,S,E­H,F,"6,5","8,5","9,3","11,9",2015
GRANDE,CITROEN,C4 Lounge,2.0­16V,Origine,A­6,S,E­H,F,"5,7","7,9","8,3","11,2",2015
GRANDE,CITROEN,C4 Lounge,2.0­16V,Tendance,A­6,S,E­H,F,"5,7","7,9","8,3","11,2",2015
GRANDE,CITROEN,C4 Lounge,2.0­16V,Exclusive,A­6,S,E­H,F,"5,7","7,9","8,3","11,2",2015
GRANDE,CITROEN,DS5,1.6­16V,So Chic THP,A­6,S,E­H,G,\,\,"8,6","12,2",2015
GRANDE,CITROEN,DS5,1.6­16V,Be Chic THP,A­6,S,E­H,G,\,\,"8,6","12,2",2015
GRANDE,CITROEN,C4 Lounge,2.0­16V,Origine,M­5,S,E­H,F,"6,1","7,7","8,7","11,3",2015
GRANDE,CITROEN,C4 Lounge,2.0­16V,Tendance,M­5,S,E­H,F,"6,1","7,7","8,7","11,3",2015
GRANDE,FIAT,Linea,1.8­16V,Essence,M­5,S,E,F,"6,7","8,2","9,9","11,9",2015
GRANDE,FIAT,Linea,1.8­16V,Essence,MTA­5,S,E,F,"6,7",8,"9,9","11,7",2015
GRANDE,FIAT,Linea,1.8­16V,Absolute,MTA­5,S,E,F,"6,7",8,"9,9","11,7",2015
GRANDE,FORD,Focus Hatch,1.6­16V,S,DCT­6,S,H,F,"7,2",9,"10,4",13,2015
GRANDE,FORD,Focus Hatch,1.6­16V,SE,DCT­6,S,H,F,"7,2",9,"10,4",13,2015
GRANDE,FORD,Focus Hatch,1.6­16V,S,M­5,S,E,F,"7,5","9,3","10,8","13,6",2015
GRANDE,FORD,Focus Hatch,1.6­16V,SE,M­5,S,E,F,"7,5","9,3","10,8","13,6",2015
GRANDE,FORD,Focus Hatch,2.0­16V,SE,DCT­6,S,E,F,"6,7","8,5","9,9","12,4",2015
GRANDE,FORD,Focus Hatch,2.0­16V,Titanium,DCT­6,S,E,F,"6,7","8,5","9,9","12,4",2015
GRANDE,FORD,Focus Sedan,2.0­16V,SE,DCT­6,S,E,F,"6,7","8,5","9,9","12,4",2015
GRANDE,FORD,Focus Sedan,2.0­16V,Titanium,DCT­6,S,E,F,"6,7","8,5","9,9","12,4",2015
GRANDE,FORD,Focus Hatch,1.6­16V,S (2016),DCT­6,S,H,F,"7,2",9,"10,4",13,2015
GRANDE,FORD,Focus Hatch,1.6­16V,SE (2016),DCT­6,S,H,F,"7,2",9,"10,4",13,2015
GRANDE,FORD,Focus Hatch,1.6­16V,S (2016),M­5,S,E,F,"7,5","9,3","10,8","13,6",2015
GRANDE,FORD,Focus Hatch,1.6­16V,SE (2016),M­5,S,E,F,"7,5","9,3","10,8","13,6",2015
GRANDE,FORD,Focus Hatch,2.0­16V,SE (2016),DCT­6,S,E,F,"6,7","9,2","9,7",13,2015
GRANDE,FORD,Focus Hatch,2.0­16V,"Titanium
(2016)",DCT­6,S,E,F,"6,7","9,2","9,7",13,2015
GRANDE,FORD,Focus Fastback,2.0­16V,SE (2016),DCT­6,S,E,F,"6,7","9,2","9,7",13,2015
GRANDE,FORD,Focus Fastback,2.0­16V,"Titanium
(2016)",DCT­6,S,E,F,"6,7","9,2","9,7",13,2015
GRANDE,HONDA,Civic,1.8­16V,LXS,A­5,S,E,F,"6,8","9,6","10,5","14,4",2015
GRANDE,HONDA,Civic,1.8­16V,LXS,M­6,S,E,F,"7,2","9,2","10,9","13,5",2015
GRANDE,HONDA,Civic,2.0­16V,LXR,A­5,S,E,F,"6,4","9,4","9,7","13,8",2015
GRANDE,HONDA,Civic,2.0­16V,EXR,A­5,S,E,F,"6,4","9,4","9,7","13,8",2015
GRANDE,HONDA,Civic,2.4­16V,Coupe SI,M­6,S,E,G,\,\,"8,3","11,6",2015
GRANDE,HYUNDAI,Azera,3.0­24V,"3,0 V6",A­6,S,E,G,\,\,"8,2","10,7",2015
GRANDE,HYUNDAI,Sonata,2.4­16V,"2,4",A­6,S,E,G,\,\,8,"11,5",2015
GRANDE,JAC,J5,1.5­16V,*******,M­5,S,H,G,\,\,"9,5","11,6",2015
GRANDE,JAC,J6,2.0­16V,"2,0S 5S",M­5,S,H,G,\,\,7,"9,1",2015
GRANDE,JAC,J6,2.0­16V,"2,0S
DIAMOND 5S",M­5,S,H,G,\,\,7,"9,1",2015
GRANDE,JAC,J6,2.0­16V,"2,0S
COMFORT 5S",M­5,S,H,G,\,\,7,"9,1",2015
GRANDE,JAC,J6,2.0­16V,"2,0S LUXURY
5S",M­5,S,H,G,\,\,7,"9,1",2015
GRANDE,JAC,J6,2.0­16V,"2,0S BLACK
5S",M­5,S,H,G,\,\,7,"9,1",2015
GRANDE,JAC,J6,2.0­16V,"2,0 JETFLEX
5S",M­5,S,H,F,5,"6,2","7,1",9,2015
GRANDE,KIA,Cerato,1.6­16V,LX3,A­6,S,E,F,"6,6","9,1","9,5","12,4",2015
GRANDE,KIA,Cerato,1.6­16V,EX3,A­6,S,E,F,"6,6","9,1","9,5","12,4",2015
GRANDE,KIA,Cerato,1.6­16V,SX3 ATNB,A­6,S,E,F,"6,6","9,1","9,5","12,4",2015
GRANDE,KIA,Cerato,1.6­16V,LX3,M­6,S,E,F,"6,8","9,3",10,14,2015
GRANDE,KIA,Cerato,1.6­16V,EX3,M­6,S,E,F,"6,8","9,3",10,14,2015
GRANDE,KIA,Cerato,1.6­16V,SX3 ATNB,M­6,S,E,F,"6,8","9,3",10,14,2015
GRANDE,KIA,Cerato Koup,2.0­16V,LX4,A­6,S,E,G,\,\,"8,8","11,5",2015
GRANDE,KIA,Cerato Koup,2.0­16V,SX4,A­6,S,E,G,\,\,"8,8","11,5",2015
GRANDE,MERCEDES­BENZ,CLA200,1.6­16V,­ ­ ­,DCT­7,S,E,G,\,\,"8,5","11,5",2015
GRANDE,MERCEDES­BENZ,GLA200,1.6­16V,­ ­ ­,DCT­7,S,E,G,\,\,"8,9","11,5",2015
GRANDE,MERCEDES­BENZ,GLA250,2.0­16V,­ ­ ­,DCT­7,S,E,G,\,\,"9,7","11,8",2015
GRANDE,MERCEDES­BENZ,GLA45 AMG 4M,2.0­16V,­ ­ ­,DCT­7,S,E,G,\,\,"8,9","10,9",2015
GRANDE,MERCEDES­BENZ,CLA45 AMG 4M,2.0­16V,­ ­ ­,DCT­7,S,E,G,\,\,"7,7","10,8",2015
GRANDE,MERCEDES­BENZ,CLA200 FF,1.6­16V,­ ­ ­,DCT­7,S,E,F,"6,9","8,6",10,"12,6",2015
GRANDE,MERCEDES­BENZ,GLA200 FF,1.6­16V,­ ­ ­,DCT­7,S,E,F,7,"8,6",10,"12,7",2015
GRANDE,MITSUBISHI,Lancer,2.0­16V,GT,CVT,S,H,G,\,\,"9,1","10,6",2015
GRANDE,MITSUBISHI,Lancer,2.0­16V,­,M­5,S,H,G,\,\,"8,2","10,3",2015
GRANDE,MITSUBISHI,Lancer,2.0­16V,­,CVT,S,H,G,\,\,"9,1","10,6",2015
GRANDE,NISSAN,Novo Sentra,2.0­16V,SV CVT,CVT,S,E,F,"6,9","9,1","10,2","12,9",2015
GRANDE,NISSAN,Novo Sentra,2.0­16V,SL CVT,CVT,S,E,F,"6,9","9,1","10,2","12,9",2015
GRANDE,NISSAN,Novo Sentra,2.0­16V,Unique,CVT,S,E,F,"6,9","9,1","10,2","12,9",2015
GRANDE,NISSAN,Novo sentra,2.0­16V,S,M­6,S,E,F,"7,2","8,7","10,5","12,9",2015
GRANDE,RENAULT,Fluence,2.0­16V,Dynamique,CVT,S,E,F,"5,9","7,5","8,6","10,9",2015
GRANDE,RENAULT,Fluence,2.0­16V,Expression,CVT,S,E,F,"5,9","7,5","8,6","10,9",2015
GRANDE,RENAULT,Fluence,2.0­16V,Privilège,CVT,S,E,F,"5,9","7,5","8,6","10,9",2015
GRANDE,SUBARU,Forester,2.0­16V,L,CVT,S,E,G,\,\,10,"14,4",2015
GRANDE,SUBARU,Forester,2.0­16V,S,CVT,S,E,G,\,\,10,"14,4",2015
GRANDE,SUBARU,Forester,2.0­16V,XT,CVT,S,E,G,\,\,"9,2","12,8",2015
GRANDE,TOYOTA,Corolla,1.8­16V,Gli,M­6,S,E,F,"7,3","9,1","10,7","13,2",2015
GRANDE,TOYOTA,Corolla,1.8­16V,Gli,CVT,S,E,F,"7,8","9,2","11,4","13,2",2015
GRANDE,TOYOTA,Corolla,2.0­16V,Altis,CVT,S,E,F,"7,2","8,8","10,6","12,6",2015
GRANDE,TOYOTA,Corolla,2.0­16V,Xei,CVT,S,E,F,"7,2","8,8","10,6","12,6",2015
GRANDE,VOLKSWAGEN,Golf Variant,1.4­16V,Comfortline,DCT­7,S,E,G,\,\,"11,3","13,1",2015
GRANDE,VOLKSWAGEN,Golf Variant,1.4­16V,Highline,DCT­7,S,E,G,\,\,"11,3","13,1",2015
GRANDE,VOLKSWAGEN,Jetta,2.0­16V,"Highline TSI
DSG",DCT­6,S,E­H,G,\,\,"8,9","12,1",2015
"EXTRA
GRANDE",AUDI,A4,1.8­16V,"Sedan
Attraction",CVT,S,E­H,G,\,\,"8,7","11,3",2015
"EXTRA
GRANDE",AUDI,A4,1.8­16V,"Avant
Ambiente",CVT,S,E­H,G,\,\,"8,5","9,2",2015
"EXTRA
GRANDE",AUDI,A5,1.8­16V,"Sportback
Attraction",CVT,S,E­H,G,\,\,"8,5","9,2",2015
"EXTRA
GRANDE",AUDI,A5,2.0­16V,"Sportback
Ambition",DCT­7,S,E­H,G,\,\,9,"12,9",2015
"EXTRA
GRANDE",AUDI,A6,2.0­16V,"Sedan
Ambiente",DCT­7,S,E­H,G,\,\,"8,3","9,5",2015
"EXTRA
GRANDE",AUDI,A6,3.0­24V,"Sedan
Ambition",DCT­7,S,E­H,G,\,\,"7,7","10,6",2015
"EXTRA
GRANDE",AUDI,A7,3.0­24V,"Sportback
Ambition",DCT­7,S,E­H,G,\,\,"7,7","10,6",2015
"EXTRA
GRANDE",AUDI,A8,4.0­32V,Sedan,A­8,S,E­H,G,\,\,"7,1","10,3",2015
"EXTRA
GRANDE",AUDI,A8 L,3.0­24V,Longo,A­8,S,E­H,G,\,\,"7,7","11,1",2015
"EXTRA
GRANDE",AUDI,Q5,2.0­16V,Attraction,A­8,S,E­H,G,\,\,"7,1","8,5",2015
"EXTRA
GRANDE",AUDI,Q7,3.0­24V,Ambiente,A­8,S,E­H,G,\,\,"6,7","7,9",2015
"EXTRA
GRANDE",BMW,528i,2.0­16V,­,A­8,S,E­H,G,\,\,"7,3","11,3",2015
"EXTRA
GRANDE",BMW,535i,3.0­24V,­,A­8,S,E­H,G,\,\,"7,4","10,4",2015
"EXTRA
GRANDE",CHRYSLER,300C,3.6­24V,300C,A­8,S,H,G,\,\,"7,1","10,1",2015
"EXTRA
GRANDE",DODGE,Durango,3.6­24V,Limited,A­8,S,H,G,\,\,"6,5","8,5",2015
"EXTRA
GRANDE",FORD,Fusion,2.0­16V,FWD Titanium,A­6,S,E,G,\,\,"7,9","11,2",2015
"EXTRA
GRANDE",FORD,Fusion,2.0­16V,"AWD
Titanium",A­6,S,E,G,\,\,"7,9","11,2",2015
"EXTRA
GRANDE",FORD,Fusion,2.0­16V,Hydrid,CVT,S,E,G,\,\,"16,6","15,1",2015
"EXTRA
GRANDE",FORD,Fusion,2.5­16V,Flex SEL,A­6,S,E,F,"5,4","8,2","7,9","11,9",2015
"EXTRA
GRANDE",JAGUAR,XF,2.0­16V,Luxury,A­8,S,H,G,\,\,"6,9","9,7",2015
"EXTRA
GRANDE",JAGUAR,XF,3.0­24V,"SC Premium
Luxury",A­8,S,H,G,\,\,"6,6","9,5",2015
"EXTRA
GRANDE",JAGUAR,XF,3.0­24V,SC Portfolio,A­8,S,H,G,\,\,"6,6","9,5",2015
"EXTRA
GRANDE",JAGUAR,XF,2.0­16V,"Premium
Luxury",A­8,S,H,G,\,\,"6,9","9,7",2015
"EXTRA
GRANDE",JAGUAR,XJ,3.0­24V,Portfolio,A­8,S,H,G,\,\,"6,5","10,2",2015
"EXTRA
GRANDE",KIA,Optima,2.4­16V,"EX 2,4 AT",A­6,S,H,G,\,\,"7,4","9,2",2015
"EXTRA
GRANDE",KIA,Optima,2.0­16V,LX2,A­6,S,H,G,\,\,"8,7","11,8",2015
"EXTRA
GRANDE",KIA,Optima,2.0­16V,"EX2 2,0 AT",A­6,S,H,G,\,\,"8,7","11,8",2015
"EXTRA
GRANDE",KIA,Cadenza,3.5­24V,EX,A­6,S,H,G,\,\,"6,9","9,7",2015
"EXTRA
GRANDE",LEXUS,ES350,3.5­24V,­,A­6,S,E,G,\,\,"7,7",11,2015
"EXTRA
GRANDE",MERCEDES­BENZ,C180,1.6­16V,Estate,A­7,S,E,G,\,\,"9,2","13,6",2015
"EXTRA
GRANDE",MERCEDES­BENZ,C180,1.6­16V,­ ­ ­,A­7,S,E,G,\,\,"9,2","13,6",2015
"EXTRA
GRANDE",MERCEDES­BENZ,C200,2.0­16V,­ ­ ­,A­7,S,E,G,\,\,"8,9","12,1",2015
"EXTRA
GRANDE",MERCEDES­BENZ,C250,2.0­16V,­ ­ ­,A­7,S,E,G,\,\,"8,5","11,8",2015
"EXTRA
GRANDE",MERCEDES­BENZ,E250 Turbo,2.0­16V,­ ­ ­,A­7,S,E,G,\,\,"7,4","10,4",2015
"EXTRA
GRANDE",MERCEDES­BENZ,S63 AMG L 4M,5.5­32V,­ ­ ­,A­7,S,E,G,\,\,"6,3","9,3",2015
"EXTRA
GRANDE",NISSAN,Altima,2.5­16V,SL,CVT,S,E­H,G,\,\,"10,1","13,1",2015
"EXTRA
GRANDE",PEUGEOT,408,2.0­16V,Allure,A­6,S,E­H,F,"5,6","7,8","8,2","11,1",2015
"EXTRA
GRANDE",PEUGEOT,408,2.0­16V,Griffe,A­6,S,E­H,F,"5,6","7,8","8,2","11,1",2015
"EXTRA
GRANDE",PEUGEOT,408,2.0­16V,Allure,M­5,S,E­H,F,"6,2","7,6",9,"11,2",2015
"EXTRA
GRANDE",PEUGEOT,408,1.6­16V,"Griffe THP
Flex",A­6,S,E­H,F,"6,6","8,5","9,6","12,5",2015
"EXTRA
GRANDE",PEUGEOT,408,1.6­16V,Griffe THP,A­6,S,E­H,G,\,\,9,"11,1",2015
"EXTRA
GRANDE",PEUGEOT,RCZ,1.6­16V,THP,A­6,S,E­H,G,\,\,"8,6","12,1",2015
"EXTRA
GRANDE",TOYOTA,Camry,3.5­24V,XLE,A­6,S,E,G,\,\,"7,6","10,2",2015
"EXTRA
GRANDE",VOLVO,S60,3.0­24V,"3,0 T6
COMFORT",A­6,S,E­H,G,\,\,6,"8,6",2015
"EXTRA
GRANDE",VOLVO,S60,3.0­24V,"3,0 T6
DYNAMIC",A­6,S,E­H,G,\,\,6,"8,6",2015
"EXTRA
GRANDE",VOLVO,S60,3.0­24V,"3,0 T6 TOP",A­6,S,E­H,G,\,\,6,"8,6",2015
"EXTRA
GRANDE",VOLVO,S60,3.0­24V,"3,0 T6 R­
DESIGN",A­6,S,E­H,G,\,\,6,"8,6",2015
"EXTRA
GRANDE",VOLVO,V60,3.0­24V,"3,0 T6
COMFORT",A­6,S,E­H,G,\,\,"6,2","8,5",2015
"EXTRA
GRANDE",VOLVO,V60,3.0­24V,"3,0 T6
DYNAMIC",A­6,S,E­H,G,\,\,"6,2","8,5",2015
"EXTRA
GRANDE",VOLVO,V60,3.0­24V,"3,0 T6 TOP",A­6,S,E­H,G,\,\,"6,2","8,5",2015
"EXTRA
GRANDE",VOLVO,V60,3.0­24V,"3,0 T6 R­
DESIGN",A­6,S,E­H,G,\,\,"6,2","8,5",2015
"EXTRA
GRANDE",VOLVO,V60,2.0­16V,"2,0T5
COMFORT
DRIVE E",A­8,S,E­H,G,\,\,"8,3","11,3",2015
"EXTRA
GRANDE",VOLVO,V60,2.0­16V,"2,0T5
DYNAMIC
DRIVE E",A­8,S,E­H,G,\,\,"8,3","11,3",2015
"EXTRA
GRANDE",VOLVO,V60,2.0­16V,"2,0T5 TOP
DRIVE E",A­8,S,E­H,G,\,\,"8,3","11,3",2015
"EXTRA
GRANDE",VOLVO,V60,2.0­16V,"2,0T5 R­
DESIGN
DRIVE E",A­8,S,E­H,G,\,\,"8,3","11,3",2015
"EXTRA
GRANDE",VOLVO,V60,2.0­16V,"2,0 T5 INS
DRIVE E",A­8,S,E­H,G,\,\,"8,3","11,3",2015
"EXTRA
GRANDE",VOLVO,V60,2.0­16V,"2,0 T5 MOM
DRIVE E",A­8,S,E­H,G,\,\,"8,3","11,3",2015
"EXTRA
GRANDE",VOLVO,V60,2.0­16V,"T5 KIN DRIVE
E",A­8,S,E­H,G,\,\,"8,3","11,3",2015
"EXTRA
GRANDE",VOLVO,S60 (2016),2.0­16V,"2,0 T5
Comfort",A­8,S,E­H,G,\,\,"8,4","11,7",2015
"EXTRA
GRANDE",VOLVO,S60 (2016),2.0­16V,"2,0T5 Dynamic",A­8,S,E­H,G,\,\,"8,4","11,7",2015
"EXTRA
GRANDE",VOLVO,S60 (2016),2.0­16V,"2,0 T5 Inscript",A­8,S,E­H,G,\,\,"8,4","11,7",2015
"EXTRA
GRANDE",VOLVO,S60 (2016),2.0­16V,"2,0 T5 Kinetic",A­8,S,E­H,G,\,\,"8,4","11,7",2015
"EXTRA
GRANDE",VOLVO,S60 (2016),2.0­16V,"2,0 T5
Momentum",A­8,S,E­H,G,\,\,"8,4","11,7",2015
"EXTRA
GRANDE",VOLVO,S60 (2016),2.0­16V,"2,0 T5 R­
Design",A­8,S,E­H,G,\,\,"8,4","11,7",2015
"EXTRA
GRANDE",VOLVO,S60 (2016),2.0­16V,"2,0 T6 Inscript",A­8,S,E­H,G,\,\,"8,3","11,3",2015
"EXTRA
GRANDE",VOLVO,S60 (2016),2.0­16V,"2,0 T6 Kinetic",A­8,S,E­H,G,\,\,"8,3","11,3",2015
"EXTRA
GRANDE",VOLVO,S60 (2016),2.0­16V,"2,0 T6
Momentum",A­8,S,E­H,G,\,\,"8,3","11,3",2015
"EXTRA
GRANDE",VOLVO,S60 (2016),2.0­16V,"2,0 T6 R­
Design",A­8,S,E­H,G,\,\,"8,3","11,3",2015
"EXTRA
GRANDE",VOLVO,V60 (2016),2.0­16V,"2,0 T5
Comfort",A­8,S,E­H,G,\,\,"8,9","11,7",2015
"EXTRA
GRANDE",VOLVO,V60 (2016),2.0­16V,"2,0T5 Dyanmic",A­8,S,E­H,G,\,\,"8,9","11,7",2015
"EXTRA
GRANDE",VOLVO,V60 (2016),2.0­16V,"2,0 T5 Inscript",A­8,S,E­H,G,\,\,"8,9","11,7",2015
"EXTRA
GRANDE",VOLVO,V60 (2016),2.0­16V,"2,0 T5 Kinetic",A­8,S,E­H,G,\,\,"8,9","11,7",2015
"EXTRA
GRANDE",VOLVO,V60 (2016),2.0­16V,"2,0 T5
Momentum",A­8,S,E­H,G,\,\,"8,9","11,7",2015
"EXTRA
GRANDE",VOLVO,V60 (2016),2.0­16V,"2,0 T5 R­
Design",A­8,S,E­H,G,\,\,"8,9","11,7",2015
"EXTRA
GRANDE",VOLVO,V60 (2016),2.0­16V,"2,0 T6 R­
Design",A­8,S,E­H,G,\,\,8,11,2015
"EXTRA
GRANDE",VOLVO,V60 (2016),2.0­16V,"2,0 T6 Inscript",A­8,S,E­H,G,\,\,8,11,2015
"EXTRA
GRANDE",VOLVO,V60 (2016),2.0­16V,"2,0 T6 Kinetic",A­8,S,E­H,G,\,\,8,11,2015
"EXTRA
GRANDE",VOLVO,V60 (2016),2.0­16V,"2,0 T6
Momentum",A­8,S,E­H,G,\,\,8,11,2015
"UTILITÁRIO
ESPORTIVO
COMPACTO",CITROEN,AirCross,1.6­16V,Tendance,M­5,S,H,F,"6,5","7,5","9,2","10,9",2015
"UTILITÁRIO
ESPORTIVO
COMPACTO",CITROEN,AirCross,1.6­16V,Exclusive,M­5,S,H,F,"6,5","7,5","9,2","10,9",2015
"UTILITÁRIO
ESPORTIVO
COMPACTO",CITROEN,AirCross,1.6­16V,Tendance,A­4,S,H,F,"5,9","7,4","8,4","10,7",2015
"UTILITÁRIO
ESPORTIVO
COMPACTO",CITROEN,AirCross,1.6­16V,Exclusive,A­4,S,H,F,"5,9","7,4","8,4","10,7",2015
"UTILITÁRIO
ESPORTIVO
COMPACTO",FIAT,Dobló,1.8­16V,Adventure,M­5,S,H,F,6,"6,7","8,6","9,8",2015
"UTILITÁRIO
ESPORTIVO
COMPACTO",FIAT,Idea,1.8­16V,Adventure,M­5,S,H,F,"5,9","6,7","8,8","9,9",2015
"UTILITÁRIO
ESPORTIVO
COMPACTO",FIAT,Idea,1.8­16V,"Adventure
Dualogic",MTA­5,S,H,F,"5,9","6,7","8,8","10,1",2015
"UTILITÁRIO
ESPORTIVO
COMPACTO",FIAT,Novo Uno,1.4­8V,Way,M­5,S,H,F,"7,8","8,6","11,2","12,5",2015
"ESPORTIVO
COMPACTO",FIAT,Novo Uno,1.4­8V,Way,MTA­5,S,H,F,"7,7","8,5","11,1","12,3",2015
"UTILITÁRIO
ESPORTIVO
COMPACTO",FIAT,Weekend,1.8­16V,Adventure,M­5,S,H,F,"6,9","7,9","9,8","11,3",2015
"UTILITÁRIO
ESPORTIVO
COMPACTO",FIAT,Weekend,1.8­16V,"Adventure
Dualogic",MTA­5,S,H,F,7,"8,1","10,2","11,7",2015
"UTILITÁRIO
ESPORTIVO
COMPACTO",FIAT,Weekend,1.6­16V,Trekking,M­5,S,H,F,"6,8","7,7","9,9","11,2",2015
"UTILITÁRIO
ESPORTIVO
COMPACTO",FORD,Ecosport,1.6­16V,S,M­5,S,E,F,7,"8,2","10,2","11,8",2015
"UTILITÁRIO
ESPORTIVO
COMPACTO",FORD,Ecosport,1.6­16V,SE,M­5,S,E,F,7,"8,2","10,2","11,8",2015
"UTILITÁRIO
ESPORTIVO
COMPACTO",FORD,Ecosport,1.6­16V,Titanium,M­5,S,E,F,7,"8,2","10,2","11,8",2015
"UTILITÁRIO
ESPORTIVO
COMPACTO",FORD,Ecosport,1.6­16V,Freestyle,M­5,S,E,F,7,"8,2","10,2","11,8",2015
"UTILITÁRIO
ESPORTIVO
COMPACTO",FORD,Ecosport,1.6­16V,SE,DCT­6,S,E,F,"7,2","8,3","10,2","12,1",2015
"UTILITÁRIO
ESPORTIVO
COMPACTO",FORD,Ecosport,1.6­16V,FREESTYLE,DCT­6,S,E,F,"7,2","8,3","10,2","12,1",2015
"UTILITÁRIO
ESPORTIVO
COMPACTO",FORD,Ecosport,2.0­16V,SE,DCT­6,S,E,F,"6,6",8,"9,7","11,5",2015
"UTILITÁRIO
ESPORTIVO
COMPACTO",FORD,Ecosport,2.0­16V,Titanium,DCT­6,S,E,F,"6,6",8,"9,7","11,5",2015
"UTILITÁRIO
ESPORTIVO
COMPACTO",FORD,Ecosport,2.0­16V,Freestyle,DCT­6,S,E,F,"6,6",8,"9,7","11,5",2015
"UTILITÁRIO
ESPORTIVO
COMPACTO",FORD,Ecosport,2.0­16V,Freestyle,M­5,S,E,F,"6,5","8,1",9,"11,7",2015
"UTILITÁRIO
ESPORTIVO",HONDA,HR­V,1.8­16V,LX,M­6,S,E,F,"6,7","8,6",10,"12,5",2015
"UTILITÁRIO
ESPORTIVO
COMPACTO",HONDA,HR­V,1.8­16V,LX,CVT,S,E,F,"7,1","8,5","10,5","12,1",2015
"UTILITÁRIO
ESPORTIVO
COMPACTO",HONDA,HR­V,1.8­16V,EX,CVT,S,E,F,"7,1","8,5","10,5","12,1",2015
"UTILITÁRIO
ESPORTIVO
COMPACTO",HONDA,HR­V,1.8­16V,EXL,CVT,S,E,F,"7,1","8,5","10,5","12,1",2015
"UTILITÁRIO
ESPORTIVO
COMPACTO",HYUNDAI,Tucson,2.0­16V,GLB,A­4,S,H,F,"5,2","6,6","7,2","9,1",2015
"UTILITÁRIO
ESPORTIVO
COMPACTO",HYUNDAI,HB20X (2016),1.6­16V,Style,M­6,S,E,F,"8,3","9,8","11,6","13,4",2015
"UTILITÁRIO
ESPORTIVO
COMPACTO",HYUNDAI,HB20X (2016),1.6­16V,Style,A­6,S,E,F,"7,1","8,7","10,1","11,4",2015
"UTILITÁRIO
ESPORTIVO
COMPACTO",HYUNDAI,HB20X (2016),1.6­16V,Premium,A­6,S,E,F,"7,1","8,7","10,1","11,4",2015
"UTILITÁRIO
ESPORTIVO
COMPACTO",JEEP,Renegade,1.8­16V,Sport,M­5,S,E,F,"6,7","7,4","9,6","10,7",2015
"UTILITÁRIO
ESPORTIVO
COMPACTO",KIA,New soul,1.6­16V,EX,A­6,S,E,F,"6,7","8,4","9,4","11,2",2015
"UTILITÁRIO
ESPORTIVO
COMPACTO",KIA,New soul,1.6­16V,"LX 1,6 FF AT",A­6,S,E,F,"6,7","8,4","9,4","11,2",2015
"UTILITÁRIO
ESPORTIVO
COMPACTO",MITSUBISHI,ASX,2.0­16V,4X2,CVT,S,E,G,\,\,"8,7","9,8",2015
"UTILITÁRIO
ESPORTIVO
COMPACTO",MITSUBISHI,ASX,2.0­16V,4X4,CVT,S,E,G,\,\,"8,3","9,5",2015
"UTILITÁRIO
ESPORTIVO
COMPACTO",MITSUBISHI,ASX,2.0­16V,4X2,M­5,S,E,G,\,\,"8,7","10,3",2015
"UTILITÁRIO
ESPORTIVO
COMPACTO",PEUGEOT,2008,1.6­16V,Griffe THP,M­6,S,E,F,"7,1","8,5","10,7","12,4",2015
"UTILITÁRIO
ESPORTIVO
COMPACTO",PEUGEOT,2008,1.6­16V,Allure,M­5,S,E,F,"7,3","8,2","10,2","11,6",2015
"UTILITÁRIO
ESPORTIVO
COMPACTO",PEUGEOT,2008,1.6­16V,Griffe,M­5,S,E,F,"7,3","8,2","10,2","11,6",2015
"UTILITÁRIO
ESPORTIVO
COMPACTO",PEUGEOT,2008,1.6­16V,Allure A,A­4,S,E,F,"6,8","7,9","9,4",11,2015
"UTILITÁRIO
ESPORTIVO
COMPACTO",PEUGEOT,2008,1.6­16V,Griffe A,A­4,S,E,F,"6,8","7,9","9,4",11,2015
"UTILITÁRIO
ESPORTIVO
COMPACTO",RENAULT,Novo Sandero,1.6­8V,Stepway,MTA­5,S,H,F,"6,8","8,2","9,6","11,4",2015
"UTILITÁRIO
ESPORTIVO
COMPACTO",RENAULT,Novo Sandero,1.6­8V,Steway,M­5,S,H,F,"7,4","8,1","10,5","11,6",2015
"UTILITÁRIO
ESPORTIVO
COMPACTO",SUZUKI,S­Cross,1.6­16V,2WD,CVT,S,E,G,\,\,"11,9","13,2",2015
"UTILITÁRIO
ESPORTIVO
COMPACTO",SUZUKI,S­Cross,1.6­16V,2WD,M­5,S,E,G,\,\,11,"12,9",2015
"UTILITÁRIO
ESPORTIVO
COMPACTO",SUZUKI,S­Cross,1.6­16V,4WD,CVT,S,E,G,\,\,"11,1","11,8",2015
"UTILITÁRIO
ESPORTIVO
COMPACTO",VOLKSWAGEN,Novo CrossFox,1.6­16V,I­Motion,MTA­5,S,E,F,"7,4","8,1","10,3","11,5",2015
"UTILITÁRIO
ESPORTIVO
COMPACTO",VOLKSWAGEN,Novo Space Cross,1.6­16V,I­Motion,MTA­5,S,E,F,"7,3","7,9","10,3","11,3",2015
"UTILITÁRIO
ESPORTIVO
GRANDE",HYUNDAI,Santa Fé,3.3­24V,V6 (5 lugares),A­6,S,E,G,\,\,"7,1","9,2",2015
"UTILITÁRIO
ESPORTIVO
GRANDE",HYUNDAI,ix35,2.0­16V,B,A­6,S,E,F,"6,1","7,3","8,8","10,5",2015
"UTILITÁRIO
ESPORTIVO
GRANDE",HYUNDAI,ix35,2.0­16V,2,A­6,S,E,G,\,\,"7,7","9,3",2015
"UTILITÁRIO
ESPORTIVO
GRANDE",HYUNDAI,ix35,2.0­16V,2,M­5,S,E,G,\,\,"7,3","8,9",2015
"UTILITÁRIO
ESPORTIVO
GRANDE",HYUNDAI,Santa Fé,3.5­24V,"3,5",A­6,S,H,G,\,\,"6,7","7,8",2015
"UTILITÁRIO
ESPORTIVO
GRANDE",HYUNDAI,Santa Fé,2.4­16V,"2,4",A­6,S,H,G,\,\,7,8,2015
"UTILITÁRIO
ESPORTIVO
GRANDE",JEEP,Grand Cherokee,3.6­24V,Laredo,A­8,S,H,G,\,\,"5,9","7,7",2015
"UTILITÁRIO
ESPORTIVO
GRANDE",JEEP,Grand Cherokee,3.6­24V,Limited,A­8,S,H,G,\,\,"5,9","7,7",2015
"UTILITÁRIO
ESPORTIVO
GRANDE",JEEP,Compass,2.0­16V,VVT,CVT,S,H,G,\,\,"8,3","9,3",2015
"UTILITÁRIO
ESPORTIVO
GRANDE",JEEP,Cherokee,3.2­24V,Limited,A­9,S,E,G,\,\,"7,2","9,4",2015
"UTILITÁRIO
ESPORTIVO
GRANDE",KIA,Sorento,2.4­16V,EX2,A­6,S,H,G,\,\,"6,8","8,2",2015
"UTILITÁRIO
ESPORTIVO
GRANDE",KIA,Sorento,2.4­16V,LX2G15,A­6,S,H,G,\,\,"6,8","8,2",2015
"UTILITÁRIO
ESPORTIVO
GRANDE",KIA,Sportage,2.0­16V,EX,M­6,S,H,F,"5,8","6,9","8,5","10,3",2015
"UTILITÁRIO
ESPORTIVO
GRANDE",KIA,Sportage,2.0­16V,"LX 2,0 FF G1",M­6,S,H,F,"5,8","6,9","8,5","10,3",2015
"UTILITÁRIO
ESPORTIVO
GRANDE",KIA,Sportage,2.0­16V,G2,M­6,S,H,F,"5,8","6,9","8,5","10,3",2015
"ESPORTIVO
GRANDE",KIA,Sportage,2.0­16V,EX,A­6,S,H,F,"6,3","7,7","9,1","11,3",2015
"UTILITÁRIO
ESPORTIVO
GRANDE",KIA,Sportage,2.0­16V,"LX 2,0 FF G3",A­6,S,H,F,"6,3","7,7","9,1","11,3",2015
"UTILITÁRIO
ESPORTIVO
GRANDE",KIA,Sportage,2.0­16V,G4,A­6,S,H,F,"6,3","7,7","9,1","11,3",2015
"UTILITÁRIO
ESPORTIVO
GRANDE",MITSUBISHI,Outlander,2.0­16V,4X2,CVT,S,E,G,\,\,"9,3","10,1",2015
"UTILITÁRIO
ESPORTIVO
GRANDE",RENAULT,Duster,1.6­16V,Dynamique,M­5,S,H,F,"6,7","7,4",10,"10,7",2015
"UTILITÁRIO
ESPORTIVO
GRANDE",RENAULT,Duster,1.6­16V,Expression,M­5,S,H,F,"6,7","7,4",10,"10,7",2015
"UTILITÁRIO
ESPORTIVO
GRANDE",RENAULT,Duster,2.0­16V,Dynamique,M­6,S,H,F,"6,7","7,8","9,9","11,2",2015
"UTILITÁRIO
ESPORTIVO
GRANDE",RENAULT,Novo Duster,1.6­16V,Dynamique,M­5,S,H,F,"6,8","7,3","9,6","10,6",2015
"UTILITÁRIO
ESPORTIVO
GRANDE",RENAULT,Novo Duster,1.6­16V,Expression,M­5,S,H,F,"6,8","7,3","9,6","10,6",2015
"UTILITÁRIO
ESPORTIVO
GRANDE",RENAULT,Novo Duster,2.0­16V,Dynamique,M­6,S,H,F,"6,4","7,4","9,1","10,8",2015
"UTILITÁRIO
ESPORTIVO
GRANDE",RENAULT,Novo Duster,2.0­16V,Dynamique,A­4,S,H,F,"5,6",7,"8,1","10,1",2015
"UTILITÁRIO
ESPORTIVO
GRANDE",RENAULT,Duster,2.0­16V,Dynamique,A­4,S,H,F,"5,8","7,2","8,5","10,5",2015
"UTILITÁRIO
ESPORTIVO
GRANDE",SUZUKI,Grand Vitara,2.0­16V,4X2,A­4,S,H,G,\,\,"7,8","9,5",2015
"UTILITÁRIO
ESPORTIVO
GRANDE",SUZUKI,Grand Vitara,2.0­16V,4X2,M­5,S,H,G,\,\,"7,6","9,2",2015
"UTILITÁRIO
ESPORTIVO",TOYOTA,RAV4 4x2,2.0­16V,"2,0 4x2",CVT,S,E,G,\,\,"9,5","10,9",2015
"UTILITÁRIO
ESPORTIVO
GRANDE",TOYOTA,RAV4 4x2,2.0­16V,"4x2 2,0",CVT,S,E,G,\,\,"9,5","10,9",2015
"UTILITÁRIO
ESPORTIVO
GRANDE",TOYOTA,RAV4 4x4,2.0­16V,4x4,CVT,S,E,G,\,\,"9,5","10,9",2015
"UTILITÁRIO
ESPORTIVO
GRANDE",TOYOTA,RAV4 4x4,2.5­16V,4x4,A­6,S,E,G,\,\,"8,7","10,9",2015
"UTILITÁRIO
ESPORTIVO
GRANDE",VOLVO,XC60,2.0­16V,"T6 COMFORT
DRIVE E",A­8,S,E­H,G,\,\,"7,1","10,4",2015
"UTILITÁRIO
ESPORTIVO
GRANDE",VOLVO,XC60,2.0­16V,"T6 DYNAMIC
DRIVE E",A­8,S,E­H,G,\,\,"7,1","10,4",2015
"UTILITÁRIO
ESPORTIVO
GRANDE",VOLVO,XC60,2.0­16V,"T6 TOP DRIVE
E",A­8,S,E­H,G,\,\,"7,1","10,4",2015
"UTILITÁRIO
ESPORTIVO
GRANDE",VOLVO,XC60,2.0­16V,"T6 R­DESIGN
DRIVE E",A­8,S,E­H,G,\,\,"7,1","10,4",2015
"UTILITÁRIO
ESPORTIVO
GRANDE",VOLVO,XC60,2.0­16V,"2,0 T6 INSCR
DRIVE E",A­8,S,E­H,G,\,\,"7,1","10,4",2015
"UTILITÁRIO
ESPORTIVO
GRANDE",VOLVO,XC60,2.0­16V,"2,0 T6
MOMENT
DRIVE E",A­8,S,E­H,G,\,\,"7,1","10,4",2015
"UTILITÁRIO
ESPORTIVO
GRANDE",VOLVO,XC60,2.0­16V,"2,0 T6 KINET
DRIVE E",A­8,S,E­H,G,\,\,"7,1","10,4",2015
"UTILITÁRIO
ESPORTIVO
GRANDE",VOLVO,XC60,2.0­16V,"2,0T5
COMFORT
DRIVE E",A­8,S,E­H,G,\,\,8,"11,1",2015
"UTILITÁRIO
ESPORTIVO
GRANDE",VOLVO,XC60,2.0­16V,"2,0T5
DYNAMIC
DRIVE E",A­8,S,E­H,G,\,\,8,"11,1",2015
"UTILITÁRIO
ESPORTIVO
GRANDE",VOLVO,XC60,2.0­16V,"2,0T5 TOP
DRIVE E",A­8,S,E­H,G,\,\,8,"11,1",2015
"UTILITÁRIO
ESPORTIVO
GRANDE",VOLVO,XC60,2.0­16V,"2,0T5 R­
DESIGN
DRIVE E",A­8,S,E­H,G,\,\,8,"11,1",2015
"UTILITÁRIO
ESPORTIVO
GRANDE",VOLVO,XC60,2.0­16V,"2,0 T5 INSCR
DRIVE E",A­8,S,E­H,G,\,\,8,"11,1",2015
"UTILITÁRIO
ESPORTIVO
GRANDE",VOLVO,XC60,2.0­16V,"2,0 T5
MOMENT
DRIVE E",A­8,S,E­H,G,\,\,8,"11,1",2015
"UTILITÁRIO
ESPORTIVO
GRANDE",VOLVO,XC60,2.0­16V,"T5 KINET
DRIVE E",A­8,S,E­H,G,\,\,8,"11,1",2015
"UTILITÁRIO
ESPORTIVO
GRANDE",VOLVO,XC60 (2016),2.0­16V,"2,O T5
Dynamic,",A­8,S,E­H,G,\,\,"8,2","10,9",2015
"UTILITÁRIO
ESPORTIVO
GRANDE",VOLVO,XC60 (2016),2.0­16V,"2,0 T5 Confort",A­8,S,E­H,G,\,\,"8,2","10,9",2015
"UTILITÁRIO
ESPORTIVO
GRANDE",VOLVO,XC60 (2016),2.0­16V,"2,0 Kinetic",A­8,S,E­H,G,\,\,"8,2","10,9",2015
"UTILITÁRIO
ESPORTIVO
GRANDE",VOLVO,XC60 (2016),2.0­16V,"2,0 T5
Momentum",A­8,S,E­H,G,\,\,"8,2","10,9",2015
"UTILITÁRIO
ESPORTIVO
GRANDE",VOLVO,XC60 (2016),2.0­16V,"2,0 T5 Inscript",A­8,S,E­H,G,\,\,8,"10,2",2015
"UTILITÁRIO
ESPORTIVO
GRANDE",VOLVO,XC60 (2016),2.0­16V,"2,0 T5 R­
Design",A­8,S,E­H,G,\,\,8,"10,2",2015
"UTILITÁRIO
ESPORTIVO
GRANDE",VOLVO,XC60 (2016),2.0­16V,T6 Dynamic,A­8,S,E­H,G,\,\,"7,7","9,8",2015
"UTILITÁRIO
ESPORTIVO
GRANDE",VOLVO,XC60 (2016),2.0­16V,R­Design,A­8,S,E­H,G,\,\,"7,7","9,8",2015
"UTILITÁRIO
ESPORTIVO
GRANDE",VOLVO,XC60 (2016),2.0­16V,T6 Top,A­8,S,E­H,G,\,\,"7,7","9,8",2015
"UTILITÁRIO
ESPORTIVO
GRANDE",VOLVO,XC60 (2016),2.0­16V,"2,0 T6 Inscript",A­8,S,E­H,G,\,\,"7,7","9,8",2015
"UTILITÁRIO
ESPORTIVO
GRANDE",VOLVO,XC60 (2016),2.0­16V,"2,0 T6 Kinetic",A­8,S,E­H,G,\,\,"7,7","9,8",2015
"UTILITÁRIO
ESPORTIVO
GRANDE",VOLVO,XC60 (2016),2.0­16V,"2,0 T6
Momentum",A­8,S,E­H,G,\,\,"7,7","9,8",2015
"UTILITÁRIO
ESPORTIVO
GRANDE",VOLVO,XC90,2.0­16V,T6 Inscription,A­8,S,E­H,G,\,\,7,"9,2",2015
"UTILITÁRIO
ESPORTIVO
GRANDE",VOLVO,XC90,2.0­16V,T6 Kinetic,A­8,S,E­H,G,\,\,7,"9,2",2015
"UTILITÁRIO
ESPORTIVO
GRANDE",VOLVO,XC90,2.0­16V,T6 Momentum,A­8,S,E­H,G,\,\,7,"9,2",2015
"UTILITÁRIO
ESPORTIVO
GRANDE",VOLVO,XC90,2.0­16V,T6 R­Design,A­8,S,E­H,G,\,\,7,"9,2",2015
"UTILITÁRIO
ESPORTIVO
GRANDE",VOLVO,XC90,2.0­16V,T6 1º Edition,A­8,S,E­H,G,\,\,7,"9,2",2015
"FORA DE
ESTRADA",BMW,X3,2.0­16V,xDrive 20i,A­8,S,E­H,G,\,\,"7,2",9,2015
"FORA DE
ESTRADA",BMW,X3,2.0­16V,xDrive 28i,A­8,S,E­H,G,\,\,"7,3","9,2",2015
"FORA DE
ESTRADA",BMW,X4,2.0­16V,xDrive 28i,A­8,S,E­H,G,\,\,"7,3","9,4",2015
"FORA DE
ESTRADA",BMW,X4,3.0­24V,xDrive 35i,A­8,S,E­H,G,\,\,"6,7","8,8",2015
"FORA DE
ESTRADA",BMW,X5,3.0­24v,xDrive 35i,A­8,S,E,G,\,\,"6,2","8,2",2015
"FORA DE
ESTRADA",BMW,X6,4.4­32v,xDrive 50i,A­8,S,E,G,\,\,"5,3","7,5",2015
"FORA DE
ESTRADA",FORD,Ecosport,2.0­16V,"Freestyle
4WD",M­6,S,E,F,"5,7",7,"8,6","10,3",2015
"FORA DE
ESTRADA",KIA,Sorento,3.5­24V,EX2,A­6,S,H,G,\,\,"6,3","7,7",2015
"FORA DE
ESTRADA",KIA,Sorento,3.5­24V,LX2 G17,A­6,S,H,G,\,\,"6,3","7,7",2015
"FORA DE
ESTRADA",JEEP,Wrangler,3.6­24V,"Unlimited
Sport",A­5,S,H,G,\,\,"5,8","6,7",2015
"FORA DE
ESTRADA",JEEP,Wrangler,3.6­24V,Sport,A­5,S,H,G,\,\,"5,8","6,7",2015
"FORA DE
ESTRADA",LAND ROVER,Range Rover Sport,5.0­32V,"5,0 SC DYN",A­8,S,E,G,\,\,"4,9","7,3",2015
"FORA DE
ESTRADA",LAND ROVER,Range Rover Sport,5.0­32V,"5,0 SC AB",A­8,S,E,G,\,\,"4,9","7,3",2015
"FORA DE
ESTRADA",LAND ROVER,Range Rover Sport,5.0­32V,"5,0 SC AB D",A­8,S,E,G,\,\,"4,9","7,3",2015
"FORA DE
ESTRADA",LAND ROVER,Range Rover Sport,3.0­24V,"3,0 SC S",A­8,S,E,G,\,\,"5,8","7,9",2015
"FORA DE
ESTRADA",LAND ROVER,Range Rover Sport,3.0­24V,"3,0 SC SE",A­8,S,E,G,\,\,"5,8","7,9",2015
"FORA DE
ESTRADA",LAND ROVER,Range Rover Sport,3.0­24V,"3,0 SE HSE",A­8,S,E,G,\,\,"5,8","7,9",2015
"FORA DE
ESTRADA",LAND ROVER,Evoque A9,2.0­16V,Pure P3D,A­9,S,E,G,\,\,"7,9","11,1",2015
"FORA DE
ESTRADA",LAND ROVER,Evoque A9,2.0­16V,Pure 5D,A­9,S,E,G,\,\,"7,9","11,1",2015
"FORA DE
ESTRADA",LAND ROVER,Evoque A9,2.0­16V,Pure P5D,A­9,S,E,G,\,\,"7,9","11,1",2015
"FORA DE
ESTRADA",LAND ROVER,Evoque A9,2.0­16V,Prestige 5D,A­9,S,E,G,\,\,"7,9","11,1",2015
"FORA DE
ESTRADA",LAND ROVER,Evoque A9,2.0­16V,Prestige P5D,A­9,S,E,G,\,\,"7,9","11,1",2015
"FORA DE
ESTRADA",LAND ROVER,Evoque A9,2.0­16V,Dynamic 3D,A­9,S,E,G,\,\,"7,9","11,1",2015
"FORA DE
ESTRADA",LAND ROVER,Evoque A9,2.0­16V,Dynamic P3D,A­9,S,E,G,\,\,"7,9","11,1",2015
"FORA DE
ESTRADA",LAND ROVER,Evoque A9,2.0­16V,Dynamic 5D,A­9,S,E,G,\,\,"7,9","11,1",2015
"FORA DE
ESTRADA",LAND ROVER,Evoque A9,2.0­16V,Dynamic P5D,A­9,S,E,G,\,\,"7,9","11,1",2015
"FORA DE
ESTRADA",LAND ROVER,Range Rover,5.0­32V,"V8 SC
VOGUESE",A­8,S,E,G,\,\,"5,1","7,7",2015
"FORA DE
ESTRADA",LAND ROVER,Range Rover,5.0­32V,V8 SC AB,A­8,S,E,G,\,\,"5,1","7,7",2015
"FORA DE
ESTRADA",LAND ROVER,Range Rover,5.0­32V,V8 SC AB L,A­8,S,E,G,\,\,"5,1","7,7",2015
"FORA DE
ESTRADA",LAND ROVER,Range Rover,5.0­32V,ABLACKL,A­8,S,E,G,\,\,"5,1","7,7",2015
"FORA DE
ESTRADA",LEXUS,RX350,3.5­24V,RX350,A­6,S,E,G,\,\,"6,6","8,5",2015
"FORA DE
ESTRADA",LEXUS,RX350,3.5­24V,F­Sport,A­6,S,E,G,\,\,"6,6","8,5",2015
"FORA DE
ESTRADA",LEXUS,NX200,2.0­16V,LUXURY,A­6,S,E,G,\,\,"8,3",10,2015
"FORA DE
ESTRADA",LEXUS,NX200,2.0­16V,SPORT,A­6,S,E,G,\,\,"8,3",10,2015
"FORA DE
ESTRADA",MITSUBISHI,Outlander,3.0­24V,4WD,A­6,S,E,G,\,\,"6,9","8,4",2015
"FORA DE
ESTRADA",MITSUBISHI,Pajero 5 portas,3.8­24V,4X4,A­5,S,H,G,\,\,"5,3","6,7",2015
"FORA DE
ESTRADA",PORSCHE,Macan,2.0­16V,*****,A­7,S,E,G,\,\,"8,2","10,8",2015
"FORA DE
ESTRADA",PORSCHE,Macan,3.0­24V,Turbo,A­7,S,E,G,\,\,"5,7","7,6",2015
"FORA DE
ESTRADA",PORSCHE,Macan,3.6­24V,S,A­7,S,E,G,\,\,"5,9","7,9",2015
"FORA DE
ESTRADA",PORSCHE,Cayenne (new),3.6­24V,S,A­8,S,H,G,\,\,"6,3","9,2",2015
"FORA DE
ESTRADA",PORSCHE,Cayenne (new),4.8­24V,Turbo,A­8,S,H,G,\,\,"5,5",8,2015
"FORA DE
ESTRADA",RENAULT,Duster,2.0­16V,"Dynamique
(4x4)",M­6,S,H,F,"6,1","7,2","8,9","10,2",2015
"FORA DE
ESTRADA",RENAULT,Novo Duster,2.0­16V,Dynamique,M­6,S,H,F,"6,2","7,1","9,1","10,3",2015
"FORA DE
ESTRADA",SUZUKI,Grand Vitara,2.0­16V,4X4,A­4,S,H,G,\,\,"7,3","8,9",2015
"FORA DE
ESTRADA",SUZUKI,Grand Vitara,2.0­16V,4X4,M­5,S,H,G,\,\,"7,6","9,1",2015
"FORA DE
ESTRADA",SUZUKI,Jimny,1.3­16V,4X4,M­5,S,H,G,\,\,"9,5","10,7",2015
"FORA DE
ESTRADA",VOLVO,XC60,3.0­24V,"3,0T
COMFORT",A­6,S,E­H,G,\,\,"5,9","7,7",2015
"FORA DE
ESTRADA",VOLVO,XC60,3.0­24V,"3,0T DYNAMIC",A­6,S,E­H,G,\,\,"5,9","7,7",2015
"FORA DE
ESTRADA",VOLVO,XC60,3.0­24V,"3,0T TOP",A­6,S,E­H,G,\,\,"5,9","7,7",2015
"FORA DE
ESTRADA",VOLVO,XC60,3.0­24V,"3,0T R­
DESIGN",A­6,S,E­H,G,\,\,"5,9","7,7",2015
MINIVAN,CHRYSLER,Town & Country,3.6­24V,Touring,A­6,S,H,G,\,\,"6,2","8,6",2015
MINIVAN,CHRYSLER,Town & Country,3.6­24V,Limited,A­6,S,H,G,\,\,"6,2","8,6",2015
MINIVAN,DODGE,Journey,3.6­24V,SXT,A­6,S,H,G,\,\,"6,5","9,3",2015
MINIVAN,DODGE,Journey,3.6­24V,R/T,A­6,S,H,G,\,\,"6,5","9,3",2015
MINIVAN,FIAT,Dobló,1.4­8V,Attractive,M­5,S,H,F,"6,3","6,4","9,2","9,5",2015
MINIVAN,FIAT,Dobló,1.8­16V,Essence,M­5,S,H,F,"6,2","6,7","9,1","9,7",2015
MINIVAN,FIAT,Freemont,2.4­16V,Emotion,A­6,S,H,G,\,\,"7,1","10,7",2015
MINIVAN,FIAT,Freemont,2.4­16V,Precision,A­6,S,H,G,\,\,"7,1","10,7",2015
MINIVAN,HYUNDAI,Santa Fé,3.3­24V,V6 (7 lugares),A­6,S,E,G,\,\,"7,1","9,2",2015
MINIVAN,JAC,J6,2.0­16V,"2,0S 7S",M­5,S,H,G,\,\,7,"9,1",2015
MINIVAN,JAC,J6,2.0­16V,"2,0S
DIAMOND 7S",M­5,S,H,G,\,\,7,"9,1",2015
MINIVAN,JAC,J6,2.0­16V,"2,0S
COMFORT 7S",M­5,S,H,G,\,\,7,"9,1",2015
MINIVAN,JAC,J6,2.0­16V,"2,0S LUXURY
7S",M­5,S,H,G,\,\,7,"9,1",2015
MINIVAN,JAC,J6,2.0­16V,"2,0S BLACK
7S",M­5,S,H,G,\,\,7,"9,1",2015
MINIVAN,JAC,J6,2.0­16V,"2,0 JETFLEX
7S",M­5,S,H,F,5,"6,2","7,1",9,2015
MINIVAN,NISSAN,Grand Livina,1.8­16V,S,A­4,S,E,F,"6,2","7,7","8,9","11,2",2015
MINIVAN,NISSAN,Grand Livina,1.8­16V,SL,A­4,S,E,F,"6,2","7,7","8,9","11,2",2015
COMERCIAL,EFFA,K01,1.0­8V,******,M­5,N,M,G,\,\,"8,9","9,7",2015
COMERCIAL,FIAT,Dobló,1.8­16V,Cargo,M­5,N,M,F,"6,4","6,9","9,5",10,2015
COMERCIAL,FIAT,Dobló,1.4­8V,Cargo,M­5,N,M,F,"6,8","7,1","9,8","10,3",2015
COMERCIAL,JINBEI,Van Cargo,2.0­16V,L,M­5,S,H,G,\,\,6,"7,3",2015
COMERCIAL,JINBEI,Van 13P,2.0­16V,SL,M­5,S,H,G,\,\,6,"7,3",2015
COMERCIAL,JINBEI,Van 13P,2.0­16V,L,M­5,S,H,G,\,\,6,"7,3",2015
COMERCIAL,JINBEI,Topic,2.0­16V,SL,M­5,S,H,G,\,\,6,"7,3",2015
COMERCIAL,JINBEI,Topic,2.0­16V,L,M­5,S,H,G,\,\,6,"7,3",2015
COMERCIAL,JINBEI,Topic,2.0­16V,Furgao,M­5,S,H,G,\,\,6,"7,3",2015
COMERCIAL,JINBEI,Gran Topic,2.0­16V,VAN,M­5,S,H,G,\,\,6,"7,3",2015
COMERCIAL,MITSUBISHI,L200 Triton,2.4­16V,4X2,M­5,S,H,F,4,"4,9","6,1","7,2",2015
COMERCIAL,RELY,Pick­up,1.0­16V,******,M­5,S,H,G,\,\,"7,9","8,2",2015
COMERCIAL,RELY,Link,1.3­16V,******,M­5,S,H,G,\,\,"8,7","10,2",2015
COMERCIAL,RENAULT,Duster Oroch,1.6­16V,Dynamique,M­5,S,H,F,"6,6","7,5","9,6","10,9",2015
COMERCIAL,RENAULT,Duster Oroch,1.6­16V,Expression,M­5,S,H,F,"6,6","7,5","9,6","10,9",2015
COMERCIAL,RENAULT,Duster Oroch,1.6­16V,Outsider,M­5,S,H,F,"6,6","7,5","9,6","10,9",2015
COMERCIAL,RENAULT,Duster Oroch,2.0­16V,Dynamique,M­6,S,H,F,"6,4","7,3","9,2","10,8",2015
COMERCIAL,RENAULT,Duster Oroch,2.0­16V,Outsider,M­6,S,H,F,"6,4","7,3","9,2","10,8",2015
COMERCIAL,RENAULT,Kangoo,1.6­16V,Express,M­5,N,M,F,"7,2",8,"10,4","11,3",2015
COMERCIAL,RENAULT,Kangoo,1.6­16V,Express,M­5,S,H,F,6,"7,4","8,6","10,4",2015
COMERCIAL,RENAULT,Kangoo,1.6­16V,Express,M­5,N,M,F,"7,2","7,7","10,2","11,2",2015
"CARGA
DERIVADO",FIAT,Strada,1.6­16V,"Trekking
Cabine Dupla
3 Portas",M­5,S,H,F,"7,3",8,"10,3","11,5",2015
"CARGA
DERIVADO",FIAT,Strada,1.4­8V,"Working
Cabine Dupla
3 Portas",M­5,S,H,F,"7,5","7,7","10,6",11,2015
"CARGA
DERIVADO",VOLKSWAGEN,Saveiro CS,1.6­8V,Startline,M­5,S,H,F,"7,3","8,3","10,7","11,5",2015
"CARGA
DERIVADO",VOLKSWAGEN,Saveiro CS,1.6­8V,Trendline,M­5,S,H,F,"7,3","8,3","10,7","11,5",2015
"CARGA
DERIVADO",VOLKSWAGEN,Saveiro CS,1.6­8V,Surf,M­5,S,H,F,"7,3","8,3","10,7","11,5",2015
"CARGA
DERIVADO",VOLKSWAGEN,Saveiro CE,1.6­8V,Trendline,M­5,S,H,F,"7,3","8,3","10,7","11,5",2015
"CARGA
DERIVADO",VOLKSWAGEN,Saveiro CE,1.6­16V,Cross,M­5,S,H,F,"7,5","8,2","10,7","11,5",2015
"CARGA
DERIVADO",VOLKSWAGEN,Saveiro CD,1.6­8V,Rock in Rio,M­5,S,H,F,"7,3","8,2","10,6","11,4",2015
"CARGA
DERIVADO",VOLKSWAGEN,Saveiro CD,1.6­8V,Trendline,M­5,S,H,F,"7,3","8,2","10,6","11,4",2015
"CARGA
DERIVADO",VOLKSWAGEN,Saveiro CD,1.6­8V,Highline,M­5,S,H,F,"7,3","8,2","10,6","11,4",2015
"CARGA
DERIVADO",VOLKSWAGEN,Saveiro CD,1.6­16V,Cross,M­5,S,H,F,"7,5","7,8","10,7","10,9",2015
ESPORTIVO,AUDI,TT,2.0­16V,Coupé,DCT­6,S,E,G,\,\,"9,9","12,7",2015
ESPORTIVO,BMW,428i,2.0­16V,Cabrio,A­8,S,E­H,G,\,\,"8,3","11,4",2015
ESPORTIVO,BMW,M235i,3.0­24V,Coupe,A­8,S,E­H,G,\,\,"7,7","10,7",2015
ESPORTIVO,BMW,M4,3.0­24V,Cabrio,DCT­7,S,E­H,G,\,\,"5,9","9,6",2015
ESPORTIVO,BMW,M4,3.0­24V,Coupe,DCT­7,S,E­H,G,\,\,"5,9","9,6",2015
ESPORTIVO,BMW,Z4,2.0­16V,sDrive 20i,A­8,S,E­H,G,\,\,"7,9","10,7",2015
ESPORTIVO,JAGUAR,F­Type,3.0­24V,Cabrio,A­8,S,H,G,\,\,"7,2",10,2015
ESPORTIVO,JAGUAR,F­Type,3.0­24V,Coupe,A­8,S,H,G,\,\,"7,2",10,2015
ESPORTIVO,MASERATI,Ghibli,3.0­24V,S,A­8,S,H,G,\,\,6,"8,9",2015
ESPORTIVO,MASERATI,Gran,4.7­32V,Cabrio S,A­6,S,H,G,\,\,"5,2","7,1",2015
ESPORTIVO,MASERATI,Gran,4.7­32V,Cabrio MC,A­6,S,H,G,\,\,"5,2","7,1",2015
ESPORTIVO,MASERATI,Gran,4.7­32V,Turismo MCS,A­6,S,H,G,\,\,"5,2","7,1",2015
ESPORTIVO,MASERATI,Gran,4.7­32V,Turismo S,A­6,S,H,G,\,\,"5,2","7,1",2015
ESPORTIVO,MERCEDES­BENZ,C 180,1.6­16V,Turbo Coupé,A­7,S,E,G,\,\,9,"12,6",2015
ESPORTIVO,MERCEDES­BENZ,E250 Turbo,2.0­16V,Cabrio,A­7,S,E,G,\,\,"7,4","10,4",2015
ESPORTIVO,MERCEDES­BENZ,E250 Turbo,2.0­16V,Coupé,A­7,S,E,G,\,\,"7,4","10,4",2015
ESPORTIVO,MERCEDES­BENZ,SLK 250,1.8­16V,Turbo,A­7,S,E,G,\,\,"7,9","10,8",2015
ESPORTIVO,MINI,Cooper,2.0­16V,S,A­6,S,E­H,G,\,\,10,"12,9",2015
ESPORTIVO,MINI,John Cooper Works,1.6­16V,Coupe,A­6,S,E­H,G,\,\,"9,3",12,2015
ESPORTIVO,MINI,John Cooper Works,1.6­16V,Roadster,A­6,S,E­H,G,\,\,"9,1","11,5",2015
ESPORTIVO,PORSCHE,911,3.8­24V,Carrera S,A­7,S,E,G,\,\,"6,5","10,4",2015
ESPORTIVO,PORSCHE,911,3.8­24V,"Carrera S
Cabriolet",A­7,S,E,G,\,\,"6,5","10,4",2015
ESPORTIVO,PORSCHE,911,3.8­24V,Carrera 4S,A­7,S,E,G,\,\,"6,5","10,2",2015
ESPORTIVO,PORSCHE,911,3.8­24V,"Carrera S
Cabriolet",A­7,S,E,G,\,\,"6,5","10,2",2015
ESPORTIVO,PORSCHE,911,3.8­24V,Turbo,A­7,S,E,G,\,\,"6,6","9,5",2015
ESPORTIVO,PORSCHE,911,3.8­24V,Turbo S,A­7,S,E,G,\,\,"6,6","9,5",2015
ESPORTIVO,PORSCHE,Boxster,3.4­24V,S,A­7,S,E,G,\,\,"7,6",11,2015
ESPORTIVO,PORSCHE,Boxster,3.4­24V,GTS,A­7,S,E,G,\,\,"7,4","10,9",2015
ESPORTIVO,PORSCHE,Cayman,3.4­24V,S,A­7,S,H,G,\,\,"7,6",11,2015
ESPORTIVO,PORSCHE,Cayman,3.4­24V,GTS,A­7,S,E,G,\,\,"7,4","10,9",2015
ESPORTIVO,VOLKSWAGEN,Fusca,2.0­16V,TSI,M­6,S,E,G,\,\,"8,2","10,7",2015
ESPORTIVO,VOLKSWAGEN,Fusca,2.0­16V,TSI DSG,DCT­6,S,E,G,\,\,"8,8","10,1",2015
