categoria,marca,modelo,versao,motor,transmissao,ar_cond,direcao,combustivel,km_etanol_cidade,km_etanol_estrada,km_gasolina_cidade,km_gasolina_etanol,ano
Sub Compacto,BYD,DOLPHIN MINI,GS EV,Elétrico,N.A.,S,E,E,\,\,\,\,2024
Sub Compacto,CAOA CHERY,ICAR EQ1,TEC,Elétrico,A-,S,E,E,\,\,\,\,2024
Sub Compacto,FIAT,500E,ICON,Elétrico,A-1,S,E,E,\,\,\,\,2024
Sub Compacto,FIAT,MOBI,LIKE,1.0-8V,M-5,S,H,F,9.6,10.4,13.5,15.0,2024
Sub Compacto,FIAT,MOBI,TREKKING 1.0MT,1.0-8V,M-5,S,H,F,9.6,10.4,13.5,15.0,2024
Sub Compacto,JAC,e-JS1,e-JS1,Elétrico,A-1,S,E,E,\,\,,,2024
Sub Compacto,JAC,e-JS1,e-JS1 EXT,Elétrico,A-1,S,E,E,\,\,,,2024
Sub Compacto,Renault,E-KWID,INTENS,Elétrico,A,S,E,E,\,\,\,\,2024
Compacto,FIAT,ARGO,1.0,1.0-6V,M-5,S,E,F,9.4,10.2,13.3,14.7,2024
Compacto,FIAT,ARGO,DRIVE 1.0,1.0-6V,M-5,S,E,F,9.4,10.2,13.3,14.7,2024
Compacto,FIAT,ARGO,DRIVE 1.0 / 1.0,1.0-6V,M-5,S,E,F,9.4,10.6,13.6,15.1,2024
Compacto,FIAT,ARGO,DRIVE 1.3 AT,1.3-8V,CVT-7,S,E,F,9.1,10.1,12.6,13.9,2024
Compacto,FIAT,ARGO,DRIVE 1.3 AT (MY 25),1.3-8V,CVT-7,S,E,F,8.8,10.4,12.6,14.4,2024
Compacto,Hyundai,HB20,Sense,1.0-12V,M-5,S,E,F,9.6,10.4,13.5,14.6,2024
Compacto,Hyundai,HB20,Comfort,1.0-12V,M-5,S,E,F,9.6,10.4,13.5,14.6,2024
Compacto,Hyundai,HB20,Limited,1.0-12V,M-5,S,E,F,9.6,10.4,13.5,14.6,2024
Compacto,Hyundai,HB20,Platinum,1.0-12V,M-5,S,E,F,9.6,10.4,13.5,14.6,2024
Compacto,Hyundai,HB20,Comfort,1.0-12V T,M-6,S,E,F,9.4,10.6,13.4,14.5,2024
Compacto,Hyundai,HB20,Comfort,1.0-12V T,A-6,S,E,F,8.3,9.9,11.8,14.0,2024
Compacto,Hyundai,HB20,Platinum,1.0-12V T,A-6,S,E,F,8.3,9.9,11.8,14.0,2024
Compacto,Hyundai,HB20,Sense,1.0-12V T,A-6,S,E,F,8.3,9.9,11.8,14.0,2024
Compacto,Hyundai,HB20,Platinum Smart Sense,1.0-12V T,A-6,S,E,F,8.3,9.9,11.8,14.0,2024
Compacto,Hyundai,HB20,Platinum Plus,1.0-12V T,A-6,S,E,F,9.0,10.2,12.6,14.1,2024
Compacto,Hyundai,HB20,Platinum Safety,1.0-12V T,A-6,S,E,F,8.3,9.9,11.8,14.0,2024
Compacto,Hyundai,HB20,Platinum Safety,1.0-12V T,A-6,S,E,F,9.0,10.2,12.6,14.1,2024
Compacto,Hyundai,HB20,Comfort (25MY),1.0-12V T,A-6,S,E,F,8.5,10.4,12.3,14.8,2024
Compacto,Hyundai,HB20,Sense (25MY),1.0-12V,M-5,S,E,F,10.0,10.4,13.6,14.8,2024
Compacto,Hyundai,HB20,Comfort (25MY),1.0-12V,M-5,S,E,F,10.0,10.4,13.6,14.8,2024
Compacto,Hyundai,HB20,Limited (25MY),1.0-12V,M-5,S,E,F,10.0,10.4,13.6,14.8,2024
Compacto,Hyundai,HB20,Comfort (25MY),1.0-12V T,A-6,S,E,F,9.1,10.5,13.1,14.8,2024
Compacto,Hyundai,HB20,Comfort / Platinum Safety (25MY),1.0-12V T,A-6,S,E,F,9.1,10.5,13.1,14.8,2024
Compacto,MINI,Cooper,S Electric,Elétrico,A,S,E,E,\,\,\,\,2024
Compacto,MINI,Cooper,S 3P,2.0 - 16V,DCT-7,S,E,G,\,\,10.2,13.0,2024
Compacto,MINI,JCW,Hatch 3P,2.0 - 16V,A-8,S,E,G,\,\,9.9,12.8,2024
Compacto,MINI,JCW,3P,2.0 - 16V,DCT-7,S,E,G,\,\,10.8,13.9,2024
Compacto,MINI,Cooper,S 3P EXCLUSIVE,2.0 - 16V,DCT-7,S,E,G,\,\,11.5,14.0,2024
Compacto,MINI,Cooper,S 3P SPORT,2.0 - 16V,DCT-7,S,E,G,\,\,11.5,14.0,2024
Compacto,MINI,Cooper,S 3P TOP,2.0 - 16V,DCT-7,S,E,G,\,\,11.5,14.0,2024
Compacto,MINI,Cooper,E,Elétrico,A,S,E,E,\,\,\,\,2024
Compacto,MINI,Cooper,SE,Elétrico,A,S,E,E,\,\,\,\,2024
Compacto,MINI,Cooper,S 5P,2.0 - 16V,DCT-7,S,E,G,\,\,10.3,13.2,2024
Compacto,NETA,AYA,COMFORT 4S,ELÉTRICO,A,S,E,E,\,\,\,\,2024
Compacto,NETA,AYA,LUXURY 4S,ELÉTRICO,A,S,E,E,\,\,\,\,2024
Compacto,PEUGEOT,E-208,GT,Elétrico,A-1,S,E,E,\,\,\,\,2024
Compacto,PEUGEOT,208,STYLE MT,1.0-6V,M-5,S,E,F,9.6,11.1,13.3,15.8,2024
Compacto,PEUGEOT,208,LIKE MT,1.0-6V,M-5,S,E,F,9.6,11.1,13.3,15.8,2024
Compacto,PEUGEOT,208,ROADTRIP A,1.6-16V,A-6,S,E,F,7.7,9.1,11.1,12.9,2024
Compacto,PEUGEOT,208,GRIFF T200,1.0-12V T,CVT-7,S,E,F,8.8,10.0,12.5,14.1,2024
Compacto,PEUGEOT,208,ALLUR T200,1.0-12V T,CVT-7,S,E,F,8.8,10.0,12.5,14.1,2024
Compacto,PEUGEOT,208,STYLE T200,1.0-12V T,CVT-7,S,E,F,8.3,9.8,12.0,13.6,2024
Compacto,Renault,Sandero,SEDTION BS,1.0-12V,M-5,S,E-H,F,10.0,10.2,13.9,14.7,2024
Compacto,Renault,Sandero,SEDITION,1.0-12V,M-5,S,E-H,F,10.0,10.2,13.9,14.7,2024
Compacto,Renault,Sandero,SZE10MT,1.0-12V,M-5,S,E-H,F,9.3,9.3,13.0,13.7,2024
,,,,,"Manual (M)
Automática (A)
Automática Dupla
Embreagem (DCT)
Automatizada
(MTA)
Contínua (CVT)","Sim
(S)
Não
(N)","Hidráulica
(H)
Mecânica
(M)
Elétrica
(E)
Eletro-hidráulica
(E-H)","Elétrico
(E)
Gasolina
(G)
Flex
(F)
Diesel
(D)",,,,,2024
,,,,,,,,,Etanol,,"Gasolina
ou
Diesel",,2024
,,,,,,,,,"Cidade
(km/l)","Estrada
(km/l)","Cidade
(km/l)","Estrada
(km/l)",2024
Médio,AUDI,A3 Sportback,S line (ed. 0),2.0 - 16V,DCT-7,S,E,G,\,\,10.5,12.5,2024
Médio,AUDI,A3 Sportback,Performance Black (ed. 0),2.0 - 16V,DCT-7,S,E,G,\,\,10.5,12.5,2024
Médio,AUDI,A3 Sportback,S line,2.0 - 16V,DCT-7,S,E,G,\,\,10.6,12.8,2024
Médio,AUDI,A3 Sportback,Performance Black,2.0 - 16V,DCT-7,S,E,G,\,\,10.6,12.8,2024
Médio,BMW,118i,-,1.5 - 12V,DCT-7,S,E,G,\,\,11.5,13.0,2024
Médio,BYD,DOLPHIN,GS 180EV,Elétrico,N.A.,S,E,E,\,\,\,\,2024
Médio,BYD,DOLPHIN,PLUS 310EV,Elétrico,N.A.,S,E,E,\,\,\,\,2024
Médio,BYD,YUAN PRO,GS 290EV,Elétrico,N.A.,S,E,E,\,\,\,\,2024
Médio,CHEVROLET,BOLT,LT,Elétrico,Automática (A),S,E,E,\,\,\,\,2024
Médio,CHEVROLET,BOLT,PREMIER,Elétrico,Automática (A),S,E,E,\,\,\,\,2024
Médio,CHEVROLET,BOLT EUV,PREMIER,Elétrico,Automática (A),S,E,E,\,\,\,\,2024
Médio,CHEVROLET,ONIX,10MT HB,1.0 - 12 V,M-6,S,E,F,9.3,11.4,13.3,16.5,2024
Médio,CHEVROLET,ONIX,10MT LT1,1.0 - 12 V,M-6,S,E,F,9.3,11.4,13.3,16.5,2024
Médio,CHEVROLET,ONIX,10MT LT2,1.0 - 12 V,M-6,S,E,F,9.3,11.4,13.3,16.5,2024
Médio,CHEVROLET,ONIX,10TAT RS,1.0T - 12 V,A-6,S,E,F,8.2,9.9,11.7,13.7,2024
Médio,CHEVROLET,ONIX,10TAT HB,1.0T - 12 V,A-6,S,E,F,8.3,10.4,11.6,14.9,2024
Médio,CHEVROLET,ONIX,10TAT LT1,1.0T - 12 V,A-6,S,E,F,8.3,10.4,11.6,14.9,2024
Médio,CHEVROLET,ONIX,10TAT LTZ,1.0T - 12 V,A-6,S,E,F,8.3,10.4,11.6,14.9,2024
Médio,CHEVROLET,ONIX,10TAT PR2,1.0T - 12 V,A-6,S,E,F,8.3,10.4,11.6,14.9,2024
Médio,CHEVROLET,ONIX,10TMT LT1,1.0T - 12 V,M-6,S,E,F,9.1,11.1,13.1,16.1,2024
Médio,CHEVROLET,ONIX,10TMT LTZ,1.0T - 12 V,M-6,S,E,F,9.1,11.1,13.1,16.1,2024
Médio,CHEVROLET,ONIX,10MT HB (MY25.5),1.0 - 12 V,M-6,S,E,F,9.6,11.9,13.8,16.9,2024
Médio,CHEVROLET,ONIX,10MT LT2 (MY25.5),1.0 - 12 V,M-6,S,E,F,9.6,11.9,13.8,16.9,2024
Médio,CHEVROLET,ONIX,10TMT LT1 (MY25.5),1.0T - 12V,M-6,S,E,F,9.3,11.7,13.5,16.7,2024
Médio,CHEVROLET,ONIX,10TAT HB (MY25.5),1.0T - 12V,A-6,S,E,F,8.2,10.5,12.0,14.8,2024
Médio,CHEVROLET,ONIX,10TAT LT1 (MY25.5),1.0T - 12V,A-6,S,E,F,8.2,10.5,12.0,14.8,2024
Médio,CHEVROLET,ONIX,10TAT LTZ (MY25.5),1.0T - 12V,A-6,S,E,F,8.2,10.5,12.0,14.8,2024
Médio,CHEVROLET,ONIX,10TAT PR2 (MY25.5),1.0T - 12V,A-6,S,E,F,8.2,10.5,12.0,14.8,2024
Médio,CHEVROLET,ONIX,10TAT RS (MY25.5),1.0T - 12V,A-6,S,E,F,8.2,9.8,11.8,13.5,2024
Médio,CHEVROLET,ONIX PLUS,10MT LT1,1.0 - 12 V,M-6,S,E,F,9.3,12.0,13.5,17.4,2024
Médio,CHEVROLET,ONIX PLUS,10MT LT2,1.0 - 12 V,M-6,S,E,F,9.3,12.0,13.5,17.4,2024
Médio,CHEVROLET,ONIX PLUS,10TAT NB,1.0T - 12 V,A-6,S,E,F,8.6,11.1,12.1,15.8,2024
Médio,CHEVROLET,ONIX PLUS,10TAT LT1,1.0T - 12 V,A-6,S,E,F,8.6,11.1,12.1,15.8,2024
Médio,CHEVROLET,ONIX PLUS,10TAT LTZ,1.0T - 12 V,A-6,S,E,F,8.6,11.1,12.1,15.8,2024
Médio,CHEVROLET,ONIX PLUS,10TAT PR2,1.0T - 12 V,A-6,S,E,F,8.6,11.1,12.1,15.8,2024
Médio,CHEVROLET,ONIX PLUS,10TMT LT1,1.0T - 12 V,M-6,S,E,F,9.3,11.8,13.4,16.9,2024
Médio,CHEVROLET,ONIX PLUS,10TMT LTZ,1.0T - 12 V,M-6,S,E,F,9.3,11.8,13.4,16.9,2024
Médio,CHEVROLET,ONIX PLUS,10TMT LT1 (MY25.5),1.0T - 12V,M-6,S,E,F,9.2,12.4,13.5,17.4,2024
Médio,CHEVROLET,ONIX PLUS,10MT LT2 (MY25.5),1.0 - 12 V,M-6,S,E,F,9.7,12.2,13.9,17.4,2024
Médio,CHEVROLET,ONIX PLUS,10TAT PR2 (MY25.5),1.0T - 12V,A-6,S,E,F,8.5,11.0,12.0,15.6,2024
Médio,CHEVROLET,ONIX PLUS,10TAT LT1 (MY25.5),1.0T - 12V,A-6,S,E,F,8.5,11.0,12.0,15.6,2024
Médio,CHEVROLET,ONIX PLUS,10TAT LTZ (MY25.5),1.0T - 12V,A-6,S,E,F,8.5,11.0,12.0,15.6,2024
Médio,CHEVROLET,ONIX PLUS,10TAT NB (MY25.5),1.0T - 12V,A-6,S,E,F,8.5,11.0,12.0,15.6,2024
Médio,CHEVROLET,SPIN,1.8L AT LS,1.8L -8V,A-6,S,E,F,7.2,8.8,10.2,12.6,2024
Médio,CHEVROLET,SPIN,1.8L AT LT,1.8L -8V,A-6,S,E,F,7.2,8.8,10.2,12.6,2024
Médio,CHEVROLET,SPIN,1.8L AT ACT,1.8L -8V,A-6,S,E,F,6.9,8.6,9.8,12.3,2024
Médio,CHEVROLET,SPIN,1.8L AT LTZ5,1.8L -8V,A-6,S,E,F,6.9,8.6,9.8,12.3,2024
Médio,CHEVROLET,SPIN,1.8L MT LS E,1.8L-8V,M-6,S,E,F,7.5,8.9,10.8,12.8,2024
Médio,CHEVROLET,SPIN,1.8L MT LT,1.8L-8V,M-6,S,E,F,7.5,8.9,10.8,12.8,2024
Médio,CHEVROLET,SPIN,1.8L MT LT (MY25),1.8L-8V,M-6,S,E,F,7.7,8.6,11.0,12.5,2024
Médio,CHEVROLET,SPIN,1.8L AT LT (MY25),1.8L-8V,A-6,S,E,F,7.4,9.3,10.5,13.4,2024
Médio,CHEVROLET,SPIN,1.8L AT,1.8L-8V,A-6,S,E,F,7.4,9.3,10.5,13.4,2024
Médio,FIAT,CRONOS,1.0,1.0-6V,M-5,S,E,F,9.8,11.0,13.4,15.6,2024
Médio,FIAT,CRONOS,DRIVE 1.0,1.0-6V,M-5,S,E,F,9.8,11.0,13.4,15.6,2024
Médio,FIAT,CRONOS,DRIVE 1.3,1.3-8V,M-5,S,E,F,9.0,10.9,12.8,15.5,2024
Médio,FIAT,CRONOS,PREC 1.3AT,1.3-8V,CVT-7,S,E,F,9.3,11.0,13.3,15.0,2024
Médio,FIAT,CRONOS,DRIVE1.3AT,1.3-8V,CVT-7,S,E,F,9.3,11.0,13.3,15.0,2024
Médio,FIAT,CRONOS,DRIVE 1.0 / 1.0 (MY 25),1.0-6V,M-5,S,E,F,9.6,11.4,13.5,16.6,2024
Médio,FIAT,CRONOS,DRIVE1.3AT (MY 25),1.3-8V,CVT-7,S,E,F,8.8,11.0,12.5,14.8,2024
Médio,FIAT,CRONOS,PREC 1.3AT (MY 25),1.3-8V,CVT-7,S,E,F,8.8,11.0,12.5,14.8,2024
Médio,GWM,ORA 03,GT BEV63,Elétrico,A-1,S,E,E,\,\,\,\,2024
Médio,GWM,ORA 03,SKIN BEV48,Elétrico,A-1,S,E,E,\,\,\,\,2024
Médio,GWM,ORA 03,GT BEV63 (MY 25),Elétrico,A-1,S,E,E,\,\,\,\,2024
Médio,HONDA,CITY,LX,1.5-16V,CVT,S,E,F,9.2,10.5,13.1,15.2,2024
Médio,HONDA,CITY,EX,1.5-16V,CVT,S,E,F,9.2,10.5,13.1,15.2,2024
Médio,HONDA,CITY,EXL,1.5-16V,CVT,S,E,F,9.2,10.5,13.1,15.2,2024
Médio,HONDA,CITY,TOURING,1.5-16V,CVT,S,E,F,9.2,10.5,13.1,15.2,2024
Médio,HONDA,CITY HATCH,LX,1.5-16V,CVT,S,E,F,9.1,10.5,13.3,14.8,2024
Médio,HONDA,CITY HATCH,EX,1.5-16V,CVT,S,E,F,9.1,10.5,13.3,14.8,2024
Médio,HONDA,CITY HATCH,EXL,1.5-16V,CVT,S,E,F,9.1,10.5,13.3,14.8,2024
Médio,HONDA,CITY HATCH,TOURING,1.5-16V,CVT,S,E,F,9.1,10.5,13.3,14.8,2024
Médio,HONDA,HR-V,EX HONDA SENSING,1.5-16V,CVT,S,E,F,8.8,9.8,12.7,13.9,2024
Médio,HONDA,HR-V,EXL HONDA SENSING,1.5-16V,CVT,S,E,F,8.8,9.8,12.7,13.9,2024
Médio,HONDA,HR-V,ADVANCE,1.5T-16V,CVT,S,E,F,7.9,8.8,11.3,12.6,2024
Médio,HONDA,HR-V,TOURING,1.5T-16V,CVT,S,E,F,7.9,8.8,11.3,12.6,2024
Médio,HONDA,HR-V (mod.25),ADVANCE,1.5T-16V,CVT,S,E,F,8.0,9.2,11.4,13.1,2024
Médio,HONDA,HR-V (mod.25),TOURING,1.5T-16V,CVT,S,E,F,8.0,9.2,11.4,13.1,2024
Médio,HYUNDAI,IONIQ,HEV,1.6 -16V,A,S,E,G,\,\,18.9,18.8,2024
Médio,HYUNDAI,TUCSON TURBO,GLS,1.6T -16V,DCT-7,S,E,G,\,\,10.6,12.2,2024
Médio,HYUNDAI,TUCSON TURBO,LTD,1.6T -16V,DCT-7,S,E,G,\,\,10.6,12.2,2024
,,,,,"Manual (M)
Automática (A)
Automática Dupla
Embreagem (DCT)
Automatizada
(MTA)
Contínua (CVT)","Sim
(S)
Não
(N)","Hidráulica
(H)
Mecânica
(M)
Elétrica
(E)
Eletro-hidráulica
(E-H)","Elétrico
(E)
Gasolina
(G)
Flex
(F)
Diesel
(D)",,,,,2024
,,,,,,,,,Etanol,,"Gasolina
ou
Diesel",,2024
,,,,,,,,,"Cidade
(km/l)","Estrada
(km/l)","Cidade
(km/l)","Estrada
(km/l)",2024
Médio,HYUNDAI,KONA HEV,HEV GLS,1.6 -16V,A,S,E,G,\,\,19.6,17.4,2024
Médio,HYUNDAI,KONA HEV,HEV LTD,1.6 -16V,A,S,E,G,\,\,19.6,17.4,2024
Médio,HYUNDAI,KONA EV,EV39,Elétrico,A,S,E,E,\,\,\,\,2024
Médio,Hyundai,HB20S,Comfort,1.0-12V,M-5,S,E,F,9.4,10.4,13.2,15.0,2024
Médio,Hyundai,HB20S,Limited,1.0-12V,M-5,S,E,F,9.4,10.4,13.2,15.0,2024
Médio,Hyundai,HB20S,Platinum,1.0-12V,M-5,S,E,F,9.4,10.4,13.2,15.0,2024
Médio,Hyundai,HB20S,Comfort,1.0-12V T,M-6,S,E,F,9.2,10.7,13.1,14.8,2024
Médio,Hyundai,HB20S,Comfort,1.0-12V T,A-6,S,E,F,8.3,9.9,11.7,13.9,2024
Médio,Hyundai,HB20S,Platinum,1.0-12V T,A-6,S,E,F,8.3,9.9,11.7,13.9,2024
Médio,Hyundai,HB20S,Sense,1.0-12V T,A-6,S,E,F,8.3,9.9,11.7,13.9,2024
Médio,Hyundai,HB20S,Platinum Smart Sense,1.0-12V T,A-6,S,E,F,8.3,9.9,11.7,13.9,2024
Médio,Hyundai,HB20S,Platinum Safety,1.0-12V T,A-6,S,E,F,8.3,9.9,11.7,13.9,2024
Médio,Hyundai,HB20S,Platinum Safety,1.0-12V T,A-6,S,E,F,8.8,10.3,12.5,14.2,2024
Médio,Hyundai,HB20S,Platinum Plus,1.0-12V T,A-6,S,E,F,8.8,10.3,12.5,14.2,2024
Médio,Hyundai,HB20S,Comfort (25MY),1.0-12V T,A-6,S,E,F,8.5,10.5,12.1,14.7,2024
Médio,Hyundai,HB20S,Platinum Plus,1.0-12V T,A-6,S,E,F,8.8,10.3,12.5,14.2,2024
Médio,Hyundai,HB20S,Platinum Safety,1.0-12V T,A-6,S,E,F,8.8,10.3,12.5,14.2,2024
Médio,Hyundai,HB20S,Comfort (25MY),1.0-12V,M-5,S,E,F,9.6,10.8,13.4,15.3,2024
Médio,Hyundai,HB20S,Limited (25MY),1.0-12V,M-5,S,E,F,9.6,10.8,13.4,15.3,2024
Médio,Hyundai,HB20S,Comfort (25MY),1.0-12V T,A-6,S,E,F,9.0,11.2,13.0,16.0,2024
Médio,Hyundai,HB20S,Platinum Safety (25MY),1.0-12V T,A-6,S,E,F,9.0,11.2,13.0,16.0,2024
Médio,JAC,e-JS4,e-JS4,Elétrico,A-1,S,E,E,\,\,\,\,2024
Médio,KIA,STONIC,MHEV EX,1.0 - 12V,DCT-7,S,E,G,\,\,13.7,13.8,2024
Médio,KIA,STONIC,MHEV LX,1.0 - 12V,DCT-7,S,E,G,\,\,13.7,13.8,2024
Médio,KIA,STONIC,MHEV SX,1.0 - 12V,DCT-7,S,E,G,\,\,13.7,13.8,2024
Médio,KIA,STONIC,MHEV GT,1.0 - 12V,DCT-7,S,E,G,\,\,13.7,13.8,2024
Médio,Mercedes-Benz,AMG A35 4MATIC,,2.0-16V,DCT-7,S,E,G,\,\,8.7,11.7,2024
Médio,Mercedes-Benz,A200 AMG LINE,,1.3-16V,A-7,S,E,G,\,\,12.3,14.4,2024
Médio,Mercedes-Benz,A200 AMG LINE,,1.3-16V,A-7,S,E,G,\,\,12.1,14.3,2024
Médio,MINI,Countryman,PHEV,1.5 - 12V,A-6,S,E,G,\,\,10.1,10.2,2024
Médio,MINI,Countryman,JCW,2.0 - 16V,A-8,S,E,G,\,\,8.8,10.8,2024
Médio,MINI,Cooper,S 5P EXCLUSIVE,2.0 - 16V,DCT-7,S,E,G,\,\,11.5,14.5,2024
Médio,MINI,Cooper,S 5P TOP,2.0 - 16V,DCT-7,S,E,G,\,\,11.5,14.5,2024
Médio,Nissan,Versa,SENSE,1.6-16V,CVT,S,E,F,8.1,10.5,11.8,15.0,2024
Médio,Nissan,Versa,EXCLUSIVE,1.6-16V,CVT,S,E,F,8.1,10.5,11.8,15.0,2024
Médio,Nissan,Versa,ADVANCE,1.6-16V,CVT,S,E,F,8.1,10.5,11.8,15.0,2024
Médio,PEUGEOT,E2008,GT,Elétrico,A-1,S,E,E,\,\,\,\,2024
Médio,Renault,Logan,ZEN16CVT,1.6 - 16V,CVT,S,E-H,F,7.4,8.5,10.7,12.2,2024
Médio,Renault,Logan,LIFE,1.0-12V,M-5,S,E-H,F,9.6,9.8,13.6,14.4,2024
Médio,Renault,Logan,ZEN,1.0-12V,M-5,S,E-H,F,9.6,9.8,13.6,14.4,2024
Médio,Renault,Zoe,NEO INT,Elétrico,A,S,E,E,\,\,\,\,2024
Médio,Renault,Mégane,E-Tech,Elétrico,A,S,E,E,\,\,\,\,2024
Médio,TOYOTA,YARIS HATCHBACK,XS,1.5 - 16V,CVT,S,E,F,8.9,10.0,12.2,13.8,2024
Médio,TOYOTA,YARIS HATCHBACK,XL,1.5 - 16V,CVT,S,E,F,8.9,10.0,12.2,13.8,2024
Médio,TOYOTA,YARIS HATCHBACK,XLS (MY 2024),1.5 - 16V,CVT,S,E,F,8.9,10.0,12.2,13.8,2024
Médio,TOYOTA,YARIS SEDÃ,XS,1.5 - 16V,CVT,S,E,F,9.2,10.6,12.7,14.9,2024
Médio,TOYOTA,YARIS SEDÃ,XL,1.5 - 16V,CVT,S,E,F,9.2,10.6,12.7,14.9,2024
Médio,TOYOTA,YARIS SEDÃ,XLS (MY 2024),1.5 - 16V,CVT,S,E,F,9.2,10.6,12.7,14.9,2024
Médio,VOLVO,EX30,E40 CORE,Elétrico,A,S,E,E,\,\,\,\,2024
Médio,VOLVO,EX30,E60 ULTRA,Elétrico,A,S,E,E,\,\,\,\,2024
Médio,VOLVO,EX30,E60 PLUS,Elétrico,A,S,E,E,\,\,\,\,2024
Médio,VOLVO,EX30,E60 CORE,Elétrico,A,S,E,E,\,\,\,\,2024
Médio,Volkswagen,POLO,TRACK MPI (MY23),1.0-12V,M - 5,S,E,F,9.3,10.5,13.5,15.0,2024
Médio,Volkswagen,POLO,MPI (MY23),1.0-12V,M - 5,S,E,F,9.2,10.7,13.4,15.1,2024
Médio,Volkswagen,POLO,TRACK MPI (MY24),1.0-12V,M - 5,S,E,F,9.4,10.8,13.7,15.2,2024
Médio,Volkswagen,POLO,MPI (MY24),1.0-12V,M - 5,S,E,F,9.4,10.8,13.7,15.2,2024
Médio,Volkswagen,POLO,TSI MANUAL,1.0-12V,M - 5,S,E,F,9.5,11.3,13.7,16.1,2024
Médio,Volkswagen,POLO,COMFORTLINE TSI AUTOMÁTICO,1.0-12V,A - 6,S,E,F,8.5,10.6,12.5,15.1,2024
Médio,Volkswagen,POLO,SENSE TSI AUTOMÁTICO,1.0-12V,A - 6,S,E,F,8.5,10.6,12.5,15.1,2024
Médio,Volkswagen,POLO,HIGHLINE TSI AUTOMÁTICO,1.0-12V,A - 6,S,E,F,8.5,10.4,12.3,14.6,2024
Médio,Volkswagen,POLO,GTS 250TSI AUTOMÁTICO,1.4-16V,A - 6,S,E,F,8.1,9.8,11.6,13.8,2024
Médio,Volkswagen,POLO,TRACK ROCK IN RIO 1.0 MPI,1.0-12V,M - 5,S,E,F,9.4,10.8,13.7,15.2,2024
Médio,Volkswagen,POLO,TRACK ROBUST 1.0 MPI,1.0-12V,M - 5,S,E,F,9.4,10.8,13.7,15.2,2024
Médio,Volkswagen,VIRTUS,TSI MANUAL (MY24),1.0-12V,M - 5,S,E,F,8.9,10.8,12.5,15.4,2024
Médio,Volkswagen,VIRTUS,TSI AUTOMÁTICO (MY24),1.0-12V,A - 6,S,E,F,8.4,10.5,12.1,14.8,2024
Médio,Volkswagen,VIRTUS,COMFORTLINE 200TSI AUTOMÁTICO,1.0-12V,A - 6,S,E,F,8.3,10.2,12.1,14.4,2024
Médio,Volkswagen,VIRTUS,HIGHLINE 200TSI AUTOMÁTICO,1.0-12V,A - 6,S,E,F,8.3,10.2,12.1,14.4,2024
Médio,Volkswagen,VIRTUS,EXCLUSIVE 250TSI AUTOMÁTICO,1.4-16V,A - 6,S,E,F,8.1,9.9,11.7,14.0,2024
,,,,,"Manual (M)
Automática (A)
Automática Dupla
Embreagem (DCT)
Automatizada
(MTA)
Contínua (CVT)","Sim
(S)
Não
(N)","Hidráulica
(H)
Mecânica
(M)
Elétrica
(E)
Eletro-hidráulica
(E-H)","Elétrico
(E)
Gasolina
(G)
Flex
(F)
Diesel
(D)",,,,,2024
,,,,,,,,,Etanol,,"Gasolina
ou
Diesel",,2024
,,,,,,,,,"Cidade
(km/l)","Estrada
(km/l)","Cidade
(km/l)","Estrada
(km/l)",2024
Grande,AUDI,A3 Sedan,S line (ed. 0),2.0 - 16V,DCT-7,S,E,G,\,\,10.6,13.1,2024
Grande,AUDI,A3 Sedan,Performance Black (ed. 0),2.0 - 16V,DCT-7,S,E,G,\,\,10.6,13.1,2024
Grande,AUDI,A3 Sedan,S line,2.0 - 16V,DCT-7,S,E,G,\,\,10.8,12.9,2024
Grande,AUDI,A3 Sedan,Performance Black,2.0 - 16V,DCT-7,S,E,G,\,\,10.8,12.9,2024
Grande,AUDI,A3 Sedan,Advanced (MY25 ed.0),2.0 - 16V,DCT-7,S,E,G,\,\,9.7,13.0,2024
Grande,AUDI,A3 Sedan,Performance (MY25 ed.0),2.0 - 16V,DCT-7,S,E,G,\,\,9.7,13.0,2024
Grande,AUDI,A3 Sedan,Advanced (MY25),2.0 - 16V,DCT-7,S,E,G,\,\,9.7,13.0,2024
Grande,AUDI,A3 Sedan,Performance (MY25),2.0 - 16V,DCT-7,S,E,G,\,\,10.1,12.9,2024
Grande,BMW,218i,-,1.5 - 12V,DCT-7,S,E,G,\,\,11.2,13.6,2024
Grande,BMW,iX1,xDrive30,Elétrico,A,S,E,E,\,\,\,\,2024
Grande,BMW,iX1,eDrive20,Elétrico,A,S,E,E,\,\,\,\,2024
Grande,BMW,iX2,xDrive30,Elétrico,A,S,E,E,\,\,\,\,2024
Grande,BMW,X2,M35i,2.0 - 16V,A-7,S,E,G,\,\,9.1,11.8,2024
Grande,BYD,D1,GL 180EV,Elétrico,N.A.,S,E,E,\,\,\,\,2024
Grande,BYD,D1,GS 180EV,Elétrico,N.A.,S,E,E,\,\,\,\,2024
Grande,CAOA CHERY,ARRIZO 6,PRO,1.5T -16V,CVT,S,E,F,7.4,9.2,10.6,13.4,2024
Grande,CAOA CHERY,ARRIZO 6,PRO H,1.5T -16V,CVT,S,E,F,8.9,9.9,12.5,13.5,2024
Grande,CHEVROLET,CRUZE,LT NB AT,1.4T-16V,A-6,S,E,F,7.1,9.7,10.5,13.9,2024
Grande,CHEVROLET,CRUZE,LTZ NB AT,1.4T-16V,A-6,S,E,F,7.1,9.7,10.5,13.9,2024
Grande,CHEVROLET,CRUZE,MID NB AT,1.4T-16V,A-6,S,E,F,7.1,9.7,10.5,13.9,2024
Grande,CHEVROLET,CRUZE,PRE NB AT,1.4T-16V,A-6,S,E,F,7.1,9.7,10.5,13.9,2024
Grande,CHEVROLET,CRUZE,PRE2 NB AT,1.4T-16V,A-6,S,E,F,7.1,9.7,10.5,13.9,2024
Grande,CHEVROLET,CRUZE,LT HB AT,1.4T-16V,A-6,S,E,F,6.8,9.2,10.1,13.1,2024
Grande,CHEVROLET,CRUZE,LTZ HB AT,1.4T-16V,A-6,S,E,F,6.8,9.2,10.1,13.1,2024
Grande,CHEVROLET,CRUZE,PRE HB AT,1.4T-16V,A-6,S,E,F,6.8,9.2,10.1,13.1,2024
Grande,CHEVROLET,CRUZE,PRE2 HB AT,1.4T-16V,A-6,S,E,F,6.8,9.2,10.1,13.1,2024
Grande,CHEVROLET,CRUZE,RS HB AT,1.4T-16V,A-6,S,E,F,6.8,9.2,10.1,13.1,2024
Grande,HONDA,CIVIC HYBRID,TOURING,2.0 - 16V,CVT,S,E,G,\,\,18.3,15.9,2024
Grande,HONDA,ZR-V,TOURING,2.0 - 16V,CVT,S,E,G,\,\,10.2,12.1,2024
Grande,JEEP,COMPASS,S 4XE,1.3-16V T,A-6,S,E,G,\,\,11.5,11.2,2024
Grande,KIA,NIRO,HEV 1.6 EX,1.6 - 16V,DCT-6,S,E,G,\,\,19.8,17.7,2024
Grande,KIA,NIRO,HEV 1.6 LX,1.6 - 16V,DCT-6,S,E,G,\,\,19.8,17.7,2024
Grande,KIA,NIRO,HEV 1.6 SX,1.6 - 16V,DCT-6,S,E,G,\,\,19.8,17.7,2024
Grande,LEXUS,UX250H,LUXURY,2.0 - 16V,CVT,S,E,G,\,\,16.6,14.7,2024
Grande,LEXUS,UX250H,DYNAMIC,2.0 - 16V,CVT,S,E,G,\,\,16.6,14.7,2024
Grande,MASERATI,GHIBLI,GT HYB,"2,0L-16V",A-8,S,E,G,\,\,8.0,10.4,2024
Grande,Mercedes-Benz,AMG A35SD 4MATIC,,2.0-16V,DCT-7,S,E,G,\,\,9.1,11.5,2024
Grande,Mercedes-Benz,AMG GLA35 4M,,2.0-16V,DCT-8,S,E,G,\,\,8.7,10.4,2024
Grande,Mercedes-Benz,AMG GLA35 4M,,2.0-16V,DCT-8,S,E,G,\,\,8.2,9.7,2024
Grande,Mercedes-Benz,GLA200,AMG LINE (L7),1.3-16V,DCT-7,S,E,G,\,\,11.1,13.6,2024
Grande,Mercedes-Benz,GLA200,AMG LINE,1.3-16V,A-7,S,E,G,\,\,11.4,12.4,2024
Grande,Mercedes-Benz,GLA200,PROGRESSIVE,1.3-16V,A-7,S,E,G,\,\,11.4,12.4,2024
Grande,Mercedes-Benz,AMG A45S 4MATIC,,2.0-16V,DCT-8,S,E,G,\,\,7.9,10.5,2024
Grande,MINI,Countryman,SE EXCLUSIVE,Elétrico,A,S,E,E,\,\,\,\,2024
Grande,MINI,Countryman,SE TOP,Elétrico,A,S,E,E,\,\,\,\,2024
Grande,MINI,JCW,COUNTRYMAN,2.0 - 16V,DCT-7,S,E,G,\,\,9.6,11.7,2024
Grande,NETA,X,400 COMFORT,ELÉTRICO,A,S,E,E,\,\,\,\,2024
Grande,NETA,X,500 COMFORT,ELÉTRICO,A,S,E,E,\,\,\,\,2024
Grande,NETA,X,500 LUXURY,ELÉTRICO,A,S,E,E,\,\,\,\,2024
Grande,Nissan,LEAF,TEKNA,Elétrico,A,S,E,E,\,\,\,\,2024
Grande,Nissan,Sentra,SENSE,2.0-16V,CVT,S,E,G,\,\,11.0,13.9,2024
Grande,Nissan,Sentra,EXCLUSIVE,2.0-16V,CVT,S,E,G,\,\,11.0,13.9,2024
Grande,Nissan,Sentra,ADVANCE,2.0-16V,CVT,S,E,G,\,\,11.0,13.9,2024
Grande,TOYOTA,Corolla Cross,XRE 20,2.0 - 16V,CVT,S,E,F,8.2,9.0,11.7,13.0,2024
Grande,TOYOTA,Corolla Cross,XRX 20,2.0 - 16V,CVT,S,E,F,8.2,9.0,11.7,13.0,2024
Grande,TOYOTA,Corolla Cross,GRS,2.0 - 16V,CVT,S,E,F,8.2,9.0,11.7,13.0,2024
Grande,TOYOTA,Corolla Cross,XRV HYBRID,1.8 - 16V,CVT,S,E,F,11.8,9.7,17.8,14.7,2024
Grande,TOYOTA,Corolla Cross,XRX HYBRID,1.8 - 16V,CVT,S,E,F,11.8,9.7,17.8,14.7,2024
Grande,TOYOTA,Corolla Cross,XR 20,2.0 - 16V,CVT,S,E,F,8.2,9.0,11.7,13.0,2024
Grande,TOYOTA,Corolla Cross,XRV HYBRID,1.8 - 16V,CVT,S,E,F,12.5,10.1,17.7,14.6,2024
Grande,TOYOTA,Corolla Cross,XRX HYBRID,1.8 - 16V,CVT,S,E,F,12.5,10.1,17.7,14.6,2024
Grande,TOYOTA,Corolla Cross,XR 20,2.0 - 16V,CVT,S,E,F,8.2,9.3,11.6,13.3,2024
Grande,TOYOTA,Corolla Cross,XRE 20,2.0 - 16V,CVT,S,E,F,8.2,9.3,11.6,13.3,2024
Grande,TOYOTA,Corolla Cross,XRX 20,2.0 - 16V,CVT,S,E,F,8.2,9.3,11.6,13.3,2024
Grande,TOYOTA,Corolla Cross,GRS,2.0 - 16V,CVT,S,E,F,8.2,9.3,11.6,13.3,2024
Grande,TOYOTA,Corolla HB,GR,1.6 - 12V,M-6,S,E,G,\,\,8.7,11.1,2024
Grande,TOYOTA,Corolla HB,GR R,1.6 - 12V,M-6,S,E,G,\,\,8.7,11.1,2024
Grande,TOYOTA,Corolla,APREMIUMH,1.8 - 16V,CVT,S,E,F,12.8,11.1,18.5,15.7,2024
Grande,TOYOTA,Corolla,ALTIS HV (MY 2024),1.8 - 16V,CVT,S,E,F,12.8,11.1,18.5,15.7,2024
Grande,TOYOTA,Corolla,XEI 20,2.0 - 16V,CVT,S,E,F,8.6,10.7,12.3,14.9,2024
Grande,TOYOTA,Corolla,GLI 20,2.0 - 16V,CVT,S,E,F,8.6,10.7,12.3,14.9,2024
Grande,TOYOTA,Corolla,ALTIS 20,2.0 - 16V,CVT,S,E,F,8.6,10.7,12.3,14.9,2024
Grande,TOYOTA,Corolla,GRS (MY 2024),2.0 - 16V,CVT,S,E,F,8.6,10.7,12.3,14.9,2024
,,,,,"Manual (M)
Automática (A)
Automática Dupla
Embreagem (DCT)
Automatizada
(MTA)
Contínua (CVT)","Sim
(S)
Não
(N)","Hidráulica
(H)
Mecânica
(M)
Elétrica
(E)
Eletro-hidráulica
(E-H)","Elétrico
(E)
Gasolina
(G)
Flex
(F)
Diesel
(D)",,,,,2024
,,,,,,,,,Etanol,,"Gasolina
ou
Diesel",,2024
,,,,,,,,,"Cidade
(km/l)","Estrada
(km/l)","Cidade
(km/l)","Estrada
(km/l)",2024
Grande,VOLVO,C40,8 PLUS,Elétrico,A,S,E,E,\,\,\,\,2024
Grande,VOLVO,C40,8 CORE,Elétrico,A,S,E,E,\,\,\,\,2024
Grande,VOLVO,C40,P8 RECHARGE,Elétrico,A,S,E,E,\,\,\,\,2024
Grande,VOLVO,C40,6 ULTIMATE,Elétrico,A,S,E,E,\,\,\,\,2024
Grande,VOLVO,C40,6 PLUS,Elétrico,A,S,E,E,\,\,\,\,2024
Grande,VOLVO,C40,6 CORE,Elétrico,A,S,E,E,\,\,\,\,2024
Grande,VOLVO,EC40,6 CORE,Elétrico,A,S,E,E,\,\,\,\,2024
Grande,VOLVO,EC40,6 PLUS,Elétrico,A,S,E,E,\,\,\,\,2024
Grande,VOLVO,EC40,6 ULTRA,Elétrico,A,S,E,E,\,\,\,\,2024
Grande,VOLVO,EC40,8 CORE,Elétrico,A,S,E,E,\,\,\,\,2024
Grande,VOLVO,EC40,8 PLUS,Elétrico,A,S,E,E,\,\,\,\,2024
Grande,VOLVO,EC40,8 ULTRA,Elétrico,A,S,E,E,\,\,\,\,2024
Grande,VOLVO,EC40,PERF BLACK,Elétrico,A,S,E,E,\,\,\,\,2024
Grande,Volkswagen,ID.4,PRO PERFORMANCE,Elétrico,A,S,E,E,\,\,\,\,2024
,,,,,,,,,,,,,2024
Extra Grande,AUDI,A4 Sedan,Prestige,2.0 - 16V,DCT-7,S,E,G,\,\,10.5,12.5,2024
Extra Grande,AUDI,A4 Sedan,S line,2.0 - 16V,DCT-7,S,E,G,\,\,10.5,12.5,2024
Extra Grande,AUDI,A4 Sedan Quattro,Prestige,2.0 - 16V,DCT-7,S,E,G,\,\,9.7,12.2,2024
Extra Grande,AUDI,A4 Sedan Quattro,S line,2.0 - 16V,DCT-7,S,E,G,\,\,9.7,12.2,2024
Extra Grande,AUDI,A5 Sportback,S line,2.0 - 16V,DCT-7,S,E,G,\,\,10.3,12.4,2024
Extra Grande,AUDI,A5 Sportback Quattro,S line,2.0 - 16V,DCT-7,S,E,G,\,\,9.9,12.4,2024
Extra Grande,AUDI,A5 Sportback Quattro,Advanced,2.0 - 16V,DCT-7,S,E,G,\,\,9.9,12.4,2024
Extra Grande,AUDI,RS 5 Sportback,Competition Plus,2.9 - 24 V,A-8,S,E,G,\,\,7.3,10.2,2024
Extra Grande,AUDI,RS 5 Sportback,-,2.9 - 24 V,A-8,S,E,G,\,\,7.1,9.9,2024
Extra Grande,AUDI,RS 6 Avant,Performance,4.0 - 32V,A-8,S,E,G,\,\,5.9,7.8,2024
Extra Grande,AUDI,RS 6 Avant,Legacy 30 Years,4.0 - 32V,A-8,S,E,G,\,\,5.9,7.8,2024
Extra Grande,AUDI,Q5,Prestige (ed. 0),2.0 - 16V,DCT-7,S,E,G,\,\,7.6,9.2,2024
Extra Grande,AUDI,Q5,PS line (ed. 0),2.0 - 16V,DCT-7,S,E,G,\,\,7.6,9.2,2024
Extra Grande,AUDI,Q5,S line Black (ed.0),2.0 - 16V,DCT-7,S,E,G,\,\,7.6,9.2,2024
Extra Grande,AUDI,Q5,Prestige,2.0 - 16V,DCT-7,S,E,G,\,\,7.8,9.3,2024
Extra Grande,AUDI,Q5,S line,2.0 - 16V,DCT-7,S,E,G,\,\,7.8,9.3,2024
Extra Grande,AUDI,Q5,S line Black,2.0 - 16V,DCT-7,S,E,G,\,\,7.8,9.3,2024
Extra Grande,AUDI,Q5 TFSIe,Performance,2.0 - 16V,A-7,S,E,G,\,\,9.4,9.9,2024
Extra Grande,AUDI,Q5 TFSIe,Performance Black,2.0 - 16V,A-7,S,E,G,\,\,9.4,9.9,2024
Extra Grande,AUDI,Q5 Sportback TFSIe,Performance,2.0 - 16V,A-7,S,E,G,\,\,9.3,9.9,2024
Extra Grande,AUDI,Q5 Sportback TFSIe,Performance Black,2.0 - 16V,A-7,S,E,G,\,\,9.3,9.9,2024
Extra Grande,AUDI,Q7,Performance,3.0 - 24V,A-8,S,E,G,\,\,7.1,8.1,2024
Extra Grande,AUDI,Q7,Performance Black,3.0 - 24V,A-8,S,E,G,\,\,7.1,8.1,2024
Extra Grande,AUDI,Q8 Sportback,Performance,3.0 - 24V,A-8,S,E,G,\,\,7.0,7.6,2024
Extra Grande,AUDI,Q8 Sportback,Performance Black,3.0 - 24V,A-8,S,E,G,\,\,7.0,7.6,2024
Extra Grande,AUDI,RS Q8,-,4.0 - 32V,A-8,S,E,G,\,\,5.5,7.1,2024
Extra Grande,AUDI,Q8 e-tron Sportback 55,Performance Black,Elétrico,N.A.,S,E,E,\,\,\,\,2024
Extra Grande,AUDI,Q8 e-tron Sportback 55,Launch Edition,Elétrico,N.A.,S,E,E,\,\,\,\,2024
Extra Grande,AUDI,Q8 e-tron 55,Launch Edition,Elétrico,N.A.,S,E,E,\,\,\,\,2024
Extra Grande,AUDI,Q8 e-tron 55,Performance Black,Elétrico,N.A.,S,E,E,\,\,\,\,2024
Extra Grande,AUDI,Q6 e-tron Quattro,Performance/ Performance black,Elétrico,A-1,S,E,E,\,\,\,\,2024
Extra Grande,AUDI,Q6 e-tron RWD,Performance,Elétrico,A-1,S,E,E,\,\,\,\,2024
Extra Grande,AUDI,Q7,S Line (MY25 ed.0),3.0 - 24V,A-8,S,E,G,\,\,6.6,8.1,2024
Extra Grande,AUDI,Q7,S Line (MY25),3.0 - 24V,A-8,S,E,G,\,\,7.0,8.6,2024
Extra Grande,AUDI,Q8 Sportback,Performance Black (MY25 ed.0),3.0 - 24V,A-8,S,E,G,\,\,6.4,7.8,2024
Extra Grande,AUDI,Q8 Sportback,Performance Black (MY25),3.0 - 24V,A-8,S,E,G,\,\,6.8,7.7,2024
Extra Grande,AUDI,SQ8 e-tron Sportback,-,Elétrico,A,S,E,E,\,\,\,\,2024
Extra Grande,AUDI,e-tron GT,-,Elétrico,N.A.,S,E,E,\,\,\,\,2024
Extra Grande,AUDI,RS e-tron GT,-,Elétrico,N.A.,S,E,E,\,\,\,\,2024
Extra Grande,BMW,320i,Active Flex,2.0 - 16V,A-8,S,E,F,7.2,9.0,10.4,13.1,2024
Extra Grande,BMW,320i,GP Flex,2.0 - 16V,A-8,S,E,F,7.5,9.2,10.7,13.2,2024
Extra Grande,BMW,320i,Sport GP Flex,2.0 - 16V,A-8,S,E,F,7.5,9.2,10.7,13.2,2024
Extra Grande,BMW,320i,M Sport Flex,2.0 - 16V,A-8,S,E,F,7.5,9.1,10.6,13.2,2024
Extra Grande,BMW,320i,M Sport Flex (MY25),2.0 - 16V,A-8,S,E,F,7.4,9.0,10.5,13.1,2024
Extra Grande,BMW,320i,Sport GP Flex (MY25),2.0 - 16V,A-8,S,E,F,7.6,9.2,10.9,13.3,2024
Extra Grande,BMW,320i,GP Flex (MY25),2.0 - 16V,A-8,S,E,F,7.6,9.2,10.9,13.3,2024
Extra Grande,BMW,320i,Active Flex (MY25),2.0 - 16V,A-8,S,E,F,7.1,8.6,10.0,12.3,2024
Extra Grande,BMW,330e,-,2.0 - 16V,A-8,S,E,G,\,\,9.5,11.2,2024
Extra Grande,BMW,330e,(MY25),2.0 - 16V,A-8,S,E,G,\,\,9.2,10.8,2024
Extra Grande,BMW,420i,Cabrio,2.0 - 16V,A-8,S,E,G,\,\,9.9,13.3,2024
Extra Grande,BMW,420i,Cabrio,2.0 - 16V,A-8,S,E,G,\,\,9.8,12.5,2024
Extra Grande,BMW,530e,M SPORT,2.0 - 16V,A-8,S,E,G,\,\,11.1,12.2,2024
Extra Grande,BMW,530e,-,2.0 - 16V,A-8,S,E,G,\,\,10.1,11.4,2024
Extra Grande,BMW,530e,M SPORT (MY25),2.0 - 16V,A-8,S,E,G,\,\,10.9,12.3,2024
Extra Grande,BMW,iX3,-,Elétrico,A,S,E,E,\,\,\,\,2024
Extra Grande,BMW,IX xDrive 40,-,Elétrico,A,S,E,E,\,\,\,\,2024
Extra Grande,BMW,IX xDrive 50,-,Elétrico,A,S,E,E,\,\,\,\,2024
Extra Grande,BMW,i4,40,Elétrico,A,S,E,E,\,\,\,\,2024
Extra Grande,BMW,i4,M50,Elétrico,A,S,E,E,\,\,\,\,2024
,,,,,"Manual (M)
Automática (A)
Automática Dupla
Embreagem (DCT)
Automatizada
(MTA)
Contínua (CVT)","Sim
(S)
Não
(N)","Hidráulica
(H)
Mecânica
(M)
Elétrica
(E)
Eletro-hidráulica
(E-H)","Elétrico
(E)
Gasolina
(G)
Flex
(F)
Diesel
(D)",,,,,2024
,,,,,,,,,Etanol,,"Gasolina
ou
Diesel",,2024
,,,,,,,,,"Cidade
(km/l)","Estrada
(km/l)","Cidade
(km/l)","Estrada
(km/l)",2024
Extra Grande,BMW,i4,eDrive35 (MY25),Elétrico,A,S,E,E,\,\,\,\,2024
Extra Grande,BMW,i4,40 (MY25),Elétrico,A,S,E,E,\,\,\,\,2024
Extra Grande,BMW,i4,M50 (MY25),Elétrico,A,S,E,E,\,\,\,\,2024
Extra Grande,BMW,i7,xDrive60,Elétrico,A,S,E,E,\,\,\,\,2024
Extra Grande,BMW,i4,eDrive35,Elétrico,A,S,E,E,\,\,\,\,2024
Extra Grande,BMW,iX,M60,Elétrico,A,S,E,E,\,\,\,\,2024
Extra Grande,BMW,i5,M60 xDrive,Elétrico,A,S,E,E,\,\,\,\,2024
Extra Grande,BYD,HAN,AWD GS 680EV,Elétrico,N.A.,S,E,E,\,\,\,\,2024
Extra Grande,BYD,TAN,AWD GS 700EV,Elétrico,N.A.,S,E,E,\,\,\,\,2024
Extra Grande,BYD,SEAL,AWD GS 590EV,Elétrico,N.A.,S,E,E,\,\,\,\,2024
Extra Grande,BYD,KING,GS DM,1.5-16V,CVT,S,E,G,\,\,16.8,14.7,2024
Extra Grande,BYD,KING,GL DM,1.5-16V,CVT,S,E,G,\,\,16.3,14.3,2024
Extra Grande,BYD,SONG PRO,GS DM,1.5-16V,CVT,S,E,G,\,\,15.2,12.2,2024
Extra Grande,BYD,SONG PRO,GL DM,1.5-16V,CVT,S,E,G,\,\,14.8,12.6,2024
Extra Grande,CHEVROLET,EQUINOX,15T PRE,1.5T -16V,A-6,S,E,G,\,\,9.0,10.8,2024
Extra Grande,CHEVROLET,EQUINOX,15T LT,1.5T -16V,A-6,S,E,G,\,\,9.3,11.5,2024
Extra Grande,CHEVROLET,EQUINOX,15T RS,1.5T -16V,A-6,S,E,G,\,\,9.3,11.5,2024
Extra Grande,CHEVROLET,EQUINOX,15T ACTIV,1.5T -16V,A-8,S,E,G,\,\,9.0,10.7,2024
Extra Grande,CHEVROLET,EQUINOX EV (MY24),-,Elétrico,Automática (A),S,E,E,\,\,\,\,2024
Extra Grande,CHEVROLET,BLAZER EV,RS,Elétrico,Automática (A),S,E,E,\,\,\,\,2024
Extra Grande,FORD,Novo Territory,Titanium,1.5 - 16V,A-7,S,E,G,\,\,9.5,11.8,2024
Extra Grande,FORD,Mustang Mach-E,GT,Elétrico,A-1,S,E,E,\,\,\,\,2024
Extra Grande,GWM,HAVAL H6,GT,1.5-16V,DHT - 2,S,E,G,\,\,11.4,10.4,2024
Extra Grande,HONDA,ACCORD HYBRID,TOURING,2.0 - 16V,CVT,S,E,G,\,\,17.8,16.1,2024
Extra Grande,JAC,e-J7,e-J7,Elétrico,A-1,S,E,E,\,\,\,\,2024
Extra Grande,JAGUAR,I-PACE,E400 FIRSTED,Elétrico,A-1,S,E,E,\,\,\,\,2024
Extra Grande,JAGUAR,I-PACE,E400 S,Elétrico,A-1,S,E,E,\,\,\,\,2024
Extra Grande,JAGUAR,I-PACE,E400 SE,Elétrico,A-1,S,E,E,\,\,\,\,2024
Extra Grande,JAGUAR,I-PACE,E400 HSE,Elétrico,A-1,S,E,E,\,\,\,\,2024
Extra Grande,KIA,EV5 2WD,AIR 2WD,ELÉTRICO,A-1,S,E,E,\,\,\,\,2024
Extra Grande,KIA,EV5 2WD,LAND 2WD,ELÉTRICO,A-1,S,E,E,\,\,\,\,2024
Extra Grande,LAMBORGHINI,URUS,S,4.0-32V,DCT-8,S,E,G,\,\,5.4,6.9,2024
Extra Grande,LAMBORGHINI,URUS,PERFORMANTE,4.0-32V,DCT-8,S,E,G,\,\,5.4,6.9,2024
Extra Grande,LEXUS,ES300H,-,2.5-16V,CVT,S,E,G,\,\,15.8,15.2,2024
Extra Grande,LEXUS,RX500H (MY24),F-SPORT,2.4 - 16V,A-6,S,E,G,\,\,10.6,10.8,2024
Extra Grande,LEXUS,RX 450H PLUG-IN,RX450H PLUG-IN,2.5 - 16V,CVT,S,E,G,\,\,13.9,12.4,2024
Extra Grande,Mercedes-Benz,C200,AMG LINE,1.5-16V,A-9,S,E,G,\,\,11.1,13.9,2024
Extra Grande,Mercedes-Benz,C300,AMG LINE,2.0-16V,A-9,S,E,G,\,\,10.4,12.9,2024
Extra Grande,Mercedes-Benz,EQE 300,,Elétrico,A-1,S,E,E,\,\,\,\,2024
Extra Grande,Mercedes-Benz,EQA 250,,Elétrico,A-1,S,E,E,\,\,\,\,2024
Extra Grande,Mercedes-Benz,EQB 250,,Elétrico,A-1,S,E,E,\,\,\,\,2024
Extra Grande,Mercedes-Benz,EQC400 4M,,Elétrico,A-1,S,E,E,\,\,\,\,2024
Extra Grande,Mercedes-Benz,AMG CLA35 4MATIC,,2.0-16V,DCT-7,S,E,G,\,\,9.1,11.1,2024
Extra Grande,Mercedes-Benz,AMG GLB35 4M,,2.0-16V,DCT-8,S,E,G,\,\,8.4,10.0,2024
Extra Grande,Mercedes-Benz,AMG EQS 53 4M,,Elétrico,A-1,S,E,E,\,\,\,\,2024
Extra Grande,Mercedes-Benz,AMG EQS 53 4M,2025,Elétrico,A-1,S,E,E,\,\,\,\,2024
Extra Grande,Mercedes-Benz,AMG CLA45S 4M,,2.0-16V,DCT-8,S,E,G,\,\,7.8,10.8,2024
Extra Grande,Mercedes-Benz,GLB200,PROGRESSIVE(L7),1.3-16V,DCT-7,S,E,G,\,\,10.0,12.4,2024
Extra Grande,Mercedes-Benz,E300,EXCLUSIVE,2.0-16V,A-9,S,E,G,\,\,8.9,12.0,2024
Extra Grande,Mercedes-Benz,AMG GLE53 4M,,3.0-24V,A-9,S,E,G,\,\,7.0,8.6,2024
Extra Grande,Mercedes-Benz,GLS 450 4M,,3.0-24V,A-9,S,E,G,\,\,7.1,8.8,2024
Extra Grande,Mercedes-Benz,AMG GLC43,,3.0-24V,A-9,S,E,G,\,\,6.8,8.7,2024
Extra Grande,Mercedes-Benz,AMG GLC43,Coupé,3.0-24V,A-9,S,E,G,\,\,6.8,8.7,2024
Extra Grande,Mercedes-Benz,AMG GLC43,2025,2.0-16V,A-9,S,E,G,\,\,6.8,8.4,2024
Extra Grande,Mercedes-Benz,AMG GLC43,Coupé (2025),2.0-16V,A-9,S,E,G,\,\,6.8,8.4,2024
Extra Grande,Mercedes-Benz,AMG GLE63 S CO,Coupé,4.0-32V,A-9,S,E,G,\,\,5.9,7.4,2024
Extra Grande,Mercedes-Benz,EQS450,,Elétrico,A-1,S,E,E,\,\,\,\,2024
Extra Grande,Mercedes-Benz,EQE300,SUV,Elétrico,A-1,S,E,E,\,\,\,\,2024
Extra Grande,Mercedes-Benz,AMG EQE53,SUV,Elétrico,A-1,S,E,E,\,\,\,\,2024
Extra Grande,Mercedes-Benz,CLA200,AMG LINE,1.3-16V,A-7,S,E,G,\,\,12.0,14.0,2024
Extra Grande,Mercedes-Benz,CLA200,PROGRESSIVE,1.3-16V,A-7,S,E,G,\,\,12.0,14.0,2024
Extra Grande,Mercedes-Benz,GLB200,PROGRESSIVE,1.3-16V,A-7,S,E,G,\,\,10.1,12.0,2024
Extra Grande,Mercedes-Benz,GLB220 4M,AMG LINE,2.0-16V,A-8,S,E,G,\,\,9.5,12.0,2024
Extra Grande,Mercedes-Benz,CLA250,,2.0-16V,DCT-7,S,E,G,\,\,9.5,13.3,2024
Extra Grande,Mercedes-Benz,AMG CLA35 4M,,2.0-16V,A-8,S,E,G,\,\,8.5,11.7,2024
Extra Grande,Mercedes-Benz,E300,EXCLUSIVE,2.0-16V,A-9,S,E,G,\,\,9.5,12.3,2024
Extra Grande,Mercedes-Benz,AMG GLB35 4M,,2.0-16V,DCT-8,S,E,G,\,\,8.3,9.7,2024
Extra Grande,Mercedes-Benz,EQB 350 4M,,Elétrico,A-1,S,E,E,\,\,\,\,2024
Extra Grande,Mercedes-Benz,EQE350,SUV,Elétrico,A-1,S,E,E,\,\,\,\,2024
Extra Grande,Mercedes-Benz,EQS450 4M,,Elétrico,A-1,S,E,E,\,\,\,\,2024
Extra Grande,Mercedes-Benz,AMG C63S EP,,2.0-16V,A-9,S,E,G,\,\,7.0,8.2,2024
Extra Grande,Mercedes-Benz,AMG C63S EP,F1,2.0-16V,A-9,S,E,G,\,\,7.0,8.2,2024
Extra Grande,Mercedes-Benz,AMG GLB35 4M,2025,2.0-16V,DCT-8,S,E,G,\,\,8.4,9.8,2024
Extra Grande,Mercedes-Benz,GLS 450 4M,,3.0-24V,A-9,S,E,G,\,\,7.8,9.7,2024
,,,,,"Manual (M)
Automática (A)
Automática Dupla
Embreagem (DCT)
Automatizada
(MTA)
Contínua (CVT)","Sim
(S)
Não
(N)","Hidráulica
(H)
Mecânica
(M)
Elétrica
(E)
Eletro-hidráulica
(E-H)","Elétrico
(E)
Gasolina
(G)
Flex
(F)
Diesel
(D)",,,,,2024
,,,,,,,,,Etanol,,"Gasolina
ou
Diesel",,2024
,,,,,,,,,"Cidade
(km/l)","Estrada
(km/l)","Cidade
(km/l)","Estrada
(km/l)",2024
Extra Grande,Mercedes-Benz,EQB250+,,Elétrico,A-1,S,E,E,\,\,\,\,2024
Extra Grande,Mercedes-Benz,AMG GT63S EP,,4.0-32V,A-9,S,E,G,\,\,6.3,7.1,2024
Extra Grande,Mercedes-Benz,AMG GLC43,(L8),2.0-16V,A-9,S,E,G,\,\,7.2,9.2,2024
Extra Grande,Mercedes-Benz,AMG GLC43,Coupé (L8),2.0-16V,A-9,S,E,G,\,\,7.2,9.2,2024
Extra Grande,Mercedes-Benz,AMG S63 EP,,4.0-32V,A-9,S,E,G,\,\,6.5,7.9,2024
Extra Grande,Mercedes-Benz,AMG GLE63 S CO,Coupé 2025,4.0-32V,A-9,S,E,G,\,\,5.9,7.3,2024
Extra Grande,Mercedes-Benz,AMG GLE53 4M,(L8),3.0-24V,A-9,S,E,G,\,\,7.2,8.9,2024
Extra Grande,Mercedes-Benz,AMG GLC63S EP,,2.0-16V,A-9,S,E,G,\,\,7.2,7.8,2024
Extra Grande,Mercedes-Benz,EQE350,,Elétrico,A-1,S,E,E,\,\,\,\,2024
Extra Grande,Mercedes-Benz,E300,EXCLUSIVE (L8),2.0-16V,A-9,S,E,G,\,\,9.9,12.8,2024
Extra Grande,Mercedes-Benz,AMG GLC43,(L8),2.0-16V,A-9,S,E,G,\,\,7.2,9.2,2024
Extra Grande,PORSCHE,MACAN,GTS,2.9-24V,DCT-7,S,E,G,\,\,6.8,8.4,2024
Extra Grande,PORSCHE,MACAN,S,2.9-24V,DCT-7,S,E,G,\,\,7.0,8.4,2024
Extra Grande,PORSCHE,MACAN,-- / T,2.0-16V,DCT-7,S,E,G,\,\,7.4,8.3,2024
Extra Grande,PORSCHE,MACAN,E4,Elétrico,--,S,E,E,\,\,\,\,2024
Extra Grande,PORSCHE,MACAN,ETURBO,Elétrico,--,S,E,E,\,\,\,\,2024
Extra Grande,PORSCHE,MACAN,E2,Elétrico,--,S,E,E,\,\,\,\,2024
Extra Grande,PORSCHE,MACAN (MY25),-- / T,2.0-16V,DCT-7,S,E,G,\,\,7.3,8.5,2024
Extra Grande,PORSCHE,MACAN,E4S,Elétrico,--,S,E,E,\,\,\,\,2024
Extra Grande,TOYOTA,RAV4H,SXAWD CNT,2.5 - 16V,CVT,S,E,G,\,\,17.1,14.5,2024
Extra Grande,TOYOTA,RAV4H,S AWD CNT,2.5 - 16V,CVT,S,E,G,\,\,17.1,14.5,2024
Extra Grande,TOYOTA,RAV4,XSE PHEV,2.5 - 16V,CVT,S,E,G,\,\,14.0,12.9,2024
Extra Grande,TOYOTA,CAMRY,HV,2.5-16V,CVT,S,E,G,\,\,17.4,15.3,2024
Extra Grande,VW,TIGUAN,ALLSPACE RL,2.0-16V,A - 8,S,E,G,\,\,9.2,11.3,2024
Extra Grande,VW,ID.BUZZ,PRO,Elétrico,A,S,E,E,\,\,\,\,2024
Extra Grande,VW,JETTA,GLI,2.0-16V,DCT - 7,S,E,G,\,\,9.9,12.2,2024
Extra Grande,ZEEKR,1,Flagship,Elétrico,A,S,E,E,\,\,\,\,2024
Extra Grande,ZEEKR,1,Premium,Elétrico,A,S,E,E,\,\,\,\,2024
,,,,,,,,,,,,,2024
Utilitário Esportivo Compacto,CAOA CHERY,TIGGO 5X,PLUS,1.5T -16V,CVT,S,E,F,6.9,8.1,9.9,11.5,2024
Utilitário Esportivo Compacto,CAOA CHERY,TIGGO 5X,PLS 15T,1.5T -16V,CVT,S,E,F,6.9,8.1,9.9,11.5,2024
Utilitário Esportivo Compacto,CAOA CHERY,TIGGO 5X,PRO 15T,1.5T -16V,CVT,S,E,F,6.9,8.1,9.9,11.5,2024
Utilitário Esportivo Compacto,CAOA CHERY,TIGGO 5X,T,1.5T -16V,CVT,S,E,F,6.9,8.1,9.9,11.5,2024
Utilitário Esportivo Compacto,CAOA CHERY,TIGGO 5X,TXS,1.5T -16V,CVT,S,E,F,6.9,8.1,9.9,11.5,2024
Utilitário Esportivo Compacto,CAOA CHERY,TIGGO 5X,H,1.5T -16V,CVT,S,E,F,8.1,8.3,11.1,10.9,2024
Utilitário Esportivo Compacto,CAOA CHERY,TIGGO 5X,PRO HA,1.5T -16V,CVT,S,E,F,8.1,8.3,11.1,10.9,2024
Utilitário Esportivo Compacto,CAOA CHERY,TIGGO 5X,PRO H,1.5T -16V,CVT,S,E,F,8.1,8.3,11.1,10.9,2024
Utilitário Esportivo Compacto,CAOA CHERY,TIGGO 5X,SPORT,1.5T -16V,CVT,S,E,F,6.9,8.1,9.9,11.5,2024
Utilitário Esportivo Compacto,CAOA CHERY,TIGGO 5X,H,1.5T -16V,CVT,S,E,F,8.7,8.8,11.8,12.3,2024
Utilitário Esportivo Compacto,CAOA CHERY,TIGGO 5X,PRO HA,1.5T -16V,CVT,S,E,F,8.7,8.8,11.8,12.3,2024
Utilitário Esportivo Compacto,CAOA CHERY,TIGGO 5X,PRO H,1.5T -16V,CVT,S,E,F,8.7,8.8,11.8,12.3,2024
Utilitário Esportivo Compacto,CHEVROLET,TRACKER,T A,1.0T - 12 V,A-6,S,E,F,7.8,9.6,11.2,13.6,2024
Utilitário Esportivo Compacto,CHEVROLET,TRACKER,T A LT,1.0T - 12 V,A-6,S,E,F,7.8,9.6,11.2,13.6,2024
Utilitário Esportivo Compacto,CHEVROLET,TRACKER,T A LTZ,1.0T - 12 V,A-6,S,E,F,7.8,9.6,11.2,13.6,2024
Utilitário Esportivo Compacto,CHEVROLET,TRACKER,T A PR,1.0T - 12 V,A-6,S,E,F,7.8,9.6,11.2,13.6,2024
Utilitário Esportivo Compacto,CHEVROLET,TRACKER,T A MID,1.0T - 12 V,A-6,S,E,F,7.8,9.6,11.2,13.6,2024
Utilitário Esportivo Compacto,CHEVROLET,TRACKER,12T A PR,1.2T - 12 V,A-6,S,E,F,7.2,9.2,10.4,13.2,2024
Utilitário Esportivo Compacto,CHEVROLET,TRACKER,12T A RS,1.2T - 12 V,A-6,S,E,F,7.2,9.2,10.4,13.2,2024
Utilitário Esportivo Compacto,CHEVROLET,TRACKER,T A LT (MY25.5),1.0T - 12V,A-6,S,E,F,8.0,9.8,11.6,13.7,2024
Utilitário Esportivo Compacto,CHEVROLET,TRACKER,T A MID (MY25.5),1.0T - 12V,A-6,S,E,F,8.0,9.8,11.6,13.7,2024
Utilitário Esportivo Compacto,CHEVROLET,TRACKER,T A (MY25.5),1.0T - 12V,A-6,S,E,F,8.0,9.8,11.6,13.7,2024
Utilitário Esportivo Compacto,CHEVROLET,TRACKER,T A LTZ (MY25.5),1.0T - 12V,A-6,S,E,F,8.0,9.8,11.6,13.7,2024
Utilitário Esportivo Compacto,CHEVROLET,TRACKER,12T A RS (MY25.5),1.2T - 12V,A-6,S,E,F,7.7,10.0,11.2,14.1,2024
Utilitário Esportivo Compacto,CHEVROLET,TRACKER,12T A PR (MY25.5),1.2T - 12V,A-6,S,E,F,7.7,10.0,11.2,14.1,2024
Utilitário Esportivo Compacto,CITROEN,C4 CACTUS,SHINE T,1.6-16V T,A-6,S,E,F,8.2,9.5,11.7,13.4,2024
Utilitário Esportivo Compacto,CITROEN,C4 CACTUS,NOIR,1.6-16V T,A-6,S,E,F,8.2,9.5,11.7,13.4,2024
Utilitário Esportivo Compacto,CITROEN,C4 CACTUS,FEEL P,1.6-16V,A-6,S,E,F,7.7,8.9,11.2,12.7,2024
Utilitário Esportivo Compacto,CITROEN,C4 CACTUS,LIVE A,1.6-16V,A-6,S,E,F,7.7,8.9,11.2,12.7,2024
Utilitário Esportivo Compacto,CITROEN,C3,LIVE PACK AT,1.6-16V,A-6,S,E,F,7.2,8.5,10.3,12.4,2024
Utilitário Esportivo Compacto,CITROEN,C3,FEEL PK AT,1.6-16V,A-6,S,E,F,7.2,8.5,10.3,12.4,2024
Utilitário Esportivo Compacto,CITROEN,C3,FEEL 1.0,1.0-6V,M-5,S,E,F,9.3,10.5,13.0,14.6,2024
Utilitário Esportivo Compacto,CITROEN,C3,LIVE 1.0,1.0-6V,M-5,S,E,F,9.3,10.5,13.0,14.6,2024
Utilitário Esportivo Compacto,CITROEN,C3,LIVE PK 1.0,1.0-6V,M-5,S,E,F,9.3,10.5,13.0,14.6,2024
Utilitário Esportivo Compacto,CITROEN,C3,YOU 1.0T CVT,1.0-12V T,CVT-7,S,E,F,7.8,8.8,11.0,12.8,2024
Utilitário Esportivo Compacto,CITROEN,C3 AIRCROSS,FL,1.0-12V T,CVT-7,S,E,F,7.4,8.6,10.6,12.0,2024
Utilitário Esportivo Compacto,CITROEN,C3 AIRCROSS,FL PK,1.0-12V T,CVT-7,S,E,F,7.4,8.6,10.6,12.0,2024
Utilitário Esportivo Compacto,CITROEN,C3 AIRCROSS,SH,1.0-12V T,CVT-7,S,E,F,7.4,8.6,10.6,12.0,2024
Utilitário Esportivo Compacto,CITROEN,C3AIRCROSS,FL 7,1.0-12V T,CVT-7,S,E,F,7.4,8.6,10.6,12.0,2024
Utilitário Esportivo Compacto,CITROEN,C3AIRCROSS,FLPK7,1.0-12V T,CVT-7,S,E,F,7.4,8.6,10.6,12.0,2024
Utilitário Esportivo Compacto,CITROEN,C3AIRCROSS,SH 7,1.0-12V T,CVT-7,S,E,F,7.4,8.6,10.6,12.0,2024
Utilitário Esportivo Compacto,CITROEN,BASALT,FEEL T200,1.0-12V T,CVT-7,S,E,F,8.3,9.6,11.9,13.7,2024
Utilitário Esportivo Compacto,CITROEN,BASALT,SHINET200,1.0-12V T,CVT-7,S,E,F,8.3,9.6,11.9,13.7,2024
Utilitário Esportivo Compacto,CITROEN,BASALT,LIVE 1.0,1.0-6V,M-5,S,E,F,9.3,10.2,13.0,14.6,2024
Utilitário Esportivo Compacto,CITROEN,BASALT,FEEL 1.0,1.0-6V,M-5,S,E,F,9.3,10.2,13.0,14.6,2024
,,,,,"Manual (M)
Automática (A)
Automática Dupla
Embreagem (DCT)
Automatizada
(MTA)
Contínua (CVT)","Sim
(S)
Não
(N)","Hidráulica
(H)
Mecânica
(M)
Elétrica
(E)
Eletro-hidráulica
(E-H)","Elétrico
(E)
Gasolina
(G)
Flex
(F)
Diesel
(D)",,,,,2024
,,,,,,,,,Etanol,,"Gasolina
ou
Diesel",,2024
,,,,,,,,,"Cidade
(km/l)","Estrada
(km/l)","Cidade
(km/l)","Estrada
(km/l)",2024
Utilitário Esportivo Compacto,FIAT,ARGO,TREKKING 1.3,1.3-8V,M-5,S,E,F,9.1,10.0,12.6,14.1,2024
Utilitário Esportivo Compacto,FIAT,ARGO,ENDUR 1.3 MT,1.3-8V,M-5,S,E,F,9.1,10.0,12.6,14.1,2024
Utilitário Esportivo Compacto,FIAT,ARGO,TREKKING 1.3 AT,1.3-8V,CVT-7,S,E,F,8.9,10.1,12.7,13.9,2024
Utilitário Esportivo Compacto,FIAT,ARGO,TREKKING 1.3AT (MY25),1.3-8V,CVT-7,S,E,F,8.8,10.4,12.6,14.4,2024
Utilitário Esportivo Compacto,FIAT,FASTBACK,DRIVE,1.0-12V T,CVT-7,S,E,F,8.4,10.2,11.9,14.6,2024
Utilitário Esportivo Compacto,FIAT,FASTBACK,AUDACE,1.0-12V T,CVT-7,S,E,F,8.4,10.2,11.9,14.6,2024
Utilitário Esportivo Compacto,FIAT,FASTBACK,ABARTH 270,1.3-16V T,A-6,S,E,F,7.2,9.3,10.3,13.1,2024
Utilitário Esportivo Compacto,FIAT,FASTBACK,LIMITED ED,1.3-16V T,A-6,S,E,F,7.8,9.7,11.4,13.7,2024
Utilitário Esportivo Compacto,FIAT,FASTBACK,IMPETUS,1.0-12V T,CVT-7,S,E,F,8.1,9.7,11.3,13.9,2024
Utilitário Esportivo Compacto,FIAT,FASTBACK,TURBO 270,1.3-16V T,A-6,S,E,F,7.9,9.7,11.3,13.6,2024
Utilitário Esportivo Compacto,FIAT,FASTBACK,TURBO 200,1.0-12V T,CVT-7,S,E,F,8.4,10.2,11.9,14.6,2024
Utilitário Esportivo Compacto,FIAT,FASTBACK,AUDACE HYB,1.0-12V T,CVT-7,S,E,F,8.9,9.8,12.6,13.9,2024
Utilitário Esportivo Compacto,FIAT,FASTBACK,IMPETUS HY,1.0-12V T,CVT-7,S,E,F,8.9,9.8,12.6,13.9,2024
Utilitário Esportivo Compacto,FIAT,PULSE,DRIVE MT,1.3-8V,M-5,S,E,F,9.0,10.4,12.5,14.7,2024
Utilitário Esportivo Compacto,FIAT,PULSE,MT,1.3-8V,M-5,S,E,F,9.0,10.4,12.5,14.7,2024
Utilitário Esportivo Compacto,FIAT,PULSE,DRIVE AT,1.3-8V,CVT-7,S,E,F,8.8,10.6,12.5,14.5,2024
Utilitário Esportivo Compacto,FIAT,PULSE,ABARTH 270,1.3-16V T,A-6,S,E,F,7.1,8.9,10.2,12.3,2024
Utilitário Esportivo Compacto,FIAT,PULSE,DRIVE TF200,1.0-12V T,CVT-7,S,E,F,8.4,10.2,12.1,14.4,2024
Utilitário Esportivo Compacto,FIAT,PULSE,AUDACE TF200,1.0-12V T,CVT-7,S,E,F,8.4,10.2,12.1,14.4,2024
Utilitário Esportivo Compacto,FIAT,PULSE,IMPETUS TF200,1.0-12V T,CVT-7,S,E,F,8.4,10.2,12.1,14.4,2024
Utilitário Esportivo Compacto,FIAT,PULSE,IMPETUS HYB,1.0-12V T,CVT-7,S,E,F,9.3,10.2,13.4,14.4,2024
Utilitário Esportivo Compacto,FIAT,PULSE,AUDACE HYB,1.0-12V T,CVT-7,S,E,F,9.3,10.2,13.4,14.4,2024
Utilitário Esportivo Compacto,Hyundai,CRETA,N Line,1.0-12V T,A-6,S,E,F,8.3,9.1,11.9,12.6,2024
Utilitário Esportivo Compacto,Hyundai,CRETA,Comfort,1.0-12V T,A-6,S,E,F,8.3,9.1,11.9,12.6,2024
Utilitário Esportivo Compacto,Hyundai,CRETA,Limited,1.0-12V T,A-6,S,E,F,8.3,9.1,11.9,12.6,2024
Utilitário Esportivo Compacto,Hyundai,CRETA,Platinum,1.0-12V T,A-6,S,E,F,8.3,9.1,11.9,12.6,2024
Utilitário Esportivo Compacto,Hyundai,CRETA,Ultimate,2.0-16V,A-6,S,E,F,7.7,8.8,11.1,12.4,2024
Utilitário Esportivo Compacto,Hyundai,CRETA,Action,1.6-16V,A-6,S,E,F,7.1,8.1,9.7,12.1,2024
Utilitário Esportivo Compacto,JEEP,RENEGADE,SPT T270,1.3-16V T,A-6,S,E,F,7.7,9.0,10.9,12.7,2024
Utilitário Esportivo Compacto,JEEP,RENEGADE,LGTD T270,1.3-16V T,A-6,S,E,F,7.7,9.0,10.9,12.7,2024
Utilitário Esportivo Compacto,JEEP,RENEGADE,1.3 TURBO,1.3-16V T,A-6,S,E,F,7.7,9.0,10.9,12.7,2024
Utilitário Esportivo Compacto,JEEP,RENEGADE,SAHARA,1.3-16V T,A-6,S,E,F,7.7,9.0,10.9,12.7,2024
Utilitário Esportivo Compacto,JEEP,RENEGADE,1.3 T FLEX,1.3-16V T,A-6,S,E,F,7.7,9.0,10.9,12.7,2024
Utilitário Esportivo Compacto,Nissan,Kicks,SENSE,1.6-16V,CVT,S,E,F,7.8,9.5,11.4,13.8,2024
Utilitário Esportivo Compacto,Nissan,Kicks,EXCLUSI,1.6-16V,CVT,S,E,F,7.8,9.5,11.4,13.8,2024
Utilitário Esportivo Compacto,Nissan,Kicks,ACTIVE,1.6-16V,CVT,S,E,F,7.8,9.5,11.4,13.8,2024
Utilitário Esportivo Compacto,Nissan,Kicks,ADVANCE,1.6-16V,CVT,S,E,F,7.8,9.5,11.4,13.8,2024
Utilitário Esportivo Compacto,Nissan,Kicks,XPLAY,1.6-16V,CVT,S,E,F,7.8,9.5,11.4,13.8,2024
Utilitário Esportivo Compacto,PEUGEOT,2008,GRF THP AT,1.6-16V T,A-6,S,E,F,7.8,9.1,11.2,12.9,2024
Utilitário Esportivo Compacto,PEUGEOT,2008,GRIFFE EAT6,1.6-16V,A-6,S,E,F,7.6,8.6,11.0,12.4,2024
Utilitário Esportivo Compacto,PEUGEOT,2008,ALLURE EAT6,1.6-16V,A-6,S,E,F,7.6,8.6,11.0,12.4,2024
Utilitário Esportivo Compacto,PEUGEOT,2008,ALLURE PK,1.6-16V,A-6,S,E,F,7.6,8.6,11.0,12.4,2024
Utilitário Esportivo Compacto,PEUGEOT,2008,ROADTRIP AT,1.6-16V,A-6,S,E,F,7.6,8.6,11.0,12.4,2024
Utilitário Esportivo Compacto,PEUGEOT,2008,GT T200,1.0-12V T,CVT-7,S,E,F,8.6,9.8,12.3,13.7,2024
Utilitário Esportivo Compacto,PEUGEOT,2008,ACT T200,1.0-12V T,CVT-7,S,E,F,8.6,9.8,12.3,13.7,2024
Utilitário Esportivo Compacto,PEUGEOT,2008,ALLU T200,1.0-12V T,CVT-7,S,E,F,8.6,9.8,12.3,13.7,2024
Utilitário Esportivo Compacto,Renault,Kwid,Zen,1.0-12V,M-5,S,E-H,F,10.8,11.0,15.3,15.7,2024
Utilitário Esportivo Compacto,Renault,Kwid,Intense,1.0-12V,M-5,S,E-H,F,10.8,11.0,15.3,15.7,2024
Utilitário Esportivo Compacto,Renault,Kwid,Outsider,1.0-12V,M-5,S,E-H,F,10.8,11.0,15.3,15.7,2024
Utilitário Esportivo Compacto,Renault,Kwid,Intense Biton,1.0-12V,M-5,S,E-H,F,10.8,11.0,15.3,15.7,2024
Utilitário Esportivo Compacto,Renault,Sandero,SZE16MT,1.6 - 16V,M-5,S,E-H,F,8.3,8.5,11.8,12.1,2024
Utilitário Esportivo Compacto,Renault,Sandero,SIC16CVT,1.6 - 16V,CVT,S,E-H,F,7.4,8.3,10.7,11.6,2024
Utilitário Esportivo Compacto,Renault,Kardian,PREM AT,1.0 12V,DCT,S,E,F,9.0,9.7,13.1,13.9,2024
Utilitário Esportivo Compacto,Renault,Kardian,TECH AT,1.0 12V,DCT,S,E,F,9.0,9.7,13.1,13.9,2024
Utilitário Esportivo Compacto,Renault,Kardian,EVO AT,1.0 12V,DCT,S,E,F,9.0,9.7,13.1,13.9,2024
Utilitário Esportivo Compacto,Volkswagen,NIVUS,COMFORTLINE 200TSI AUTOMÁTICO,1.0-12V,A - 6,S,E,F,8.3,9.9,11.9,14.1,2024
Utilitário Esportivo Compacto,Volkswagen,NIVUS,HIGHLINE 200TSI AUTOMÁTICO,1.0-12V,A - 6,S,E,F,8.3,9.9,11.9,14.1,2024
Utilitário Esportivo Compacto,Volkswagen,NIVUS,SENSE TSI,1.0-12V,A - 6,S,E,F,8.3,9.9,11.9,14.1,2024
Utilitário Esportivo Compacto,Volkswagen,T CROSS,HIGHLINE 250TSI AUTOMÁTICO,1.4-16V,A - 6,S,E,F,8.1,10.1,11.6,14.3,2024
Utilitário Esportivo Compacto,Volkswagen,T CROSS,SENSE 200TSI AUTOMATICO,1.0-12V,A - 6,S,E,F,8.2,10.1,11.9,14.3,2024
Utilitário Esportivo Compacto,Volkswagen,T CROSS,200TSI AUTOMATICO,1.0-12V,A - 6,S,E,F,8.2,10.1,11.9,14.3,2024
Utilitário Esportivo Compacto,Volkswagen,T CROSS,HIGHLINE 250TSI AUTOMÁTICO,1.4 - 16V,A - 6,S,E,F,8.1,9.8,11.7,14.0,2024
Utilitário Esportivo Compacto,Volkswagen,T CROSS,COMFORTLINE 200TSI AUTOMATICO,1.0-12V,A - 6,S,E,F,8.1,9.8,11.9,14.1,2024
Utilitário Esportivo Compacto,Volkswagen,T CROSS,COMFORTLINE 200TSI AUTOMATICO,1.0-12V,A - 6,S,E,F,8.2,10.1,11.9,14.3,2024
,,,,,"Manual (M)
Automática (A)
Automática Dupla
Embreagem (DCT)
Automatizada
(MTA)
Contínua (CVT)","Sim
(S)
Não
(N)","Hidráulica
(H)
Mecânica
(M)
Elétrica
(E)
Eletro-hidráulica
(E-H)","Elétrico
(E)
Gasolina
(G)
Flex
(F)
Diesel
(D)",,,,,2024
,,,,,,,,,Etanol,,"Gasolina
ou
Diesel",,2024
,,,,,,,,,"Cidade
(km/l)","Estrada
(km/l)","Cidade
(km/l)","Estrada
(km/l)",2024
Utilitário Esportivo Grande,AUDI,Q3,Prestige,2.0 - 16V,A-8,S,E,G,\,\,8.0,10.3,2024
Utilitário Esportivo Grande,AUDI,Q3,Performance,2.0 - 16V,A-8,S,E,G,\,\,8.0,10.3,2024
Utilitário Esportivo Grande,AUDI,Q3,Performance Black,2.0 - 16V,A-8,S,E,G,\,\,8.0,10.3,2024
Utilitário Esportivo Grande,AUDI,Q3,Anniversary Edition,2.0 - 16V,A-8,S,E,G,\,\,8.0,10.3,2024
Utilitário Esportivo Grande,AUDI,Q3 Sportback,Performance,2.0 - 16V,A-8,S,E,G,\,\,8.0,10.1,2024
Utilitário Esportivo Grande,AUDI,Q3 Sportback,Performance Black,2.0 - 16V,A-8,S,E,G,\,\,8.0,10.1,2024
Utilitário Esportivo Grande,AUDI,Q3 Sportback,Anniversary Edition,2.0 - 16V,A-8,S,E,G,\,\,8.0,10.1,2024
Utilitário Esportivo Grande,BMW,X1,sDrive 18i GP,1.5 - 12V,A-7,S,E,G,\,\,11.4,13.5,2024
Utilitário Esportivo Grande,BMW,X1,sDrive 20i X Line,2.0 - 16V,A-7,S,E,G,\,\,10.8,13.0,2024
Utilitário Esportivo Grande,BMW,X1,sDrive 20i M Sport,2.0 - 16V,A-7,S,E,G,\,\,10.9,13.3,2024
Utilitário Esportivo Grande,BMW,X1,sDrive 20i GP,2.0 - 16V,A-7,S,E,G,\,\,10.8,13.0,2024
Utilitário Esportivo Grande,BMW,X2,xDrive20i,2.0 - 16V,A-7,S,E,G,\,\,9.9,12.6,2024
Utilitário Esportivo Grande,BMW,X2,xDrive20i (MY25),2.0 - 16V,A-7,S,E,G,\,\,10.0,12.7,2024
Utilitário Esportivo Grande,BYD,TAN,AWD GS 680EV,Elétrico,N.A.,S,E,E,\,\,\,\,2024
Utilitário Esportivo Grande,BYD,YUAN PLUS,GL310 EV,Elétrico,N.A.,S,E,E,\,\,\,\,2024
Utilitário Esportivo Grande,BYD,YUAN PLUS,GS310 EV,Elétrico,N.A.,S,E,E,\,\,\,\,2024
Utilitário Esportivo Grande,BYD,SONG PLUS (MY25),GS DM,1.5-16V,CVT,S,E,G,\,\,14.9,12.1,2024
Utilitário Esportivo Grande,BYD,SONG PLUS,GS DM,1.5-16V,CVT,S,E,G,\,\,15.1,13.2,2024
Utilitário Esportivo Grande,CAOA CHERY,TIGGO 8,PHEV,1.5T -16V,DHT,S,E,G,\,\,11.0,10.9,2024
Utilitário Esportivo Grande,CAOA CHERY,TIGGO 8,TGDI,1.6T - 16V,DCT-7,S,E,G,\,\,10.1,12.0,2024
Utilitário Esportivo Grande,CAOA CHERY,TIGGO 7,PRO,1.6T-16V,DCT-7,S,E,G,\,\,9.9,11.7,2024
Utilitário Esportivo Grande,CAOA CHERY,TIGGO 7,PRO H,1.5T -16V,CVT,S,E,F,8.1,8.5,11.1,11.2,2024
Utilitário Esportivo Grande,CAOA CHERY,TIGGO 7,SPORT,1.5T -16V,CVT,S,E,F,8.1,8.5,11.1,11.2,2024
Utilitário Esportivo Grande,CAOA CHERY,TIGGO 7,PRO H,1.5T -16V,CVT,S,E,F,8.5,8.6,11.6,11.4,2024
Utilitário Esportivo Grande,CAOA CHERY,TIGGO 7,HA,1.5T -16V,CVT,S,E,F,8.5,8.6,11.6,11.4,2024
Utilitário Esportivo Grande,DONFENG,SERES 3,ELEG,Elétrico,A-1,S,E,E,\,\,\,\,2024
Utilitário Esportivo Grande,GWM,HAVAL H6,PREM HEV,1.5-16V,DHT - 2,S,E,G,\,\,13.8,12.0,2024
Utilitário Esportivo Grande,GWM,HAVAL H6,HEV,1.5-16V,DHT - 2,S,E,G,\,\,13.8,12.0,2024
Utilitário Esportivo Grande,GWM,HAVAL H6,PREM PHEV,1.5-16V,DHT - 2,S,E,G,\,\,11.7,10.4,2024
Utilitário Esportivo Grande,GWM,HAVAL H6,PHEV,1.5-16V,DHT - 2,S,E,G,\,\,11.7,10.4,2024
Utilitário Esportivo Grande,GWM,HAVAL H6,HAVAL H6 PHEV 19,1.5-16V,DHT - 2,S,E,G,\,\,13.6,12.3,2024
Utilitário Esportivo Grande,GWM,HAVAL H6,HEV (L8),1.5-16V,DHT - 2,S,E,G,\,\,14.4,11.8,2024
Utilitário Esportivo Grande,GWM,HAVAL H6,PHEV (L8),1.5-16V,DHT - 2,S,E,G,\,\,12.7,10.5,2024
Utilitário Esportivo Grande,HONDA,CR-V HYBRID,TOURING,2.0 - 16V,CVT,S,E,G,\,\,14.2,11.6,2024
Utilitário Esportivo Grande,JEEP,COMPASS,SERIE S TF,1.3-16V T,A-6,S,E,F,7.2,8.7,10.1,12.0,2024
Utilitário Esportivo Grande,JEEP,COMPASS,LIMITED TF,1.3-16V T,A-6,S,E,F,7.2,8.7,10.1,12.0,2024
Utilitário Esportivo Grande,JEEP,COMPASS,LONG TF,1.3-16V T,A-6,S,E,F,7.2,8.7,10.1,12.0,2024
Utilitário Esportivo Grande,JEEP,COMPASS,SPORT TF,1.3-16V T,A-6,S,E,F,7.2,8.7,10.1,12.0,2024
Utilitário Esportivo Grande,JEEP,COMMANDER,OVR T270,1.3-16V T,A-6,S,E,F,7.0,8.2,10.0,11.4,2024
Utilitário Esportivo Grande,JEEP,COMMANDER,LIM T270,1.3-16V T,A-6,S,E,F,7.0,8.2,10.0,11.4,2024
Utilitário Esportivo Grande,JEEP,COMMANDER,LONGITUDE,1.3-16V T,A-6,S,E,F,7.0,8.2,10.0,11.4,2024
Utilitário Esportivo Grande,JEEP,COMMANDER,T270,1.3-16V T,A-6,S,E,F,7.0,8.2,10.0,11.4,2024
Utilitário Esportivo Grande,KIA,SPORTAGE,TMHEV EX,1.6 - 16V,DCT-7,S,E,G,\,\,11.5,12.1,2024
Utilitário Esportivo Grande,KIA,SPORTAGE,TMHEV LX,1.6 - 16V,DCT-7,S,E,G,\,\,11.5,12.1,2024
Utilitário Esportivo Grande,KIA,SPORTAGE,TMHEV SX,1.6 - 16V,DCT-7,S,E,G,\,\,11.5,12.1,2024
Utilitário Esportivo Grande,KIA,SPORTAGE,TMHEV GT,1.6 - 16V,DCT-7,S,E,G,\,\,11.5,12.1,2024
Utilitário Esportivo Grande,KIA,SPORTAGE,TMHEV EXP,1.6 - 16V,DCT-7,S,E,G,\,\,11.5,12.1,2024
Utilitário Esportivo Grande,KIA,EV9 GTL,EV9 GTL 4WD,ELÉTRICO,A-1,S,E,E,\,\,\,\,2024
Utilitário Esportivo Grande,LEXUS,NX350H,LUXURY,2.5 - 16V,CVT,S,E,G,\,\,15.3,12.9,2024
Utilitário Esportivo Grande,LEXUS,NX350H,DYNAMIC,2.5 - 16V,CVT,S,E,G,\,\,15.3,12.9,2024
Utilitário Esportivo Grande,LEXUS,NX350H,F-SPORT,2.5 - 16V,CVT,S,E,G,\,\,15.3,12.9,2024
Utilitário Esportivo Grande,MASERATI,LEVANTE,MHEV,"2,0L-16V",A-8,S,E,G,\,\,7.2,9.4,2024
Utilitário Esportivo Grande,Mitsubishi,Eclipse Cross,GLS,1.5T-16V,CVT,S,E,G,\,\,10.9,11.9,2024
Utilitário Esportivo Grande,Mitsubishi,Eclipse Cross,HPE,1.5T-16V,CVT,S,E,G,\,\,10.9,11.9,2024
Utilitário Esportivo Grande,Mitsubishi,Eclipse Cross,HPE-S,1.5T-16V,CVT,S,E,G,\,\,10.9,11.9,2024
Utilitário Esportivo Grande,Mitsubishi,Eclipse Cross,RUSH,1.5T-16V,CVT,S,E,G,\,\,10.9,11.9,2024
Utilitário Esportivo Grande,PEUGEOT,3008,GT LINE,1.6-16V T,A-6,S,E,G,\,\,9.9,11.9,2024
Utilitário Esportivo Grande,PEUGEOT,3008,GRIFFE AT,1.6-16V T,A-6,S,E,G,\,\,9.9,11.9,2024
Utilitário Esportivo Grande,Renault,Captur,Zen,1.3 - 16V,CVT,S,E-H,F,7.7,8.2,10.9,11.6,2024
Utilitário Esportivo Grande,Renault,Captur,Intense,1.3 - 16V,CVT,S,E-H,F,7.7,8.2,10.9,11.6,2024
Utilitário Esportivo Grande,Renault,Captur,Iconic,1.3 - 16V,CVT,S,E-H,F,7.7,8.2,10.9,11.6,2024
Utilitário Esportivo Grande,Renault,Duster,Life,1.6 - 16V,CVT,S,E-H,F,7.2,8.1,10.5,11.5,2024
Utilitário Esportivo Grande,Renault,Duster,Zen,1.6 - 16V,CVT,S,E-H,F,7.2,8.1,10.5,11.5,2024
Utilitário Esportivo Grande,Renault,Duster,Intense,1.6 - 16V,CVT,S,E-H,F,7.2,8.1,10.5,11.5,2024
Utilitário Esportivo Grande,Renault,Duster,Iconic,1.6 - 16V,CVT,S,E-H,F,7.2,8.1,10.5,11.5,2024
Utilitário Esportivo Grande,Renault,Duster,Zen16,1.6 - 16V,M-5,S,E,F,8.1,8.5,11.6,12.3,2024
Utilitário Esportivo Grande,Renault,Duster,Intense16,1.6 - 16V,M-5,S,E,F,8.1,8.5,11.6,12.3,2024
Utilitário Esportivo Grande,Renault,Duster,Iconic,1.3 - 16V,CVT,S,E-H,F,7.7,8.4,10.8,11.5,2024
Utilitário Esportivo Grande,VOLVO,XC40,P6 RECHARGE,Elétrico,A,S,E,E,\,\,\,\,2024
Utilitário Esportivo Grande,VOLVO,XC40,6 ULTIMATE,Elétrico,A,S,E,E,\,\,\,\,2024
Utilitário Esportivo Grande,VOLVO,XC40,6 PLUS,Elétrico,A,S,E,E,\,\,\,\,2024
Utilitário Esportivo Grande,VOLVO,XC40,6 CORE,Elétrico,A,S,E,E,\,\,\,\,2024
Utilitário Esportivo Grande,VOLVO,EX40,6 CORE,Elétrico,A,S,E,E,\,\,\,\,2024
Utilitário Esportivo Grande,VOLVO,EX40,6 PLUS,Elétrico,A,S,E,E,\,\,\,\,2024
Utilitário Esportivo Grande,VOLVO,EX40,6 ULTRA,Elétrico,A,S,E,E,\,\,\,\,2024
Utilitário Esportivo Grande,VW,TAOS,COMFORTLINE 250TSI AUTOMÁTICO,1.4-16V,A - 6,S,E,F,7.6,9.1,11.1,13.1,2024
Utilitário Esportivo Grande,VW,TAOS,HIGHLINE 250TSI AUTOMÁTICO,1.4-16V,A - 6,S,E,F,7.6,9.1,11.1,13.1,2024
Utilitário Esportivo Grande,ZEEKR,X,Premium,Elétrico,A,S,E,E,\,\,\,\,2024
,,,,,"Manual (M)
Automática (A)
Automática Dupla
Embreagem (DCT)
Automatizada
(MTA)
Contínua (CVT)","Sim
(S)
Não
(N)","Hidráulica
(H)
Mecânica
(M)
Elétrica
(E)
Eletro-hidráulica
(E-H)","Elétrico
(E)
Gasolina
(G)
Flex
(F)
Diesel
(D)",,,,,2024
,,,,,,,,,Etanol,,"Gasolina
ou
Diesel",,2024
,,,,,,,,,"Cidade
(km/l)","Estrada
(km/l)","Cidade
(km/l)","Estrada
(km/l)",2024
Utilitário Esportivo Grande 4x4,BMW,X4,xDrive 30i,2.0 - 16V,A-8,S,E,G,\,\,9.0,11.0,2024
Utilitário Esportivo Grande 4x4,BMW,X4,xDrive 30i,2.0 - 16V,A-8,S,E,G,\,\,9.0,11.0,2024
Utilitário Esportivo Grande 4x4,BMW,X6,xDrive 40i,3.0 - 24V,A-8,S,E,G,\,\,7.8,9.2,2024
Utilitário Esportivo Grande 4x4,BMW,X3,xDrive 30e,2.0 - 16V,A-8,S,E,G,\,\,8.1,9.6,2024
Utilitário Esportivo Grande 4x4,BMW,X5,xDrive45e,3.0 - 24V,A-8,S,E,G,\,\,7.6,8.7,2024
Utilitário Esportivo Grande 4x4,BMW,X3,M40i,3.0 - 24V,A-8,S,E,G,\,\,7.8,9.5,2024
Utilitário Esportivo Grande 4x4,BMW,X3,M40i,3.0 - 24V,A-8,S,E,G,\,\,7.8,9.5,2024
Utilitário Esportivo Grande 4x4,BMW,X4,M40i,3.0 - 24V,A-8,S,E,G,\,\,7.8,9.6,2024
Utilitário Esportivo Grande 4x4,BMW,X4,M40i,3.0 - 24V,A-8,S,E,G,\,\,7.8,9.6,2024
Utilitário Esportivo Grande 4x4,BMW,X6,M COMPETITION,4.4 - 32V,A-8,S,E,G,\,\,5.9,7.3,2024
Utilitário Esportivo Grande 4x4,BMW,X6,M COMPETITION,4.4 - 32V,A-8,S,E,G,\,\,5.7,7.4,2024
Utilitário Esportivo Grande 4x4,BMW,X6,xDrive40i,3.0 - 24V,A-8,S,E,G,\,\,9.0,9.7,2024
Utilitário Esportivo Grande 4x4,BMW,X5,xDrive50e MSP,3.0 - 24V,A-8,S,E,G,\,\,9.1,9.3,2024
Utilitário Esportivo Grande 4x4,BMW,X5,xDrive50e XLINE,3.0 - 24V,A-8,S,E,G,\,\,9.1,9.3,2024
Utilitário Esportivo Grande 4x4,BMW,X7,M60i xDrive,4.4 - 32V,A-8,S,E,G,\,\,6.3,7.7,2024
Utilitário Esportivo Grande 4x4,BMW,X3,M50i,3.0 - 24V,A-8,S,E,G,\,\,9.6,10.9,2024
Utilitário Esportivo Grande 4x4,BMW,X5,xDrive50e MSP (MY25),3.0 - 24V,A-8,S,E,G,\,\,9.2,9.9,2024
Utilitário Esportivo Grande 4x4,BMW,X5,xDrive50e XLINE (MY25),3.0 - 24V,A-8,S,E,G,\,\,9.2,9.9,2024
Utilitário Esportivo Grande 4x4,BMW,X6,xDrive40i MSP (MY25),3.0 - 24V,A-8,S,E,G,\,\,9.0,10.1,2024
Utilitário Esportivo Grande 4x4,Hyundai,PALISADE,Signature,3.8-24V,A-8,S,E,G,\,\,7.3,9.9,2024
Utilitário Esportivo Grande 4x4,JAGUAR,E-PACE,P250F RDYNSE,2.0-16V,A-9,S,E,F,5.4,7.0,7.5,10.0,2024
Utilitário Esportivo Grande 4x4,JAGUAR,E-PACE,P250F RD HSE,2.0-16V,A-9,S,E,F,5.4,7.0,7.5,10.0,2024
Utilitário Esportivo Grande 4x4,JAGUAR,F-PACE,P550 SVR,5.0-32V,A-8,S,E,G,\,\,5.6,8.4,2024
Utilitário Esportivo Grande 4x4,JAGUAR,F-PACE,PHEV RD SE,2.0-16V,A-8,S,E,G,\,\,7.9,9.0,2024
Utilitário Esportivo Grande 4x4,JAGUAR,F-PACE,PHEV RD SE (LC4133),2.0-16V,A-8,S,E,G,\,\,7.8,9.0,2024
Utilitário Esportivo Grande 4x4,Mercedes-Benz,GLC300 4M,Coupé,2.0-16V,A-9,S,E,G,\,\,7.9,9.8,2024
Utilitário Esportivo Grande 4x4,Mercedes-Benz,GLC300 4M,Coupé,2.0-16V,A-9,S,E,G,\,\,9.6,11.9,2024
Utilitário Esportivo Grande 4x4,Mercedes-Benz,GLC300 4M,,2.0-16V,A-9,S,E,G,\,\,9.6,11.9,2024
Utilitário Esportivo Grande 4x4,Mercedes-Benz,GLE400D 4M,,3.0-24V,A-9,S,E,D,\,\,9.0,11.5,2024
Utilitário Esportivo Grande 4x4,Mercedes-Benz,GLE400D 4M,Coupé,3.0-24V,A-9,S,E,D,\,\,10.0,12.8,2024
Utilitário Esportivo Grande 4x4,Mercedes-Benz,GLE450D 4M,,3.0-24V,A-9,S,E,D,\,\,11.0,13.6,2024
Utilitário Esportivo Grande 4x4,Mercedes-Benz,GLE450D 4M,Coupé,3.0-24V,A-9,S,E,D,\,\,11.0,13.6,2024
Utilitário Esportivo Grande 4x4,Mercedes-Benz,GLC300 4M,(L8),2.0-16V,A-9,S,E,G,\,\,9.5,11.6,2024
Utilitário Esportivo Grande 4x4,Mitsubishi,Eclipse Cross,HPE-S S-AWC,1.5T-16V,CVT,S,E,G,\,\,10.7,12.0,2024
Utilitário Esportivo Grande 4x4,PORSCHE,CAYENNE,S,4.0-32V,A-8,S,E,G,\,\,6.1,7.9,2024
Utilitário Esportivo Grande 4x4,PORSCHE,CAYENNE,S CP,4.0-32V,A-8,S,E,G,\,\,6.1,7.9,2024
Utilitário Esportivo Grande 4x4,PORSCHE,CAYENNE,GT COUPE,4.0-32V,A-8,S,E,G,\,\,5.8,7.9,2024
Utilitário Esportivo Grande 4x4,PORSCHE,CAYENNE,S PHEV,3.0-24V,A-8,S,E,G,\,\,7.8,8.4,2024
Utilitário Esportivo Grande 4x4,PORSCHE,CAYENNE,SCPHEV,3.0-24V,A-8,S,E,G,\,\,7.8,8.4,2024
Utilitário Esportivo Grande 4x4,PORSCHE,CAYENNE,T PHEV,4.0-32V,A-8,S,E,G,\,\,7.1,7.9,2024
Utilitário Esportivo Grande 4x4,PORSCHE,CAYENNE,TCPHEV,4.0-32V,A-8,S,E,G,\,\,7.1,7.9,2024
Utilitário Esportivo Grande 4x4,PORSCHE,"CAYENNE ( Produção
Semana 18+/24 )",PHEV,3.0-24V,A-8,S,E,G,\,\,7.7,8.1,2024
Utilitário Esportivo Grande 4x4,PORSCHE,"CAYENNE ( Produção
Semana 18+/24 )",CP PHE,3.0-24V,A-8,S,E,G,\,\,7.7,8.1,2024
Utilitário Esportivo Grande 4x4,SUBARU,FORESTER,S MHEV,"2,0T - 16V",A,S,E,G,\,\,12.0,12.2,2024
Utilitário Esportivo Grande 4x4,SUBARU,XV,S MHEV,"2,0T - 16V",A,S,E,G,\,\,12.1,12.3,2024
Utilitário Esportivo Grande 4x4,VOLVO,XC40,RECHARGE PE,Elétrico,A,S,E,E,\,\,\,\,2024
Utilitário Esportivo Grande 4x4,VOLVO,XC40,8 CORE,Elétrico,A,S,E,E,\,\,\,\,2024
Utilitário Esportivo Grande 4x4,VOLVO,XC40,8 PLUS,Elétrico,A,S,E,E,\,\,\,\,2024
Utilitário Esportivo Grande 4x4,VOLVO,XC40,8 ULTIMATE,Elétrico,A,S,E,E,\,\,\,\,2024
Utilitário Esportivo Grande 4x4,VOLVO,XC40,P8 RECHARGE,Elétrico,A,S,E,E,\,\,\,\,2024
Utilitário Esportivo Grande 4x4,VOLVO,EX40,8 CORE,Elétrico,A,S,E,E,\,\,\,\,2024
Utilitário Esportivo Grande 4x4,VOLVO,EX40,8 PLUS,Elétrico,A,S,E,E,\,\,\,\,2024
Utilitário Esportivo Grande 4x4,VOLVO,EX40,8 ULTRA,Elétrico,A,S,E,E,\,\,\,\,2024
Utilitário Esportivo Grande 4x4,VOLVO,EX40,PERF BLACK,Elétrico,A,S,E,E,\,\,\,\,2024
Utilitário Esportivo Grande 4x4,VOLVO,XC60,T8 MOMENTUM,2.0-16V,A-8,S,E,G,\,\,11.1,11.2,2024
Utilitário Esportivo Grande 4x4,VOLVO,XC60,T8 POLESTAR,2.0-16V,A-8,S,E,G,\,\,11.1,11.2,2024
Utilitário Esportivo Grande 4x4,VOLVO,XC60,T8 INSCRIPT,2.0-16V,A-8,S,E,G,\,\,11.1,11.2,2024
Utilitário Esportivo Grande 4x4,VOLVO,XC60,T8 R-DESIGN,2.0-16V,A-8,S,E,G,\,\,11.1,11.2,2024
Utilitário Esportivo Grande 4x4,VOLVO,XC60,INSC EXPRES,2.0-16V,A-8,S,E,G,\,\,11.1,11.2,2024
Utilitário Esportivo Grande 4x4,VOLVO,XC60,T8 ULT DARK,2.0-16V,A-8,S,E,G,\,\,11.1,11.2,2024
Utilitário Esportivo Grande 4x4,VOLVO,XC60,T8 ULTIMATE,2.0-16V,A-8,S,E,G,\,\,11.1,11.2,2024
Utilitário Esportivo Grande 4x4,VOLVO,XC60,T8 PLUS,2.0-16V,A-8,S,E,G,\,\,11.1,11.2,2024
Utilitário Esportivo Grande 4x4,VOLVO,XC60,T8 CORE,2.0-16V,A-8,S,E,G,\,\,11.1,11.2,2024
Utilitário Esportivo Grande 4x4,VOLVO,XC60 (MY25),INSC EXPRESS,2.0-16V,A,S,E,G,\,\,9.5,9.4,2024
Utilitário Esportivo Grande 4x4,VOLVO,XC60 (MY25),T8 CORE,2.0-16V,A,S,E,G,\,\,9.5,9.4,2024
Utilitário Esportivo Grande 4x4,VOLVO,XC60 (MY25),T8 INSCRIPT,2.0-16V,A,S,E,G,\,\,9.5,9.4,2024
Utilitário Esportivo Grande 4x4,VOLVO,XC60 (MY25),T8 MOMENTUM,2.0-16V,A,S,E,G,\,\,9.5,9.4,2024
Utilitário Esportivo Grande 4x4,VOLVO,XC60 (MY25),T8 PLUS,2.0-16V,A,S,E,G,\,\,9.5,9.4,2024
Utilitário Esportivo Grande 4x4,VOLVO,XC60 (MY25),T8 POLESTAR,2.0-16V,A,S,E,G,\,\,9.5,9.4,2024
Utilitário Esportivo Grande 4x4,VOLVO,XC60 (MY25),T8 R-DESIGN,2.0-16V,A,S,E,G,\,\,9.5,9.4,2024
Utilitário Esportivo Grande 4x4,VOLVO,XC60 (MY25),T8 ULT DARK,2.0-16V,A,S,E,G,\,\,9.5,9.4,2024
Utilitário Esportivo Grande 4x4,VOLVO,XC60 (MY25),T8 ULTIMATE,2.0-16V,A,S,E,G,\,\,9.5,9.4,2024
Utilitário Esportivo Grande 4x4,VOLVO,XC60 (MY25),T8 ULTRA,2.0-16V,A,S,E,G,\,\,9.5,9.4,2024
Utilitário Esportivo Grande 4x4,VOLVO,XC90,INSC EXPRES,2.0-16V,A-8,S,E,G,\,\,10.3,10.3,2024
Utilitário Esportivo Grande 4x4,VOLVO,XC90,T8 EXCELLEN,2.0-16V,A-8,S,E,G,\,\,10.3,10.3,2024
Utilitário Esportivo Grande 4x4,VOLVO,XC90,IT8 INSCRIPT,2.0-16V,A-8,S,E,G,\,\,10.3,10.3,2024
Utilitário Esportivo Grande 4x4,VOLVO,XC90,T8 MOMENTUM,2.0-16V,A-8,S,E,G,\,\,10.3,10.3,2024
,,,,,"Manual (M)
Automática (A)
Automática Dupla
Embreagem (DCT)
Automatizada
(MTA)
Contínua (CVT)","Sim
(S)
Não
(N)","Hidráulica
(H)
Mecânica
(M)
Elétrica
(E)
Eletro-hidráulica
(E-H)","Elétrico
(E)
Gasolina
(G)
Flex
(F)
Diesel
(D)",,,,,2024
,,,,,,,,,Etanol,,"Gasolina
ou
Diesel",,2024
,,,,,,,,,"Cidade
(km/l)","Estrada
(km/l)","Cidade
(km/l)","Estrada
(km/l)",2024
Utilitário Esportivo Grande 4x4,VOLVO,XC90,T8 POLESTAR,2.0-16V,A-8,S,E,G,\,\,10.3,10.3,2024
Utilitário Esportivo Grande 4x4,VOLVO,XC90,T8 R-DESIGN,2.0-16V,A-8,S,E,G,\,\,10.3,10.3,2024
Utilitário Esportivo Grande 4x4,VOLVO,XC90,T8 ULT DARK,2.0-16V,A-8,S,E,G,\,\,10.3,10.3,2024
Utilitário Esportivo Grande 4x4,VOLVO,XC90,T8 ULTIMATE,2.0-16V,A-8,S,E,G,\,\,10.3,10.3,2024
Utilitário Esportivo Grande 4x4,VOLVO,XC90,T8 PLUS,2.0-16V,A-8,S,E,G,\,\,10.3,10.3,2024
Utilitário Esportivo Grande 4x4,VOLVO,XC90,T8 CORE,2.0-16V,A-8,S,E,G,\,\,10.3,10.3,2024
Utilitário Esportivo Grande 4x4,VOLVO,XC90 (MY25),INSC EXPRESS,2.0-16V,A,S,E,G,\,\,9.4,9.3,2024
Utilitário Esportivo Grande 4x4,VOLVO,XC90 (MY25),T8 CORE,2.0-16V,A,S,E,G,\,\,9.4,9.3,2024
Utilitário Esportivo Grande 4x4,VOLVO,XC90 (MY25),T8 EXCELLEN,2.0-16V,A,S,E,G,\,\,9.4,9.3,2024
Utilitário Esportivo Grande 4x4,VOLVO,XC90 (MY25),T8 INSCRIPT,2.0-16V,A,S,E,G,\,\,9.4,9.3,2024
Utilitário Esportivo Grande 4x4,VOLVO,XC90 (MY25),T8 MOMENTUM,2.0-16V,A,S,E,G,\,\,9.4,9.3,2024
Utilitário Esportivo Grande 4x4,VOLVO,XC90 (MY25),T8 PLUS,2.0-16V,A,S,E,G,\,\,9.4,9.3,2024
Utilitário Esportivo Grande 4x4,VOLVO,XC90 (MY25),T8 POLESTAR,2.0-16V,A,S,E,G,\,\,9.4,9.3,2024
Utilitário Esportivo Grande 4x4,VOLVO,XC90 (MY25),T8 R-DESIGN,2.0-16V,A,S,E,G,\,\,9.4,9.3,2024
Utilitário Esportivo Grande 4x4,VOLVO,XC90 (MY25),T8 ULT DARK,2.0-16V,A,S,E,G,\,\,9.4,9.3,2024
Utilitário Esportivo Grande 4x4,VOLVO,XC90 (MY25),T8 ULTIMATE,2.0-16V,A,S,E,G,\,\,9.4,9.3,2024
Utilitário Esportivo Grande 4x4,VOLVO,XC90 (MY25),T8 ULTRA,2.0-16V,A,S,E,G,\,\,9.4,9.3,2024
Utilitário Esportivo Grande 4x4,ZEEKR,X,Flagship,Elétrico,A,S,E,E,\,\,\,\,2024
Fora de Estrada Compacto,JEEP,RENEGADE,S T2704X4,1.3-16V T,A-9,S,E,F,6.4,7.6,9.0,10.8,2024
Fora de Estrada Compacto,JEEP,RENEGADE,TH T2704X4,1.3-16V T,A-9,S,E,F,6.4,7.6,9.0,10.8,2024
Fora de Estrada Compacto,JEEP,RENEGADE,S T2704X4T,1.3-16V T,A-9,S,E,F,6.4,7.6,9.0,10.8,2024
Fora de Estrada Compacto,JEEP,RENEGADE,TRAIL 4x4,1.3-16V T,A-9,S,E,F,6.4,7.6,9.0,10.8,2024
Fora de Estrada Compacto,JEEP,RENEGADE,WILLYS 4x4,1.3-16V T,A-9,S,E,F,6.2,7.2,8.9,10.0,2024
Fora de Estrada Compacto,SUZUKI,JIMNY SIERRA,4YOU ALLGRIP,1.5-16V,A - 4,S,E,G,\,\,10.6,10.8,2024
Fora de Estrada Compacto,SUZUKI,JIMNY SIERRA,4 SPORT ALLGRIP,1.5-16V,A - 4,S,E,G,\,\,10.6,10.8,2024
Fora de Estrada Compacto,SUZUKI,JIMNY SIERRA,4YOU ALLGRIP,1.5-16V,M - 5,S,E,G,\,\,10.9,11.9,2024
Fora de Estrada Compacto,SUZUKI,JIMNY SIERRA,4 STYLE ALLGRIP,1.5-16V,A - 4,S,E,G,\,\,10.1,9.7,2024
Fora de Estrada Compacto,SUZUKI,JIMNY SIERRA,4 EXPEDITION ALLGRIP,1.5-16V,A - 4,S,E,G,\,\,9.5,9.1,2024
Fora de Estrada Compacto,SUZUKI,JIMNY SIERRA,4YOU PLUS ALLGRIP,1.5-16V,A - 4,S,E,G,\,\,10.6,10.8,2024
Fora de Estrada Grande,CHEVROLET,TRAILBLAZER,LT D4A,2.8 - 16V,A-6,S,E,D,\,\,8.2,10.3,2024
Fora de Estrada Grande,CHEVROLET,TRAILBLAZER,PRE D4A,2.8 - 16V,A-6,S,E,D,\,\,8.2,10.3,2024
Fora de Estrada Grande,CHEVROLET,TRAILBLAZER,LT D4A (MY25.5),2.8 - 16V,A-8,S,E,D,\,\,9.5,11.6,2024
Fora de Estrada Grande,CHEVROLET,TRAILBLAZER,HC D4A (MY25.5),2.8 - 16V,A-8,S,E,D,\,\,9.5,11.6,2024
Fora de Estrada Grande,CHEVROLET,TRAILBLAZER,HC D4A (MY25),2.8 - 16V,A-8,S,E,D,\,\,9.2,11.2,2024
Fora de Estrada Grande,CHEVROLET,TRAILBLAZER,LT D4A (MY25),2.8 - 16V,A-8,S,E,D,\,\,9.2,11.2,2024
Fora de Estrada Grande,FORD,Bronco Sport,Wildtrak,2.0 - 16V,A-8,S,E,G,\,\,8.6,10.5,2024
Fora de Estrada Grande,JEEP,G CHEROKEE,4XE,2.0-16V T,A-8,S,E,G,\,\,8.3,9.1,2024
Fora de Estrada Grande,JEEP,COMPASS,TRAILHAWK TD,2.0 T,A-9,S,E,D,\,\,10.5,13.3,2024
Fora de Estrada Grande,JEEP,COMPASS,LIMITED TD,2.0 T,A-9,S,E,D,\,\,10.6,13.6,2024
Fora de Estrada Grande,JEEP,COMPASS,LONGITUDE TD,2.0 T,A-9,S,E,D,\,\,10.6,13.6,2024
Fora de Estrada Grande,JEEP,COMPASS,SPORT TD,2.0 T,A-9,S,E,D,\,\,10.6,13.6,2024
Fora de Estrada Grande,JEEP,COMPASS,LIMIT D 4X4,2.0-16V T,A-9,S,E,D,\,\,10.6,13.6,2024
Fora de Estrada Grande,JEEP,COMPASS,BLACKHAWK 2.0T,2.0-16V T,A-9,S,E,G,\,\,8.3,11.0,2024
Fora de Estrada Grande,JEEP,COMPASS,LONGIT 2.0T,2.0-16V T,A-9,S,E,G,\,\,8.3,11.0,2024
Fora de Estrada Grande,JEEP,COMPASS,OVERLA 2.0T,2.0-16V T,A-9,S,E,G,\,\,8.3,11.0,2024
Fora de Estrada Grande,JEEP,COMMANDER,OVERLAND TD380,2.0 T,A-9,S,E,D,\,\,10.2,13.2,2024
Fora de Estrada Grande,JEEP,COMMANDER,LIMITED TD380,2.0 T,A-9,S,E,D,\,\,10.2,13.2,2024
Fora de Estrada Grande,JEEP,COMMANDER,BLACKHAWK,2.0-16V T,A-9,S,E,G,\,\,8.0,10.2,2024
Fora de Estrada Grande,JEEP,COMMANDER,OVR T 2.0,2.0-16V T,A-9,S,E,G,\,\,8.0,10.2,2024
Fora de Estrada Grande,JEEP,WRANGLER,UNLIMITED SAHARA,2.0-16V T,A-8,S,E-H,G,\,\,7.9,8.8,2024
Fora de Estrada Grande,JEEP,WRANGLER,UNLIMITED RUBICON,2.0-16V T,A-8,S,E-H,G,\,\,7.5,8.2,2024
Fora de Estrada Grande,JEEP,WRANGLER,UNL SAHA (CY 24),2.0-16V T,A-8,S,E-H,G,\,\,7.8,8.6,2024
Fora de Estrada Grande,JEEP,WRANGLER,UNL RUBI (CY 24),2.0-16V T,A-8,S,E-H,G,\,\,7.1,7.3,2024
Fora de Estrada Grande,LAND ROVER,DEFENDER 90,-,3.0-24V,A-8,S,E,D,\,\,9.2,10.8,2024
Fora de Estrada Grande,LAND ROVER,DEFENDER 90,S,3.0-24V,A-8,S,E,D,\,\,9.2,10.8,2024
Fora de Estrada Grande,LAND ROVER,DEFENDER 90,SE,3.0-24V,A-8,S,E,D,\,\,9.2,10.8,2024
Fora de Estrada Grande,LAND ROVER,DEFENDER 90,HSE,3.0-24V,A-8,S,E,D,\,\,9.2,10.8,2024
Fora de Estrada Grande,LAND ROVER,DEFENDER 90,SE XD,3.0-24V,A-8,S,E,D,\,\,9.2,10.8,2024
Fora de Estrada Grande,LAND ROVER,DEFENDER 90,HSE XD,3.0-24V,A-8,S,E,D,\,\,9.2,10.8,2024
Fora de Estrada Grande,LAND ROVER,DEFENDER 90 D350,HSE,3.0-24V,A-8,S,E,D,\,\,9.1,10.6,2024
Fora de Estrada Grande,LAND ROVER,DEFENDER 90 D350,HSE XD,3.0-24V,A-8,S,E,D,\,\,9.1,10.6,2024
Fora de Estrada Grande,LAND ROVER,DEFENDER 110,-,3.0-24V,A-8,S,E,D,\,\,9.9,11.4,2024
Fora de Estrada Grande,LAND ROVER,DEFENDER 110,7L,3.0-24V,A-8,S,E,D,\,\,9.9,11.4,2024
Fora de Estrada Grande,LAND ROVER,DEFENDER 110,SE,3.0-24V,A-8,S,E,D,\,\,9.9,11.4,2024
Fora de Estrada Grande,LAND ROVER,DEFENDER 110,SE 7L,3.0-24V,A-8,S,E,D,\,\,9.9,11.4,2024
Fora de Estrada Grande,LAND ROVER,DEFENDER 110,SE XD,3.0-24V,A-8,S,E,D,\,\,9.9,11.4,2024
Fora de Estrada Grande,LAND ROVER,DEFENDER 110,SE XD 7L,3.0-24V,A-8,S,E,D,\,\,9.9,11.4,2024
Fora de Estrada Grande,LAND ROVER,DEFENDER 110,HSE,3.0-24V,A-8,S,E,D,\,\,9.9,11.4,2024
Fora de Estrada Grande,LAND ROVER,DEFENDER 110,HSE 7L,3.0-24V,A-8,S,E,D,\,\,9.9,11.4,2024
Fora de Estrada Grande,LAND ROVER,DEFENDER 110,HSE XD,3.0-24V,A-8,S,E,D,\,\,9.9,11.4,2024
Fora de Estrada Grande,LAND ROVER,DEFENDER 110,HSE XD 7L,3.0-24V,A-8,S,E,D,\,\,9.9,11.4,2024
Fora de Estrada Grande,LAND ROVER,DEFENDER 110,X,3.0-24V,A-8,S,E,D,\,\,9.9,11.4,2024
Fora de Estrada Grande,LAND ROVER,DEFENDER 110,X 7L,3.0-24V,A-8,S,E,D,\,\,9.9,11.4,2024
Fora de Estrada Grande,LAND ROVER,DEFENDER 110,LE75TH,3.0-24V,A-8,S,E,D,\,\,9.9,11.4,2024
Fora de Estrada Grande,LAND ROVER,DEFENDER 110,S XD,3.0-24V,A-8,S,E,D,\,\,9.9,11.4,2024
Fora de Estrada Grande,LAND ROVER,DEFENDER 110,S XD 7L,3.0-24V,A-8,S,E,D,\,\,9.9,11.4,2024
Fora de Estrada Grande,LAND ROVER,DEFENDER 110,PHEV HSE XD,2.0-16V,A-8,S,E,G,\,\,7.7,7.9,2024
Fora de Estrada Grande,LAND ROVER,DEFENDER 110,PHEV X,2.0-16V,A-8,S,E,G,\,\,7.7,7.9,2024
,,,,,"Manual (M)
Automática (A)
Automática Dupla
Embreagem (DCT)
Automatizada
(MTA)
Contínua (CVT)","Sim
(S)
Não
(N)","Hidráulica
(H)
Mecânica
(M)
Elétrica
(E)
Eletro-hidráulica
(E-H)","Elétrico
(E)
Gasolina
(G)
Flex
(F)
Diesel
(D)",,,,,2024
,,,,,,,,,Etanol,,"Gasolina
ou
Diesel",,2024
,,,,,,,,,"Cidade
(km/l)","Estrada
(km/l)","Cidade
(km/l)","Estrada
(km/l)",2024
Fora de Estrada Grande,LAND ROVER,DEFENDER 110 D350,HSE XD,3.0-24V,A-8,S,E,D,\,\,9.1,10.6,2024
Fora de Estrada Grande,LAND ROVER,DEFENDER 110 D350,HSEXD 7L,3.0-24V,A-8,S,E,D,\,\,9.1,10.6,2024
Fora de Estrada Grande,LAND ROVER,DEFENDER 110 D350,X,3.0-24V,A-8,S,E,D,\,\,9.1,10.6,2024
Fora de Estrada Grande,LAND ROVER,DEFENDER 110 D350,X 7L,3.0-24V,A-8,S,E,D,\,\,9.1,10.6,2024
Fora de Estrada Grande,LAND ROVER,DEFENDER 130,S,3.0-24V,A-8,S,E,D,\,\,9.5,10.3,2024
Fora de Estrada Grande,LAND ROVER,DEFENDER 130,SE,3.0-24V,A-8,S,E,D,\,\,9.5,10.3,2024
Fora de Estrada Grande,LAND ROVER,DEFENDER 130,HSE,3.0-24V,A-8,S,E,D,\,\,9.5,10.3,2024
Fora de Estrada Grande,LAND ROVER,DEFENDER 130,S XD,3.0-24V,A-8,S,E,D,\,\,9.5,10.3,2024
Fora de Estrada Grande,LAND ROVER,DEFENDER 130,SE XD,3.0-24V,A-8,S,E,D,\,\,9.5,10.3,2024
Fora de Estrada Grande,LAND ROVER,DEFENDER 130,HSE XD,3.0-24V,A-8,S,E,D,\,\,9.5,10.3,2024
Fora de Estrada Grande,LAND ROVER,DEFENDER 130,X,3.0-24V,A-8,S,E,D,\,\,9.5,10.3,2024
Fora de Estrada Grande,LAND ROVER,DEFENDER 130,LE,3.0-24V,A-8,S,E,D,\,\,9.5,10.3,2024
Fora de Estrada Grande,LAND ROVER,DEFENDER 130,OB,3.0-24V,A-8,S,E,D,\,\,9.5,10.3,2024
Fora de Estrada Grande,LAND ROVER,DEFENDER 130 D350,X,3.0-24V,A-8,S,E,D,\,\,9.2,10.9,2024
Fora de Estrada Grande,LAND ROVER,DEFENDER 130 D350,X7L,3.0-24V,A-8,S,E,D,\,\,9.2,10.9,2024
Fora de Estrada Grande,LAND ROVER,DISCOVERY,D300 LE,3.0-24V,A-8,S,E,D,\,\,9.5,11.4,2024
Fora de Estrada Grande,LAND ROVER,DISCOVERY,D300 HSED,3.0-24V,A-8,S,E,D,\,\,9.5,11.4,2024
Fora de Estrada Grande,LAND ROVER,DISCOVERY,D350 LE,3.0-24V,A-8,S,E,D,\,\,9.5,11.8,2024
Fora de Estrada Grande,LAND ROVER,DISCOVERY,D350 HSED,3.0-24V,A-8,S,E,D,\,\,9.5,11.8,2024
Fora de Estrada Grande,LAND ROVER,DISCOVERY SPORT,P250FF SED7L,2.0-16V,A-9,S,E,F,4.9,6.2,7.0,8.6,2024
Fora de Estrada Grande,LAND ROVER,DISCOVERY SPORT,P250FF S,2.0-16V,A-9,S,E,F,4.9,6.2,7.0,8.6,2024
Fora de Estrada Grande,LAND ROVER,DISCOVERY SPORT,P250FF S 7L,2.0-16V,A-9,S,E,F,4.9,6.2,7.0,8.6,2024
Fora de Estrada Grande,LAND ROVER,DISCOVERY SPORT,P250FF SE D,2.0-16V,A-9,S,E,F,4.9,6.2,7.0,8.6,2024
Fora de Estrada Grande,LAND ROVER,DISCOVERY SPORT,D200 S,2.0-16V,A-9,S,E,D,\,\,10.7,12.9,2024
Fora de Estrada Grande,LAND ROVER,DISCOVERY SPORT,D200 SE D,2.0-16V,A-9,S,E,D,\,\,10.7,12.9,2024
Fora de Estrada Grande,LAND ROVER,DISCOVERY SPORT,D200 SE D 7L,2.0-16V,A-9,S,E,D,\,\,10.7,12.9,2024
Fora de Estrada Grande,LAND ROVER,DISCOVERY SPORT,D200 S 7L,2.0-16V,A-9,S,E,D,\,\,10.7,12.9,2024
Fora de Estrada Grande,LAND ROVER,EVOQUE,P250FF HSE D,2.0-16V,A-9,S,E,F,5.4,7.1,8.2,10.4,2024
Fora de Estrada Grande,LAND ROVER,EVOQUE,P250FF S,2.0-16V,A-9,S,E,F,5.4,7.1,8.2,10.4,2024
Fora de Estrada Grande,LAND ROVER,RANGE ROVER,D350,3.0-24V,A-8,S,E,D,\,\,9.5,11.3,2024
Fora de Estrada Grande,LAND ROVER,RANGE ROVER,D350 AB,3.0-24V,A-8,S,E,D,\,\,9.5,11.3,2024
Fora de Estrada Grande,LAND ROVER,RANGE ROVER,D350 HSE,3.0-24V,A-8,S,E,D,\,\,9.5,11.3,2024
Fora de Estrada Grande,LAND ROVER,RANGE ROVER,D350 LE,3.0-24V,A-8,S,E,D,\,\,9.5,11.3,2024
Fora de Estrada Grande,LAND ROVER,RANGE ROVER,D350 SE,3.0-24V,A-8,S,E,D,\,\,9.5,11.3,2024
Fora de Estrada Grande,LAND ROVER,RANGE ROVER,D350 SV,3.0-24V,A-8,S,E,D,\,\,9.5,11.3,2024
Fora de Estrada Grande,LAND ROVER,RANGE ROVER,PHEV STD,3.0-24V,A-8,S,E,G,\,\,6.8,8.3,2024
Fora de Estrada Grande,LAND ROVER,RANGE ROVER,PHEV SE,3.0-24V,A-8,S,E,G,\,\,6.8,8.3,2024
Fora de Estrada Grande,LAND ROVER,RANGE ROVER,PHEV HSE,3.0-24V,A-8,S,E,G,\,\,6.8,8.3,2024
Fora de Estrada Grande,LAND ROVER,RANGE ROVER,PHEV AB,3.0-24V,A-8,S,E,G,\,\,6.8,8.3,2024
Fora de Estrada Grande,LAND ROVER,RANGE ROVER,PHEV SV,3.0-24V,A-8,S,E,G,\,\,6.8,8.3,2024
Fora de Estrada Grande,LAND ROVER,RANGE ROVER,PHEV LE,3.0-24V,A-8,S,E,G,\,\,6.8,8.3,2024
Fora de Estrada Grande,LAND ROVER,RANGE ROVER,PHEV SV,3.0-24V,A-8,S,E,G,\,\,7.5,8.4,2024
Fora de Estrada Grande,LAND ROVER,RANGE ROVER,PHEV SE,3.0-24V,A-8,S,E,G,\,\,7.5,8.4,2024
Fora de Estrada Grande,LAND ROVER,RANGE ROVER,PHEV HSE,3.0-24V,A-8,S,E,G,\,\,7.5,8.4,2024
Fora de Estrada Grande,LAND ROVER,RANGE ROVER,PHEV AB,3.0-24V,A-8,S,E,G,\,\,7.5,8.4,2024
Fora de Estrada Grande,LAND ROVER,RANGE ROVER SPORT,D350 AB,3.0-24V,A-8,S,E,D,\,\,9.1,11.6,2024
Fora de Estrada Grande,LAND ROVER,RANGE ROVER SPORT,D350 HSED,3.0-24V,A-8,S,E,D,\,\,9.1,11.6,2024
Fora de Estrada Grande,LAND ROVER,RANGE ROVER SPORT,D350 LE,3.0-24V,A-8,S,E,D,\,\,9.1,11.6,2024
Fora de Estrada Grande,LAND ROVER,RANGE ROVER SPORT,D350 S,3.0-24V,A-8,S,E,D,\,\,9.1,11.6,2024
Fora de Estrada Grande,LAND ROVER,RANGE ROVER SPORT,D350 SD,3.0-24V,A-8,S,E,D,\,\,9.1,11.6,2024
Fora de Estrada Grande,LAND ROVER,RANGE ROVER SPORT,D350 SE,3.0-24V,A-8,S,E,D,\,\,9.1,11.6,2024
Fora de Estrada Grande,LAND ROVER,RANGE ROVER SPORT,D350 SED,3.0-24V,A-8,S,E,D,\,\,9.1,11.6,2024
Fora de Estrada Grande,LAND ROVER,RANGE ROVER SPORT,PHEV S,3.0-24V,A-8,S,E,G,\,\,7.5,8.4,2024
Fora de Estrada Grande,LAND ROVER,RANGE ROVER SPORT,PHEV SE,3.0-24V,A-8,S,E,G,\,\,7.5,8.4,2024
Fora de Estrada Grande,LAND ROVER,RANGE ROVER SPORT,PHEV SED,3.0-24V,A-8,S,E,G,\,\,7.5,8.4,2024
Fora de Estrada Grande,LAND ROVER,RANGE ROVER SPORT,PHEV HSED,3.0-24V,A-8,S,E,G,\,\,7.5,8.4,2024
Fora de Estrada Grande,LAND ROVER,RANGE ROVER SPORT,PHEV AB,3.0-24V,A-8,S,E,G,\,\,7.5,8.4,2024
Fora de Estrada Grande,LAND ROVER,RANGE ROVER SPORT,PHEV S,3.0-24V,A-8,S,E,G,\,\,6.8,8.3,2024
Fora de Estrada Grande,LAND ROVER,RANGE ROVER SPORT,PHEV SD,3.0-24V,A-8,S,E,G,\,\,6.8,8.3,2024
Fora de Estrada Grande,LAND ROVER,RANGE ROVER SPORT,PHEV SE,3.0-24V,A-8,S,E,G,\,\,6.8,8.3,2024
Fora de Estrada Grande,LAND ROVER,RANGE ROVER SPORT,PHEV SED,3.0-24V,A-8,S,E,G,\,\,6.8,8.3,2024
Fora de Estrada Grande,LAND ROVER,RANGE ROVER SPORT,PHEV HSED,3.0-24V,A-8,S,E,G,\,\,6.8,8.3,2024
Fora de Estrada Grande,LAND ROVER,RANGE ROVER SPORT,PHEV AB,3.0-24V,A-8,S,E,G,\,\,6.8,8.3,2024
Fora de Estrada Grande,LAND ROVER,RANGE ROVER SPORT,PHEV LE,3.0-24V,A-8,S,E,G,\,\,6.8,8.3,2024
Fora de Estrada Grande,LAND ROVER,VELAR,P340,3.0-24V,A-8,S,E,G,\,\,7.8,9.9,2024
Fora de Estrada Grande,LAND ROVER,VELAR,P340 SE,3.0-24V,A-8,S,E,G,\,\,7.8,9.9,2024
Fora de Estrada Grande,LAND ROVER,VELAR,P340 SE RDYN,3.0-24V,A-8,S,E,G,\,\,7.8,9.9,2024
Fora de Estrada Grande,LAND ROVER,VELAR,P340 HSE RDYN,3.0-24V,A-8,S,E,G,\,\,7.8,9.9,2024
Fora de Estrada Grande,LAND ROVER,VELAR,PHEV SE RDYN,2.0-16V,A-8,S,E,G,\,\,7.9,9.0,2024
Fora de Estrada Grande,LAND ROVER,VELAR,PHEV HSE RDYN,2.0-16V,A-8,S,E,G,\,\,7.9,9.0,2024
Fora de Estrada Grande,LAND ROVER,VELAR,PHEVS,2.0-16V,A-8,S,E,G,\,\,7.9,9.0,2024
Fora de Estrada Grande,LAND ROVER,VELAR,PHEV SE DYN,2.0-16V,A-8,S,E,G,\,\,7.9,9.0,2024
Fora de Estrada Grande,LAND ROVER,VELAR,PHEV HSE DYN,2.0-16V,A-8,S,E,G,\,\,7.9,9.0,2024
Fora de Estrada Grande,LAND ROVER,VELAR,PHEVS,2.0-16V,A-8,S,E,G,\,\,7.8,9.0,2024
Fora de Estrada Grande,LAND ROVER,VELAR,PHEV SE DYN,2.0-16V,A-8,S,E,G,\,\,7.8,9.0,2024
Fora de Estrada Grande,LAND ROVER,VELAR,PHEV HSE DYN,2.0-16V,A-8,S,E,G,\,\,7.8,9.0,2024
Fora de Estrada Grande,LAND ROVER,VELAR,PHEV HSED,2.0-16V,A-8,S,E,G,\,\,8.3,9.3,2024
,,,,,,,,,,,,,2024
,,,,,,,,,,,,,2024
,,,,,,,,,,,,,2024
,,,,,,,,,,,,,2024
,,,,,,,,,,,,,2024
,,,,,,,,,,,,,2024
,,,,,,,,,,,,,2024
,,,,,,,,,,,,,2024
,,,,,,,,,,,,,2024
,,,,,,,,,,,,,2024
,,,,,,,,,,,,,2024
,,,,,,,,,,,,,2024
,,,,,,,,,,,,,2024
,,,,,,,,,,,,,2024
,,,,,,,,,,,,,2024
,,,,,,,,,,,,,2024
,,,,,,,,,,,,,2024
,,,,,,,,,,,,,2024
,,,,,,,,,,,,,2024
,,,,,,,,,,,,,2024
,,,,,,,,,,,,,2024
,,,,,,,,,,,,,2024
,,,,,,,,,,,,,2024
,,,,,,,,,,,,,2024
,,,,,,,,,,,,,2024
,,,,,,,,,,,,,2024
,,,,,,,,,,,,,2024
,,,,,,,,,,,,,2024
,,,,,,,,,,,,,2024
,,,,,,,,,,,,,2024
,,,,,,,,,,,,,2024
,,,,,,,,,,,,,2024
,,,,,,,,,,,,,2024
,,,,,,,,,,,,,2024
,,,,,,,,,,,,,2024
,,,,,,,,,,,,,2024
,,,,,,,,,,,,,2024
,,,,,,,,,,,,,2024
,,,,,,,,,,,,,2024
,,,,,,,,,,,,,2024
,,,,,,,,,,,,,2024
,,,,,,,,,,,,,2024
,,,,,,,,,,,,,2024
,,,,,,,,,,,,,2024
,,,,,,,,,,,,,2024
,,,,,,,,,,,,,2024
,,,,,,,,,,,,,2024
,,,,,,,,,,,,,2024
,,,,,,,,,,,,,2024
,,,,,,"Sim
(S)
Não
(N)","Hidráulica
(H)
Mecânica
(M)
Elétrica
(E)
Eletro-hidráulica
(E-H)","Elétrico
(E)
Gasolina
(G)
Flex
(F)
Diesel
(D)",,,,,2024
,,,,,,,,,Etanol,,"Gasolina
ou
Diesel",,2024
,,,,,,,,,"Cidade
(km/l)","Estrada
(km/l)","Cidade
(km/l)","Estrada
(km/l)",2024
Comercial,JAC,EJV5.5,CARGO,Elétrico,,S,E,E,\,\,\,\,2024
Comercial,KIA,BONGO K2500 4X4 SC,HD SC 4WD,2.5 - 16V,,S,H,D,\,\,9.2,8.6,2024
Comercial,KIA,BONGO K2500 4X4,HD 4WD,2.5 - 16V,,S,H,D,\,\,8.8,8.4,2024
Comercial,Mercedes-Benz,315CDI STREET,Furgão,2.0-16V,,S,H,D,\,\,10.3,11.8,2024
Comercial,Mercedes-Benz,315CDI STREET,Chassi,2.0-16V,,S,H,D,\,\,10.3,11.8,2024
Comercial,Mercedes-Benz,320 ESPRINTER,F,Elétrico,,S,E,E,\,\,\,\,2024
Comercial,Mercedes-Benz,320 ESPRINTER,C,Elétrico,,S,E,E,\,\,\,\,2024
Comercial,NISSAN,Townstar,EV,Elétrico,,S,E,E,\,\,\,\,2024
Comercial,PEUGEOT,EXPERT,CARGO,1.5 T,,S,E,D,\,\,11.9,11.9,2024
Comercial,PEUGEOT,EXPERT,VITRE,1.5 T,,S,E,D,\,\,11.9,11.9,2024
Comercial,PEUGEOT,EXPERT,CARGO (MY24),1.5 T,,S,E-H,D,\,\,12.4,11.9,2024
Comercial,PEUGEOT,E-EXPERT,CARGO,Elétrico,,S,E-H,E,\,\,\,\,2024
Comercial,PEUGEOT,PARTNER RAPID,BUSIPK,1.4-8V,,S,H,F,8.1,8.4,11.7,12.4,2024
Comercial,PEUGEOT,PARTNER RAPID,BUSIPK (MY25),1.4-8V,,S,H,F,7.7,8.6,11.1,12.3,2024
Comercial,PEUGEOT,BOXER,CARGO L2,2.2 T,,S,H,D,\,\,10.0,9.9,2024
Comercial,PEUGEOT,BOXER,CARGO PK,2.2 T,,S,H,D,\,\,10.0,9.9,2024
Comercial,PEUGEOT,BOXER,FURGAOPK,2.2 T,,S,H,D,\,\,10.0,9.9,2024
Comercial,PEUGEOT,BOXER,VIDRADA,2.2 T,,S,H,D,\,\,10.0,9.8,2024
Comercial,PEUGEOT,BOXER,16L LUXO,2.2 T,,S,H,D,\,\,9.5,9.3,2024
Comercial,PEUGEOT,BOXER,MB EXE17,2.2 T,,S,H,D,\,\,9.5,9.3,2024
Comercial,PEUGEOT,BOXER,MB CFT20,2.2 T,,S,H,D,\,\,9.5,9.3,2024
Comercial,PEUGEOT,BOXER,MB CFT19,2.2 T,,S,H,D,\,\,9.5,9.3,2024
Comercial,PEUGEOT,BOXER,16L LUXO (MY25),2.2 T,,S,H,D,\,\,9.3,9.1,2024
Comercial,PEUGEOT,BOXER,MB EXE17 (MY25),2.2 T,,S,H,D,\,\,9.3,9.1,2024
Comercial,PEUGEOT,BOXER,MB CFT19 (MY25),2.2 T,,S,H,D,\,\,9.3,9.1,2024
Comercial,PEUGEOT,BOXER,CARGO PK (MY25),2.2 T,,S,H,D,\,\,10.0,9.7,2024
Comercial,PEUGEOT,BOXER,CARGO L2 (MY25),2.2 T,,S,H,D,\,\,10.0,9.7,2024
Comercial,PEUGEOT,BOXER,FURGAOPK (MY25),2.2 T,,S,H,D,\,\,10.0,9.7,2024
Comercial,PEUGEOT,BOXER,VIDRADA (MY 25),2.2 T,,S,H,D,\,\,10.3,10.3,2024
Comercial,Renault,Master Bus,Minibus,2.3-16V,,S,E -H,D,\,\,9.5,9.1,2024
Comercial,Renault,Master Chassis Cabine,Chassis Cabine,2.3-16V,,S,E -H,D,\,\,10.3,9.3,2024
Comercial,Renault,Master PRO Furgão,Furgão Pró Tolé L1H1/L2H2/L3H2/Vitré,2.3-16V,,S,E -H,D,\,\,10.1,9.8,2024
Comercial,Renault,Master Furgão,Furgão,2.3-16V,,S,E -H,D,\,\,10.1,9.8,2024
Comercial,Renault,Kangoo,ETECHL2,Elétrico,,S,E,E,\,\,\,\,2024
Comercial,Renault,Kangoo,EX PRO,1.6 16V,,S,E-H,F,7.5,8.0,11.3,11.8,2024
Comercial,Renault,E-KWID,CARGO,Elétrico,,S,E,E,\,\,\,\,2024
,,,,,,"Sim
(S)
Não
(N)","Hidráulica
(H)
Mecânica
(M)
Elétrica
(E)
Eletro-hidráulica
(E-H)","Elétrico
(E)
Gasolina
(G)
Flex
(F)
Diesel
(D)",,,,,2024
,,,,,,,,,Etanol,,"Gasolina
ou",,2024
,,,,,,,,,"Cidade
(km/l)","Estrada
(km/l)","Cidade
(km/l)","Estrada
(km/l)",2024
Picape,BYD,SHARK,GL DM / GS DM,1.5-16V,,S,E,E,\,\,9.5,7.7,2024
Picape,CHEVROLET,S10,HC DD4A,2.8 - 16V,,S,E,D,\,\,8.4,10.4,2024
Picape,CHEVROLET,S10,LT DD4A,2.8 - 16V,,S,E,D,\,\,8.6,10.9,2024
Picape,CHEVROLET,S10,LTZ DD4A,2.8 - 16V,,S,E,D,\,\,8.6,10.9,2024
Picape,CHEVROLET,S10,MID DD4A,2.8 - 16V,,S,E,D,\,\,8.6,10.9,2024
Picape,CHEVROLET,S10,LS DS4,2.8 - 16V,,S,E,D,\,\,9.4,10.6,2024
Picape,CHEVROLET,S10,LS DS4C,2.8 - 16V,,S,E,D,\,\,9.4,10.6,2024
Picape,CHEVROLET,S10,LS DD4,2.8 - 16V,,S,E,D,\,\,9.3,10.8,2024
Picape,CHEVROLET,S10,LT DD4,2.8 - 16V,,S,E,D,\,\,9.3,10.8,2024
Picape,CHEVROLET,S10,Z71,2.8 - 16V,,S,E,D,\,\,8.3,10.0,2024
Picape,CHEVROLET,S10,WT DS4 (MY25.5),2.8 - 16V,,S,E,D,\,\,10.3,11.3,2024
Picape,CHEVROLET,S10,WT DS4C (MY25.5),2.8 - 16V,,S,E,D,\,\,10.3,11.3,2024
Picape,CHEVROLET,S10,WT DD4 (MY25.5),2.8 - 16V,,S,E,D,\,\,10.2,11.4,2024
Picape,CHEVROLET,S10,WT DD4A (MY25.5),2.8 - 16V,,S,E,D,\,\,8.9,12.0,2024
Picape,CHEVROLET,S10,LTZ DD4A (MY25.5),2.8 - 16V,,S,E,D,\,\,8.9,12.0,2024
Picape,CHEVROLET,S10,HC DD4A (MY25.5),2.8 - 16V,,S,E,D,\,\,8.9,12.0,2024
Picape,CHEVROLET,S10,Z71 (MY25.5),2.8 - 16V,,S,E,D,\,\,8.4,11.1,2024
Picape,CHEVROLET,S10,HC DD4A (MY25),2.8 - 16V,,S,E,D,\,\,9.5,11.4,2024
Picape,CHEVROLET,S10,LTZ DD4A (MY25),2.8 - 16V,,S,E,D,\,\,9.5,11.4,2024
Picape,CHEVROLET,S10,WT DD4A (MY25),2.8 - 16V,,S,E,D,\,\,9.5,11.4,2024
Picape,CHEVROLET,S10,WT DD4 (MY25),2.8 - 16V,,S,E,D,\,\,10.3,11.1,2024
Picape,CHEVROLET,S10,WT DS4 (MY25),2.8 - 16V,,S,E,D,\,\,10.3,11.1,2024
Picape,CHEVROLET,S10,WT DS4C (MY25),2.8 - 16V,,S,E,D,\,\,10.3,11.1,2024
Picape,CHEVROLET,S10,Z71 (MY25),2.8 - 16V,,S,E,D,\,\,9.1,10.6,2024
Picape,CHEVROLET,SILVERADO,HC,5.3 V8,,S,E,G,\,\,6.0,7.2,2024
Picape,FIAT,TORO,ENDUR T270 AT6,1.3-16V T,,S,E,F,6.8,8.2,9.6,11.6,2024
Picape,FIAT,TORO,FREED T270 AT6,1.3-16V T,,S,E,F,6.6,7.9,9.2,11.0,2024
Picape,FIAT,TORO,VOLC T270 AT6,1.3-16V T,,S,E,F,6.6,7.9,9.2,11.0,2024
Picape,FIAT,TORO,ULTRA AT9 4X4,2.0 T,,S,E,D,\,\,10.1,12.4,2024
Picape,FIAT,TORO,FREEDOM AT9 4X4,2.0 T,,S,E,D,\,\,10.1,12.4,2024
Picape,FIAT,TORO,RANCH AT9 4X4,2.0 T,,S,E,D,\,\,10.5,13.0,2024
Picape,FIAT,TORO,VOLCANO AT9 4X4,2.0 T,,S,E,D,\,\,10.5,13.0,2024
Picape,FIAT,TITANO,ENDURANCE,2.2 T,,S,H,D,\,\,9.6,9.6,2024
Picape,FIAT,TITANO,VOLCANO,2.2 T,,S,H,D,\,\,8.6,9.3,2024
Picape,FIAT,TITANO,RANCH,2.2 T,,S,H,D,\,\,8.5,9.2,2024
Picape,FORD,Maverick,XLT,2.0 GTDi,,S,E,G,\,\,8.8,11.1,2024
Picape,FORD,Maverick,Lariat FX4,2.0 GTDi,,S,E,G,\,\,8.8,11.1,2024
Picape,FORD,F150,Lariat,5.0 - 32V,,S,E,G,\,\,6.3,8.6,2024
Picape,FORD,F150,Platinum,5.0 - 32V,,S,E,G,\,\,6.3,8.6,2024
Picape,FORD,Nova F150,Lariat Black,5.0 - 32V,,S,E,G,\,\,6.5,8.5,2024
Picape,FORD,Nova F150,Lariat Chrome,5.0 - 32V,,S,E,G,\,\,6.5,8.5,2024
Picape,FORD,Maverick,Hibrido Lariat,2.5 FHEV,,S,E,G,\,\,15.7,13.6,2024
Picape,FORD,Nova Ranger 4x4,XL,2.0 - 16V,,S,E,D,\,\,10.2,11.0,2024
Picape,FORD,Nova Ranger 4x4,XLS,2.0 - 16V,,S,E,D,\,\,10.2,11.0,2024
Picape,FORD,Nova Ranger 4x2,XLS,2.0 - 16V,,S,E,D,\,\,10.1,12.4,2024
Picape,FORD,Nova Ranger 4x2,Black,2.0 - 16V,,S,E,D,\,\,10.1,12.4,2024
Picape,FORD,Nova Ranger 4x4,XLS,2.0 - 16V,,S,E,D,\,\,10.0,11.5,2024
Picape,FORD,Nova Ranger 4x4,XLS,3.0 V6 - 24V,,S,E,D,\,\,8.9,10.2,2024
Picape,FORD,Nova Ranger 4x4,XLT,3.0 V6 - 24V,,S,E,D,\,\,8.9,10.2,2024
Picape,FORD,Nova Ranger 4x4,LTD,3.0 V6 - 24V,,S,E,D,\,\,8.9,10.2,2024
Picape,FORD,Nova Ranger 4x4,LTD+,3.0 V6 - 24V,,S,E,D,\,\,8.9,10.2,2024
Picape,FORD,Ranger Raptor,Raptor,3.0 V6 - 24V,,S,E,G,\,\,6.7,7.4,2024
Picape,JAC,IEV330P,IEV330,Elétrico,,S,E,E,\,\,\,\,2024
Picape,JAC,HUNTER,HUNTER AT,2.0-16V,,S,E-H,D,\,\,9.0,10.2,2024
Picape,JAC,HUNTER,HUNTER HD 4X4 AT,2.0-16V,,S,E-H,D,\,\,9.0,10.2,2024
Picape,JAC,HUNTER,HUNTER HD AT,2.0-16V,,S,E-H,D,\,\,9.0,10.2,2024
Picape,JAC,HUNTER,HUNTER HW AT,2.0-16V,,S,E-H,D,\,\,9.0,10.2,2024
,,,,,,,,,,,,,2024
,,,,,,,,,,,,,2024
,,,,,,"Sim
(S)
Não
(N)","Hidráulica
(H)
Mecânica
(M)
Elétrica
(E)
Eletro-hidráulica
(E-H)","Elétrico
(E)
Gasolina
(G)
Flex
(F)
Diesel
(D)",,,,,2024
,,,,,,,,,Etanol,,"Gasolina
ou
Diesel",,2024
,,,,,,,,,"Cidade
(km/l)","Estrada
(km/l)","Cidade
(km/l)","Estrada
(km/l)",2024
Picape,JEEP,GLADIATOR,RUBICON (MY25 PL8),3.6-24V,,S,E-H,G,\,\,6.3,7.1,2024
Picape,JEEP,GLADIATOR,RUBICON,3.6-24V,,S,E-H,G,\,\,6.5,7.4,2024
Picape,Mitsubishi,L200 Triton,GL,2.4-16V,,S,H,D,\,\,10.5,12.5,2024
Picape,Mitsubishi,L200 Triton,Outdoor GLX,2.4-16V,,S,H,D,\,\,10.5,12.5,2024
Picape,Mitsubishi,L200 Triton,GLS,2.4-16V,,S,H,D,\,\,9.8,11.1,2024
Picape,Mitsubishi,L200 Triton,Outdoor GLS,2.4-16V,,S,H,D,\,\,9.8,11.1,2024
Picape,Mitsubishi,L200 Triton Sport,GLS,2.4-16V,,S,H,D,\,\,10.3,11.1,2024
Picape,Mitsubishi,L200 Triton Sport,GLX,2.4-16V,,S,H,D,\,\,10.3,11.1,2024
Picape,Mitsubishi,L200 Triton Sport,GL,2.4-16V,,S,H,D,\,\,10.3,11.1,2024
Picape,Mitsubishi,L200 Triton Sport,GLS,2.4-16V,,S,H,D,\,\,9.3,10.3,2024
Picape,Mitsubishi,L200 Triton Sport,HPE,2.4-16V,,S,H,D,\,\,9.3,10.3,2024
Picape,Mitsubishi,L200 Triton Sport,HPE-S,2.4-16V,,S,H,D,\,\,9.3,10.3,2024
Picape,Mitsubishi,L200 Triton Sport,SAVANA,2.4-16V,,S,H,D,\,\,9.3,10.3,2024
Picape,Mitsubishi,L200 Triton Sport,OUTDOOR GLS,2.4-16V,,S,H,D,\,\,9.3,10.3,2024
Picape,Nissan,Frontier,S,2.3-16V,,S,H,D,\,\,10.0,10.9,2024
Picape,Nissan,Frontier,ATK,2.3-16V,,S,H,D,\,\,9.1,11.0,2024
Picape,Nissan,Frontier,PRO4X,2.3-16V,,S,H,D,\,\,9.1,11.0,2024
Picape,Nissan,Frontier,SE,2.3-16V,,S,H,D,\,\,9.1,11.0,2024
Picape,Nissan,Frontier,PLT,2.3-16V,,S,H,D,\,\,9.3,10.9,2024
Picape,Nissan,Frontier,XE,2.3-16V,,S,H,D,\,\,9.3,10.9,2024
Picape,RAM,CLASSIC,LARAMIE,5.7-16V,,S,E,G,\,\,5.2,6.4,2024
Picape,RAM,CLASSIC,RT,5.7-16V,,S,E,G,\,\,5.2,6.4,2024
Picape,RAM,CLASSIC,LARAMIE NIGHT EDITION,5.7-16V,,S,E,G,\,\,5.2,6.4,2024
Picape,RAM,RAMPAGE,LARAMIE DS,2.0-16V T,,S,E,D,\,\,9.9,12.4,2024
Picape,RAM,RAMPAGE,LARAMIE GAS,2.0-16V T,,S,E,G,\,\,7.8,9.7,2024
Picape,RAM,RAMPAGE,REBEL AT GAS,2.0-16V T,,S,E,G,\,\,7.9,9.7,2024
Picape,RAM,RAMPAGE,REBEL DS,2.0-16V T,,S,E,D,\,\,9.8,12.4,2024
Picape,RAM,RAMPAGE,REBEL DS,2.0-16V T,,S,E,D,\,\,9.5,11.8,2024
Picape,RAM,RAMPAGE,RT GAS,2.0-16V T,,S,E,G,\,\,8.0,10.0,2024
Picape,RAM,1500,REBEL HEMI CC,5.7-16V,,S,E-H,G,\,\,5.4,6.8,2024
Picape,RAM,1500,LIMITED HEMI,5.7-16V,,S,E-H,G,\,\,5.5,7.2,2024
Picape,RAM,1500,LIMITED NIGHT EDITION,5.7-16V,,S,E-H,G,\,\,5.5,7.2,2024
Picape,TOYOTA,HILUX DIESEL 4X4,SRX,2.8-16V,,S,H,D,\,\,10.1,11.3,2024
Picape,TOYOTA,HILUX DIESEL 4X4,SRV,2.8-16V,,S,H,D,\,\,10.1,11.3,2024
Picape,TOYOTA,HILUX DIESEL 4X4,SR,2.8-16V,,S,H,D,\,\,10.1,11.3,2024
Picape,TOYOTA,HILUX DIESEL 4X4,SC,2.8-16V,,S,H,D,\,\,10.4,11.6,2024
Picape,TOYOTA,HILUX DIESEL 4X4,CC,2.8-16V,,S,H,D,\,\,10.4,11.6,2024
Picape,TOYOTA,HILUX DIESEL 4X4,POWER PACK,2.8-16V,,S,H,D,\,\,10.3,11.8,2024
Picape,TOYOTA,HILUX DIESEL 4X4,SRX Plus,2.8-16V,,S,H,D,\,\,9.7,10.6,2024
Picape,TOYOTA,HILUX DIESEL 4X4,GRS (wide tread),2.8-16V,,S,H,D,\,\,9.5,10.7,2024
Picape,TOYOTA,HILUX DIESEL 4X4 MT,CHASSI MT,2.8-16V,,S,H,D,\,\,9.3,10.6,2024
Picape,TOYOTA,HILUX DIESEL 4X4 MT,CABINE SIMPLES MT,2.8-16V,,S,H,D,\,\,9.3,10.6,2024
Picape,TOYOTA,HILUX DIESEL 4X4 MT,POWER PACK MT,2.8-16V,,S,H,D,\,\,9.7,11.2,2024
Picape,TOYOTA,HILUX DIESEL 4X4 AT,CHASSI AT,2.8-16V,,S,H,D,\,\,9.3,10.0,2024
Picape,TOYOTA,HILUX DIESEL 4X4 AT,CABINE SIMPLES AT,2.8-16V,,S,H,D,\,\,9.3,10.0,2024
Picape,TOYOTA,HILUX DIESEL 4X4 AT,POWER PACK AT,2.8-16V,,S,H,D,\,\,9.3,10.0,2024
Picape,TOYOTA,HILUX DIESEL 4X4 AT,SR AT,2.8-16V,,S,H,D,\,\,9.3,10.0,2024
Picape,TOYOTA,HILUX DIESEL 4X4 AT,SRV AT,2.8-16V,,S,H,D,\,\,9.3,10.0,2024
Picape,TOYOTA,HILUX DIESEL 4X4 AT,SRX AT,2.8-16V,,S,H,D,\,\,9.3,10.0,2024
Picape,TOYOTA,HILUX DIESEL 4X4 AT,SRX PLUS AT,2.8-16V,,S,H,D,\,\,9.3,10.0,2024
Picape,VW,AMAROK,V6 COMFORT,3.0-24V,,S,H,D,\,\,9.0,9.7,2024
Picape,VW,AMAROK,V6 HIGH,3.0-24V,,S,H,D,\,\,9.0,9.7,2024
Picape,VW,AMAROK,V6 EXTREME,3.0-24V,,S,H,D,\,\,9.0,9.7,2024
Picape,VW,AMAROK,V6 HIGH (MY25),3.0 - 24V,,S,H,D,\,\,8.7,9.3,2024
Picape,VW,AMAROK,V6 EXTREME(MY25),3.0 - 24V,,S,H,D,\,\,8.7,9.3,2024
Picape,VW,AMAROK,V6 COMFORT(MY25),3.0 - 24V,,S,H,D,\,\,8.5,9.0,2024
,,,,,,"Sim
(S)
Não
(N)","Hidráulica
(H)
Mecânica
(M)
Elétrica
(E)
Eletro-hidráulica
(E-H)","Elétrico
(E)
Gasolina
(G)
Flex
(F)
Diesel
(D)",,,,,2024
,,,,,,,,,Etanol,,"Gasolina
ou
Diesel",,2024
,,,,,,,,,"Cidade
(km/l)","Estrada
(km/l)","Cidade
(km/l)","Estrada
(km/l)",2024
Esportivo,BMW,M3,Competition,3.0 - 24V,,S,E,G,\,\,7.3,9.4,2024
Esportivo,BMW,M3,CS,3.0 - 24V,,S,E,G,\,\,7.0,8.5,2024
Esportivo,BMW,M2,Coupe,3.0 - 24V,,S,E,G,\,\,7.5,9.2,2024
Esportivo,BMW,M2,Coupe Track,3.0 - 24V,,S,E,G,\,\,7.5,9.2,2024
Esportivo,BMW,M4,CS,3.0 - 24V,,S,E,G,\,\,7.2,9.5,2024
Esportivo,BMW,M3,Competition (MY25),3.0 - 24V,,S,E,G,\,\,7.0,9.3,2024
Esportivo,BMW,M3,COMP TRACK (MY25),3.0 - 24V,,S,E,G,\,\,7.0,9.3,2024
Esportivo,BMW,M2,Coupe / Coupe Track (MY25),3.0 - 24V,,S,E,G,\,\,7.2,9.3,2024
Esportivo,CHEVROLET,CAMARO,2SS CONV,6.2L - 16V,,S,E,G,\,\,6.1,9.0,2024
Esportivo,CHEVROLET,CAMARO,2SS,6.2L - 16V,,S,E,G,\,\,6.2,9.4,2024
Esportivo,FERRARI,ROMA,--,3.9-32V,,S,E,G,\,\,6.9,8.3,2024
Esportivo,FERRARI,296,GTB,3.0-24V,,S,E,G,\,\,6.3,8.4,2024
Esportivo,FERRARI,PUROSANGUE,--,6.5-48V,,S,E,G,\,\,4.1,5.6,2024
Esportivo,FERRARI,296,GTS,3.0-24V,,S,E,G,\,\,6.0,8.0,2024
Esportivo,FORD,Mustang,Mach 1,5.0 - 32V,,S,E,G,\,\,6.1,8.8,2024
Esportivo,FORD,Novo Mustang,NEW GT V8,5.0 V8 - 32V,,S,E,G,\,\,6.2,8.3,2024
Esportivo,HONDA,CIVIC,TYPE-R,2.0T - 16V,,S,E,G,\,\,8.8,11.1,2024
Esportivo,JAGUAR,F-TYPE,300RD CP,2.0-16V,,S,E,G,\,\,8.8,11.0,2024
Esportivo,JAGUAR,F-TYPE,300RD CB,2.0-16V,,S,E,G,\,\,8.8,11.0,2024
Esportivo,JAGUAR,F-TYPE,300CB 75,2.0-16V,,S,E,G,\,\,8.8,11.0,2024
Esportivo,JAGUAR,F-TYPE,300CP 75,2.0-16V,,S,E,G,\,\,8.8,11.0,2024
Esportivo,LAMBORGHINI,HURACAN,TECNICA,5.2 - 40V,,S,E,G,\,\,5.3,6.9,2024
Esportivo,Mercedes-Benz,AMG SL63S EP,,4.0-32V,,S,E,G,\,\,6.2,7.5,2024
Esportivo,MCLAREN,ARTURA,----,3.0-24V,,S,E,G,\,\,6.6,8.3,2024
Esportivo,PORSCHE,BOXSTER,--,2.0-16V,,S,E,G,\,\,7.9,10.0,2024
Esportivo,PORSCHE,BOXSTER,T,2.0-16V,,S,E,G,\,\,7.9,10.0,2024
Esportivo,PORSCHE,BOXSTER,STYLE,2.0-16V,,S,E,G,\,\,7.9,10.0,2024
Esportivo,PORSCHE,BOXSTER,GTS4.0,4.0-24V,,S,E,G,\,\,7.1,8.9,2024
Esportivo,PORSCHE,BOXSTER,25 ANOS,4.0-24V,,S,E,G,\,\,7.1,8.9,2024
Esportivo,PORSCHE,BOXSTER,SPYDER,4.0-24V,,S,E,G,\,\,6.8,8.4,2024
Esportivo,PORSCHE,"BOXSTER ( Produção
Semana 12+/24 )",,2.0-16V,,S,E,G,\,\,8.2,10.0,2024
Esportivo,PORSCHE,"BOXSTER ( Produção
Semana 12+/24 )",T,2.0-16V,,S,E,G,\,\,8.2,10.0,2024
Esportivo,PORSCHE,"BOXSTER ( Produção
Semana 12+/24 )",STYLE,2.0-16V,,S,E,G,\,\,8.2,10.0,2024
Esportivo,PORSCHE,CAYMAN,--,2.0-16V,,S,E,G,\,\,7.9,10.0,2024
Esportivo,PORSCHE,CAYMAN,T,2.0-16V,,S,E,G,\,\,7.9,10.0,2024
Esportivo,PORSCHE,CAYMAN,STYLE,2.0-16V,,S,E,G,\,\,7.9,10.0,2024
Esportivo,PORSCHE,CAYMAN,GTS 4.0,4.0-24V,,S,E,G,\,\,7.1,8.9,2024
Esportivo,PORSCHE,CAYMAN,GT4 RS,4.0-24V,,S,E,G,\,\,5.6,7.1,2024
Esportivo,PORSCHE,"CAYMAN ( Produção
Semana 12+/24 )",,2.0-16V,,S,E,G,\,\,8.2,10.0,2024
Esportivo,PORSCHE,"CAYMAN ( Produção
Semana 12+/24 )",T,2.0-16V,,S,E,G,\,\,8.2,10.0,2024
Esportivo,PORSCHE,"CAYMAN ( Produção
Semana 12+/24 )",STYLE,2.0-16V,,S,E,G,\,\,8.2,10.0,2024
Esportivo,PORSCHE,911,CARRERA,3.0-24V,,S,E,G,\,\,7.0,9.9,2024
Esportivo,PORSCHE,911,CARRERA C,3.0-24V,,S,E,G,\,\,7.0,9.9,2024
Esportivo,PORSCHE,911,CARRERA T,3.0-24V,,S,E,G,\,\,7.0,9.9,2024
Esportivo,PORSCHE,911,CARRERA S,3.0-24V,,S,E,G,\,\,7.3,8.9,2024
Esportivo,PORSCHE,911,CARRERA SC,3.0-24V,,S,E,G,\,\,7.3,8.9,2024
Esportivo,PORSCHE,911,CARRERA GTS,3.0-24V,,S,E,G,\,\,6.8,8.6,2024
Esportivo,PORSCHE,911,CARRERA 4 GTS,3.0-24V,,S,E,G,\,\,6.8,8.6,2024
Esportivo,PORSCHE,911,CARRERA GTS CA,3.0-24V,,S,E,G,\,\,6.9,8.7,2024
Esportivo,PORSCHE,911,TARGA 4GTS,3.0-24V,,S,E,G,\,\,6.9,8.7,2024
Esportivo,PORSCHE,911,CARRERA 4GTS CA,3.0-24V,,S,E,G,\,\,6.9,8.7,2024
Esportivo,PORSCHE,911,TARGA 50Y,3.0-24V,,S,E,G,\,\,6.9,8.7,2024
Esportivo,PORSCHE,911,GT3 RS,4.0-24V,,S,E,G,\,\,5.4,6.9,2024
Esportivo,PORSCHE,911,TURBO S,3.7-24V,,S,E,G,\,\,5.4,7.6,2024
Esportivo,PORSCHE,911,TURBO S CA,3.7-24V,,S,E,G,\,\,5.4,7.6,2024
Esportivo,PORSCHE,911,TURBO,3.7-24V,,S,E,G,\,\,5.5,7.8,2024
Esportivo,PORSCHE,911,TURBO CAB,3.7-24V,,S,E,G,\,\,5.5,7.8,2024
Esportivo,PORSCHE,PANAMERA,4SEHS,2.9-24V,,S,E,G,\,\,7.5,8.1,2024
Esportivo,PORSCHE,PANAMERA,4SEHY,2.9-24V,,S,E,G,\,\,7.5,8.1,2024
Esportivo,PORSCHE,PANAMERA,TSEHY,4.0-32V,,S,E,G,\,\,6.6,7.2,2024
Esportivo,PORSCHE,PANAMERA,4EHST,2.9-24V,,S,E,G,\,\,7.3,7.9,2024
Esportivo,PORSCHE,PANAMERA,4EHYB,2.9-24V,,S,E,G,\,\,7.3,7.9,2024
Esportivo,PORSCHE,PANAMERA,4EHYB (MY25),2.9-24V,,S,E,G,\,\,8.0,9.2,2024
Esportivo,PORSCHE,PANAMERA,4SEHY (MY25),2.9-24V,,S,E,G,\,\,8.1,9.4,2024
Esportivo,PORSCHE,TAYCAN,4S,Elétrico,,S,E,E,\,\,\,\,2024
Esportivo,PORSCHE,TAYCAN,TURBO,Elétrico,,S,E,E,\,\,\,\,2024
Esportivo,PORSCHE,TAYCAN,TURBO S,Elétrico,,S,E,E,\,\,\,\,2024
Esportivo,PORSCHE,TAYCAN,4CT,Elétrico,,S,E,E,\,\,\,\,2024
Esportivo,PORSCHE,TAYCAN,--,Elétrico,,S,E,E,\,\,\,\,2024
Esportivo,PORSCHE,TAYCAN,4GTS,Elétrico,,S,E,E,\,\,\,\,2024
Esportivo,PORSCHE,TAYCAN,4S CT,Elétrico,,S,E,E,\,\,\,\,2024
Esportivo,PORSCHE,TAYCAN,4S (MY25),Elétrico,,S,E,E,\,\,\,\,2024
Esportivo,PORSCHE,TAYCAN (MY25),_,Elétrico,,S,E,E,\,\,\,\,2024
Esportivo,PORSCHE,TAYCAN,TURBO S (MY25),Elétrico,,S,E,E,\,\,\,\,2024
Esportivo,PORSCHE,TAYCAN,TURBOCT (MY25),Elétrico,,S,E,E,\,\,\,\,2024
Esportivo,PORSCHE,TAYCAN,4S CT (MY25),Elétrico,,S,E,E,\,\,\,\,2024
Esportivo,PORSCHE,TAYCAN,4CT (MY25),Elétrico,,S,E,E,\,\,\,\,2024